Statement,Header,Field Name,Field Value
Statement,Data,Title,Activity Statement
Statement,Data,Period,"April 1, 2025 - March 31, 2026"
Statement,Data,WhenGenerated,"2026-08-21, 04:17:20 EDT"
Account Information,Header,Field Name,Field Value
Account Information,Data,Name,Vinodkrishna Poyyale
Account Information,Data,Account,U15388294
Account Information,Data,Investment Advisor,MATCAP WEALTH ADVISORS PRIVATE LIMITED
Account Information,Data,Account Type,Advisor Client
Account Information,Data,Customer Type,Individual
Account Information,Data,Account Capabilities,Cash
Account Information,Data,Base Currency,USD
Net Asset Value,Header,Asset Class,Prior Total,Current Long,Current Short,Current Total,Change
Net Asset Value,Data,Cash ,7869.252102559,3203.542828914,0,3203.542828914,-4665.709273645
Net Asset Value,Data,Stock,20072.29704,42077.917644,0,42077.917644,22005.620604
Net Asset Value,Data,Dividend Accruals,3.24,43.0472212,0,43.0472212,39.8072212
Net Asset Value,Data,Total,27944.789142559,45324.507694114,0,45324.507694114,17379.718551555
Net Asset Value,Header,Time Weighted Rate of Return
Net Asset Value,Data,20.671781312%
Change in NAV,Header,Field Name,Field Value
Change in NAV,Data,Starting Value,27944.789142559
Change in NAV,Data,Mark-to-Market,5850.56295099
Change in NAV,Data,Deposits & Withdrawals,11447.739094
Change in NAV,Data,Dividends,726.211964
Change in NAV,Data,Withholding Tax,-89.8389605
Change in NAV,Data,Change in Dividend Accruals,41.0687614
Change in NAV,Data,Interest,-0.13
Change in NAV,Data,Advisor Fees,-560.77
Change in NAV,Data,Commissions,-33.749005
Change in NAV,Data,Transaction Fees,-0.114714262
Change in NAV,Data,Other FX Translations,-1.2615402
Change in NAV,Data,Ending Value,45324.507694114
Mark-to-Market Performance Summary,Header,Asset Category,Symbol,Prior Quantity,Current Quantity,Prior Price,Current Price,Mark-to-Market P/L Position,Mark-to-Market P/L Transaction,Mark-to-Market P/L Commissions,Mark-to-Market P/L Other,Mark-to-Market P/L Total,Code
Mark-to-Market Performance Summary,Data,Stocks,3088,0,600,--,5.8900,-31.42764,-9.28296,-2.334894193,1.54188,-41.503614193,
Mark-to-Market Performance Summary,Data,Stocks,3110,0,300,--,31.5400,97.62204,-1.52868,-2.324649918,72.3894,166.158110082,
Mark-to-Market Performance Summary,Data,Stocks,3188,0,200,--,52.7800,297.82336,-3.09432,-2.351076713,14.70326,307.081223287,
Mark-to-Market Performance Summary,Data,Stocks,3416,0,1000,--,9.3700,-165.01065,3.8217,-2.331613437,144.8383,-18.682263437,
Mark-to-Market Performance Summary,Data,Stocks,4568.T,100,100,"3,511.0000","2,766.0000",-464.11516,0,0,21.1705785,-442.9445815,
Mark-to-Market Performance Summary,Data,Stocks,AEP,0,6,--,131.0800,101.7,-5.64,-1,4.27,99.33,
Mark-to-Market Performance Summary,Data,Stocks,AIR,6,12,162.7800,160.8200,15.36216,3.95502,-3.4095,17.38692,33.2946,
Mark-to-Market Performance Summary,Data,Stocks,AMZN,5.5,5.5,190.2600,208.2700,99.06,0,0,0,99.06,
Mark-to-Market Performance Summary,Data,Stocks,AXP,2,4,269.0500,302.4800,101.38,1.2,-1.000092,8.61,110.189908,
Mark-to-Market Performance Summary,Data,Stocks,BAC,14,14,41.7300,48.7500,98.28,0,0,11.55,109.83,
Mark-to-Market Performance Summary,Data,Stocks,BLBD,15,15,32.3700,56.7900,366.3,0,0,0,366.3,
Mark-to-Market Performance Summary,Data,Stocks,BNO,0,40,--,52.0100,-36.4,38.8,-1,0,1.4,
Mark-to-Market Performance Summary,Data,Stocks,BX,6,12,139.7800,114.9900,-275.52,0.7374,-1.000276,43.7,-232.082876,
Mark-to-Market Performance Summary,Data,Stocks,CAT,3,3,329.8000,708.4600,1135.98,0,0,13.37,1149.35,
Mark-to-Market Performance Summary,Data,Stocks,COPX,0,12,--,76.3500,98.52,-21.72,-1,15.06,90.86,
Mark-to-Market Performance Summary,Data,Stocks,GD,2,2,272.5800,343.2200,141.28,0,0,9,150.28,
Mark-to-Market Performance Summary,Data,Stocks,GE,6,6,200.1500,283.7700,501.72,0,0,6.48,508.2,
Mark-to-Market Performance Summary,Data,Stocks,LLY,1.72,1.72,825.9100,919.7700,161.43,0,0,8.02,169.45,
Mark-to-Market Performance Summary,Data,Stocks,MCHI,12,12,54.4000,56.1800,21.36,0,0,11.44,32.8,
Mark-to-Market Performance Summary,Data,Stocks,META,0,2,--,572.1300,-144.2,-11.54,-1,1.58,-155.16,
Mark-to-Market Performance Summary,Data,Stocks,MSFT,3,3,375.3900,370.1700,-15.66,0,0,7.84,-7.82,
Mark-to-Market Performance Summary,Data,Stocks,NFLX,1.11,20,932.5300,96.1500,40.699,-2.66,-1,0,37.039,
Mark-to-Market Performance Summary,Data,Stocks,RTX,5,5,132.4600,192.9000,302.2,0,0,10.2,312.4,
Mark-to-Market Performance Summary,Data,Stocks,SHELL,19,38,33.9250,40.2300,394.4403895,0.5398375,-3.4095,0,391.570727,
Mark-to-Market Performance Summary,Data,Stocks,SHELL.DDR,0,0,--,--,0,0,0,14.163978,14.163978,
Mark-to-Market Performance Summary,Data,Stocks,SHELL.DRS,0,0,--,--,0,0,0,13.77629,13.77629,
Mark-to-Market Performance Summary,Data,Stocks,SHELL.DVD,0,0,--,--,0,0,0,6.900488,6.900488,
Mark-to-Market Performance Summary,Data,Stocks,SHELL1.DI,0,0,--,--,0,0,0,13.664403,13.664403,
Mark-to-Market Performance Summary,Data,Stocks,SIE,3,3,211.9000,205.7000,-17.612277,0,0,13.927506,-3.684771,
Mark-to-Market Performance Summary,Data,Stocks,SLV,45,45,30.9900,68.1400,1671.75,0,0,0,1671.75,
Mark-to-Market Performance Summary,Data,Stocks,TGT,9,20,104.3600,121.2000,467.92,-7.59,-1.000297,49.45,508.779703,
Mark-to-Market Performance Summary,Data,Stocks,TIP,12,12,111.0900,110.3600,-8.76,0,0,45.63,36.87,
Mark-to-Market Performance Summary,Data,Stocks,TSM,3,3,166.0000,337.9500,515.85,0,0,7.3,523.15,
Mark-to-Market Performance Summary,Data,Stocks,URA,0,30,--,48.4300,71.4,-92.1,-1,46.9,25.2,
Mark-to-Market Performance Summary,Data,Stocks,V,0,3,--,302.2400,-136.77,-0.51,-1,1.51,-136.77,
Mark-to-Market Performance Summary,Data,Stocks,ZEALc,0,6,--,295.0000,-186.00798,-6.318636,-7.70182,0,-200.028436,
Mark-to-Market Performance Summary,Data,Total,,,,,,5220.5932425,-112.9306385,-33.863719262,636.3730035,5710.171888238,
Mark-to-Market Performance Summary,Data,Forex,CHF,6936.633695179,2311.094434476,1.1307,1.2510,709.20274229,11.850309,0,0,721.05305129,
Mark-to-Market Performance Summary,Data,Forex,CNH,0,106,--,0.14517,0.68476,0,0,0,0.68476,
Mark-to-Market Performance Summary,Data,Forex,DKK,0,0.000000003,--,0.15464,-5.029044,0.841158,0,0,-4.187886,
Mark-to-Market Performance Summary,Data,Forex,EUR,17.79,47.41,1.0815,1.1553,177.043239,0,0,0,177.043239,
Mark-to-Market Performance Summary,Data,Forex,HKD,0,1706,--,0.12755,-15.95285,-1.048595,0,0,-17.001445,
Mark-to-Market Performance Summary,Data,Forex,JPY,0.000000079,3303.000000079,0.006668,0.0063004,-134.6893573,0,0,0,-134.6893573,
Mark-to-Market Performance Summary,Data,Forex,USD,6.76049842,3.792377184,1.0000,1.0000,0,-0.002015,0,0,-0.002015,
Mark-to-Market Performance Summary,Data,Total,,,,,,731.25948999,11.640857,0,0,742.90034699,
Mark-to-Market Performance Summary,Data,Total (All Assets),,,,,,5951.85273249,-101.2897815,-33.863719262,636.3730035,6453.072235228,
Mark-to-Market Performance Summary,Data,Broker Interest Paid and Received,,,,,,,,,,-0.13,
Mark-to-Market Performance Summary,Data,Advisor Fees,,,,,,,,,,-560.77,
Total P/L for Statement Period,,,,,,,,,,,,5892.172235228,
Realized & Unrealized Performance Summary,Header,Asset Category,Symbol,Cost Adj.,Realized S/T Profit,Realized S/T Loss,Realized L/T Profit,Realized L/T Loss,Realized Total,Unrealized S/T Profit,Unrealized S/T Loss,Unrealized L/T Profit,Unrealized L/T Loss,Unrealized Total,Total,Code
Realized & Unrealized Performance Summary,Data,Stocks,3088,0,0,0,0,0,0,0,-42.870802694,0,0,-42.870802694,-42.870802694,
Realized & Unrealized Performance Summary,Data,Stocks,3110,0,0,0,0,0,0,93.334930355,0,0,0,93.334930355,93.334930355,
Realized & Unrealized Performance Summary,Data,Stocks,3188,0,0,0,0,0,0,291.039087995,0,0,0,291.039087995,291.039087995,
Realized & Unrealized Performance Summary,Data,Stocks,3416,0,0,0,0,0,0,0,-163.04754191,0,0,-163.04754191,-163.04754191,
Realized & Unrealized Performance Summary,Data,Stocks,4568.T,0,0,0,0,0,0,0,0,0,-486.28251312,-486.28251312,-486.28251312,
Realized & Unrealized Performance Summary,Data,Stocks,AEP,0,0,0,0,0,0,95.06,0,0,0,95.06,95.06,
Realized & Unrealized Performance Summary,Data,Stocks,AIRd,0,0,0,0,0,0,24.95448,0,0,-15.804504,9.149976,9.149976,
Realized & Unrealized Performance Summary,Data,Stocks,AMZN,0,0,0,0,0,0,0,0,0,-111.462753,-111.462753,-111.462753,
Realized & Unrealized Performance Summary,Data,Stocks,AXP,0,0,0,0,0,0,34.719908,0,0,-30.840092,3.879816,3.879816,
Realized & Unrealized Performance Summary,Data,Stocks,BAC,0,0,0,0,0,0,0,0,22.309356,0,22.309356,22.309356,
Realized & Unrealized Performance Summary,Data,Stocks,BLBD,0,0,0,0,0,0,0,0,238.849475,0,238.849475,238.849475,
Realized & Unrealized Performance Summary,Data,Stocks,BNO,0,0,0,0,0,0,2.22,-0.82,0,0,1.4,1.4,
Realized & Unrealized Performance Summary,Data,Stocks,BX,-16.60799993,0,0,0,0,0,0,-120.124876,0,-382.624276,-502.749152,-502.749152,
Realized & Unrealized Performance Summary,Data,Stocks,CAT,0,0,0,0,0,0,0,0,947.664862,0,947.664862,947.664862,
Realized & Unrealized Performance Summary,Data,Stocks,COPX,0,0,0,0,0,0,75.8,0,0,0,75.8,75.8,
Realized & Unrealized Performance Summary,Data,Stocks,GD,0,0,0,0,0,0,0,0,140.009908,0,140.009908,140.009908,
Realized & Unrealized Performance Summary,Data,Stocks,GE,0,0,0,0,0,0,0,0,587.182724,0,587.182724,587.182724,
Realized & Unrealized Performance Summary,Data,Stocks,LLY,0,0,0,0,0,0,0,0,323.834721,0,323.834721,323.834721,
Realized & Unrealized Performance Summary,Data,Stocks,MCHI,0,0,0,0,0,0,0,0,117.805448,0,117.805448,117.805448,
Realized & Unrealized Performance Summary,Data,Stocks,META,0,0,0,0,0,0,0,-156.74,0,0,-156.74,-156.74,
Realized & Unrealized Performance Summary,Data,Stocks,MSFT,0,0,0,0,0,0,0,0,0,-172.179638,-172.179638,-172.179638,
Realized & Unrealized Performance Summary,Data,Stocks,NFLX,0,0,0,0,0,0,4.884,0,106.293049,0,111.177049,111.177049,
Realized & Unrealized Performance Summary,Data,Stocks,R6C0d,0,0,0,0,0,0,243.698982,0,174.33477,0,418.033752,418.033752,
Realized & Unrealized Performance Summary,Data,Stocks,RTX,0,0,0,0,0,0,0,0,343.17477,0,343.17477,343.17477,
Realized & Unrealized Performance Summary,Data,Stocks,SIE,0,0,0,0,0,0,0,0,3.4659,0,3.4659,3.4659,
Realized & Unrealized Performance Summary,Data,Stocks,SLV,0,0,0,0,0,0,0,0,1809.12293,0,1809.12293,1809.12293,
Realized & Unrealized Performance Summary,Data,Stocks,TGT,0,0,0,0,0,0,307.769703,0,0,-131.770414,175.999289,175.999289,
Realized & Unrealized Performance Summary,Data,Stocks,TIP,0,0,0,0,0,0,0,0,35.845448,0,35.845448,35.845448,
Realized & Unrealized Performance Summary,Data,Stocks,TSM,0,0,0,0,0,0,0,0,372.409862,0,372.409862,372.409862,
Realized & Unrealized Performance Summary,Data,Stocks,URA,0,0,0,0,0,0,0,-21.7,0,0,-21.7,-21.7,
Realized & Unrealized Performance Summary,Data,Stocks,V,0,0,0,0,0,0,0,-138.28,0,0,-138.28,-138.28,
Realized & Unrealized Performance Summary,Data,Stocks,ZEALc,0,0,0,0,0,0,0,-197.32064,0,0,-197.32064,-197.32064,
Realized & Unrealized Performance Summary,Data,Total,,-16.60799993,0,0,0,0,0,1173.481091351,-840.903860604,5222.303223,-1330.96419012,4223.916263626,4223.916263626,
Realized & Unrealized Performance Summary,Data,Forex,CHF,0,884.60346,-0.062906,0,0,884.540554,0.803242,-4.695178,0,0,-3.891936,880.648618,
Realized & Unrealized Performance Summary,Data,Forex,CNH,0,0,0,0,0,0,0.68476,0,0,0,0.68476,0.68476,
Realized & Unrealized Performance Summary,Data,Forex,DKK,0,0.010886,-0.000396,0,0,0.01049,0,0,0,0,0,0.01049,
Realized & Unrealized Performance Summary,Data,Forex,EUR,0,3.380473,-0.05166,0,0,3.328813,0.111566,-0.868412,0,0,-0.756846,2.571967,
Realized & Unrealized Performance Summary,Data,Forex,HKD,0,0,-1.063933,0,0,-1.063933,0.024,-1.19328,0,0,-1.16928,-2.233213,
Realized & Unrealized Performance Summary,Data,Forex,JPY,0,0,0,0,0,0,0,-0.360357,0,0,-0.360357,-0.360357,
Realized & Unrealized Performance Summary,Data,Total,,0,887.994819,-1.178895,0,0,886.815924,1.623568,-7.117227,0,0,-5.493659,881.322265,
Realized & Unrealized Performance Summary,Data,Total (All Assets),,-16.60799993,887.994819,-1.178895,0,0,886.815924,1175.104659351,-848.021087604,5222.303223,-1330.96419012,4218.422604626,5105.238528626,
Month & Year to Date Performance Summary,Header,Asset Category,Symbol,Description,Mark-to-Market MTD,Mark-to-Market YTD,Realized S/T MTD,Realized S/T YTD,Realized L/T MTD,Realized L/T YTD
Month & Year to Date Performance Summary,Data,Stocks,3088,CHINAAMC HANG SENG TECH,-48.28356,-83.90133,0,0,0,0
Month & Year to Date Performance Summary,Data,Stocks,3110,GLOBAL X HS HIGH DIV YIE,-87.37614,54.82938,0,0,0,0
Month & Year to Date Performance Summary,Data,Stocks,3188,CHINAAMC ETF SERIES - CH,-95.08264,-13.5978,0,0,0,0
Month & Year to Date Performance Summary,Data,Stocks,3416,GLOBAL X HSCEI COVERED CALL,-43.38485,-80.31615,0,0,0,0
Month & Year to Date Performance Summary,Data,Stocks,4568.T,DAIICHI SANKYO CO LTD,-188.57281,-370.29146,0,0,0,0
Month & Year to Date Performance Summary,Data,Stocks,AEP,AMERICAN ELECTRIC POWER,-12.17,98.89,0,0,0,0
Month & Year to Date Performance Summary,Data,Stocks,AIR,AIRBUS SE,-324.325656,-527.365068,0,0,0,0
Month & Year to Date Performance Summary,Data,Stocks,AMZN,AMAZON.COM INC,-9.51,-124.02,0,0,0,0
Month & Year to Date Performance Summary,Data,Stocks,AXP,AMERICAN EXPRESS CO,-25.68,-267.42,0,0,0,0
Month & Year to Date Performance Summary,Data,Stocks,BAC,BANK OF AMERICA CORP,-12.18,-84.56,0,0,0,0
Month & Year to Date Performance Summary,Data,Stocks,BLBD,BLUE BIRD CORP,-22.2,146.85,0,0,0,0
Month & Year to Date Performance Summary,Data,Stocks,BNO,UNITED STATES BRENT OIL FUND,1.4,1.4,0,0,0,0
Month & Year to Date Performance Summary,Data,Stocks,BX,BLACKSTONE INC,19.44,-451.16,0,0,0,0
Month & Year to Date Performance Summary,Data,Stocks,CAT,CATERPILLAR INC,-103.11,410.17,0,0,0,0
Month & Year to Date Performance Summary,Data,Stocks,COPX,GLOBAL X COPPER MINERS ETF,-232.2,69.78,0,0,0,0
Month & Year to Date Performance Summary,Data,Stocks,GD,GENERAL DYNAMICS CORP,-27.66,15.37,0,0,0,0
Month & Year to Date Performance Summary,Data,Stocks,GE,GENERAL ELECTRIC,-350.94,-143.94,0,0,0,0
Month & Year to Date Performance Summary,Data,Stocks,LLY,ELI LILLY & CO,-225.19,-264.22,0,0,0,0
Month & Year to Date Performance Summary,Data,Stocks,MCHI,ISHARES MSCI CHINA ETF,-34.56,-46.67,0,0,0,0
Month & Year to Date Performance Summary,Data,Stocks,META,META PLATFORMS INC-CLASS A,-151.31,-175.13,0,0,0,0
Month & Year to Date Performance Summary,Data,Stocks,MSFT,MICROSOFT CORP,-65.66,-338.3,0,0,0,0
Month & Year to Date Performance Summary,Data,Stocks,NFLX,NETFLIX INC,-1.8,47.8,0,0,0,0
Month & Year to Date Performance Summary,Data,Stocks,RTX,RTX CORP,-46.05,50.05,0,0,0,0
Month & Year to Date Performance Summary,Data,Stocks,SHELL,SHELL PLC,217.666204,388.980844,0,0,0,0
Month & Year to Date Performance Summary,Data,Stocks,SHELL.DDR,SHELL PLC - DIVIDEND RIGHTS,14.163978,14.163978,0,0,0,0
Month & Year to Date Performance Summary,Data,Stocks,SIE,SIEMENS AG-REG,-144.70131,-102.238719,0,0,0,0
Month & Year to Date Performance Summary,Data,Stocks,SLV,ISHARES SILVER TRUST,-758.25,167.4,0,0,0,0
Month & Year to Date Performance Summary,Data,Stocks,TGT,TARGET CORP,165.3,486.1,0,0,0,0
Month & Year to Date Performance Summary,Data,Stocks,TIP,ISHARES TIPS BOND ETF,-18.24,16.82,0,0,0,0
Month & Year to Date Performance Summary,Data,Stocks,TSM,TAIWAN SEMICONDUCTOR-SP ADR,-109.89,104.07,0,0,0,0
Month & Year to Date Performance Summary,Data,Stocks,URA,GLOBAL X URANIUM ETF,-177.3,217.9,0,0,0,0
Month & Year to Date Performance Summary,Data,Stocks,V,VISA INC-CLASS A SHARES,-52.19,-143.9,0,0,0,0
Month & Year to Date Performance Summary,Data,Stocks,ZEAL,ZEALAND PHARMA A/S,-64.313862,-161.09022,0,0,0,0
Month & Year to Date Performance Summary,Data,Total,,,-3014.160646,-1087.546545,0,0,0,0
Month & Year to Date Performance Summary,Data,Total (All Assets),,,-3014.160646,-1087.546545,0,0,0,0
Cash Report,Header,Currency Summary,Currency,Total,Securities,Futures,Month to Date,Year to Date,
Cash Report,Data,Starting Cash,Base Currency Summary,7869.252102559,7869.252102559,0,,,
Cash Report,Data,Commissions,Base Currency Summary,-33.749005,-33.749005,0,-1,-1,
Cash Report,Data,Deposits,Base Currency Summary,11447.739094,11447.739094,0,0,0,
Cash Report,Data,Dividends,Base Currency Summary,726.211964,726.211964,0,87.372778,258.019093,
Cash Report,Data,Broker Interest Paid and Received,Base Currency Summary,-0.13,-0.13,0,0,-0.04,
Cash Report,Data,Trades (Sales),Base Currency Summary,21799.905995808,21799.905995808,0,2057.5,2195.43111389,
Cash Report,Data,Trades (Purchase),Base Currency Summary,-38663.556392619,-38663.556392619,0,-4135.39017065,-4273.33125018,
Cash Report,Data,Advisor Fees,Base Currency Summary,-560.77,-560.77,0,-54.04,-172.48,
Cash Report,Data,Transaction Fees,Base Currency Summary,-0.114714262,-0.114714262,0,0,0,
Cash Report,Data,Withholding Tax,Base Currency Summary,-89.8389605,-89.8389605,0,-11.15,-28.324209,
Cash Report,Data,Cash FX Translation Gain/Loss,Base Currency Summary,708.59274499,708.59274499,0,,,
Cash Report,Data,Ending Cash,Base Currency Summary,3203.542828914,3203.542828914,0,,,
Cash Report,Data,Ending Settled Cash,Base Currency Summary,3203.542828914,3203.542828914,0,,,
Cash Report,Data,Starting Cash,CHF,6936.633695179,6936.633695179,0,,,
Cash Report,Data,Deposits,CHF,9110.09,9110.09,0,0,0,
Cash Report,Data,Trades (Sales),CHF,255.67140885,255.67140885,0,0,36.45829307,
Cash Report,Data,Trades (Purchase),CHF,-13991.30066956,-13991.30066956,0,-1621.26885,-1694.19514807,
Cash Report,Data,Ending Cash,CHF,2311.094434476,2311.094434476,0,,,
Cash Report,Data,Ending Settled Cash,CHF,2311.094434476,2311.094434476,0,,,
Cash Report,Data,Starting Cash,CNH,0,0,0,,,
Cash Report,Data,Dividends,CNH,106,106,0,0,0,
Cash Report,Data,Ending Cash,CNH,106,106,0,,,
Cash Report,Data,Ending Settled Cash,CNH,106,106,0,,,
Cash Report,Data,Starting Cash,DKK,0,0,0,,,
Cash Report,Data,Commissions,DKK,-49,-49,0,0,0,
Cash Report,Data,Trades (Sales),DKK,3053.53132,3053.53132,0,0,0,
Cash Report,Data,Trades (Purchase),DKK,-3004.53132,-3004.53132,0,0,0,
Cash Report,Data,Ending Cash,DKK,0.000000003,0.000000003,0,,,
Cash Report,Data,Ending Settled Cash,DKK,0.000000003,0.000000003,0,,,
Cash Report,Data,Starting Cash,EUR,17.79,17.79,0,,,
Cash Report,Data,Commissions,EUR,-6,-6,0,0,0,
Cash Report,Data,Dividends,EUR,75.6,75.6,0,12.26,28.31,
Cash Report,Data,Trades (Sales),EUR,1463.67,1463.67,0,0,0,
Cash Report,Data,Trades (Purchase),EUR,-1496.72,-1496.72,0,0,0,
Cash Report,Data,Withholding Tax,EUR,-6.93,-6.93,0,0,-4.23,
Cash Report,Data,Ending Cash,EUR,47.41,47.41,0,,,
Cash Report,Data,Ending Settled Cash,EUR,47.41,47.41,0,,,
Cash Report,Data,Starting Cash,HKD,0,0,0,,,
Cash Report,Data,Commissions,HKD,-72,-72,0,0,0,
Cash Report,Data,Dividends,HKD,1706,1706,0,224,504,
Cash Report,Data,Trades (Sales),HKD,31523.0230943,31523.0230943,0,0,0,
Cash Report,Data,Trades (Purchase),HKD,-31450.1267693,-31450.1267693,0,0,0,
Cash Report,Data,Transaction Fees,HKD,-0.896325,-0.896325,0,0,0,
Cash Report,Data,Ending Cash,HKD,1706,1706,0,,,
Cash Report,Data,Ending Settled Cash,HKD,1706,1706,0,,,
Cash Report,Data,Starting Cash,JPY,0.000000079,0.000000079,0,,,
Cash Report,Data,Dividends,JPY,3900,3900,0,0,0,
Cash Report,Data,Withholding Tax,JPY,-597,-597,0,0,0,
Cash Report,Data,Ending Cash,JPY,3303.000000079,3303.000000079,0,,,
Cash Report,Data,Ending Settled Cash,JPY,3303.000000079,3303.000000079,0,,,
Cash Report,Data,Starting Cash,USD,6.76049842,6.76049842,0,,,
Cash Report,Data,Commissions,USD,-10.000665,-10.000665,0,-1,-1,
Cash Report,Data,Dividends,USD,379.87,379.87,0,44.59,160.43,
Cash Report,Data,Broker Interest Paid and Received,USD,-0.13,-0.13,0,0,-0.04,
Cash Report,Data,Trades (Sales),USD,15306.68565466,15306.68565466,0,2057.5,2149.61762282,
Cash Report,Data,Trades (Purchase),USD,-15040.66311091,-15040.66311091,0,-2078,-2124.05762282,
Cash Report,Data,Advisor Fees,USD,-560.77,-560.77,0,-54.04,-172.48,
Cash Report,Data,Withholding Tax,USD,-77.96,-77.96,0,-11.15,-23.34,
Cash Report,Data,Ending Cash,USD,3.792377184,3.792377184,0,,,
Cash Report,Data,Ending Settled Cash,USD,3.792377184,3.792377184,0,,,
Open Positions,Header,DataDiscriminator,Asset Category,Currency,Symbol,Quantity,Mult,Cost Price,Cost Basis,Close Price,Value,Unrealized P/L,Code
Open Positions,Data,Summary,Stocks,DKK,ZEALc,6,1,507.666666667,3046,295,1770,-1276,
Open Positions,Total,,Stocks,DKK,,,,,3046,,1770,-1276,
Open Positions,Total,,Stocks,USD,,,,,471.03344,,273.7128,-197.32064,
Open Positions,Data,Summary,Stocks,EUR,AIR,12,1,160.16,1921.92,160.82,1929.84,7.92,
Open Positions,Data,Summary,Stocks,EUR,SHELL,38,1,30.707894737,1166.9,40.23,1528.74,361.84,
Open Positions,Data,Summary,Stocks,EUR,SIE,3,1,204.7,614.1,205.7,617.1,3,
Open Positions,Total,,Stocks,EUR,,,,,3702.92,,4075.68,372.76,
Open Positions,Total,,Stocks,USD,,,,,4277.983476,,4708.633104,430.649628,
Open Positions,Data,Summary,Stocks,HKD,3088,600,1,6.45018297,3870.109782,5.89,3534,-336.109782,
Open Positions,Data,Summary,Stocks,HKD,3110,300,1,29.10082764,8730.248292,31.54,9462,731.751708,
Open Positions,Data,Summary,Stocks,HKD,3188,200,1,41.37117648,8274.235296,52.78,10556,2281.764704,
Open Positions,Data,Summary,Stocks,HKD,3416,1000,1,10.648302955,10648.302955,9.37,9370,-1278.302955,
Open Positions,Total,,Stocks,HKD,,,,,31522.896325,,32922,1399.103675,
Open Positions,Total,,Stocks,USD,,,,,4020.745426254,,4199.2011,178.455673746,
Open Positions,Data,Summary,Stocks,JPY,4568.T,100,1,3537.828,353782.8,2766,276600,-77182.8,
Open Positions,Total,,Stocks,JPY,,,,,353782.8,,276600,-77182.8,
Open Positions,Total,,Stocks,USD,,,,,2228.97315312,,1742.69064,-486.28251312,
Open Positions,Data,Summary,Stocks,USD,AEP,6,1,115.236666667,691.42,131.08,786.48,95.06,
Open Positions,Data,Summary,Stocks,USD,AMZN,5.5,1,228.536864182,1256.952753,208.27,1145.49,-111.462753,
Open Positions,Data,Summary,Stocks,USD,AXP,4,1,301.510046,1206.040184,302.48,1209.92,3.879816,
Open Positions,Data,Summary,Stocks,USD,BAC,14,1,47.156474571,660.190644,48.75,682.5,22.309356,
Open Positions,Data,Summary,Stocks,USD,BLBD,15,1,40.866701667,613.000525,56.79,851.85,238.849475,
Open Positions,Data,Summary,Stocks,USD,BNO,40,1,51.975,2079,52.01,2080.4,1.4,
Open Positions,Data,Summary,Stocks,USD,BX,12,1,156.885762667,1882.629152,114.99,1379.88,-502.749152,
Open Positions,Data,Summary,Stocks,USD,CAT,3,1,392.571712667,1177.715138,708.46,2125.38,947.664862,
Open Positions,Data,Summary,Stocks,USD,COPX,12,1,70.033333333,840.4,76.35,916.2,75.8,
Open Positions,Data,Summary,Stocks,USD,GD,2,1,273.215046,546.430092,343.22,686.44,140.009908,
Open Positions,Data,Summary,Stocks,USD,GE,6,1,185.906212667,1115.437276,283.77,1702.62,587.182724,
Open Positions,Data,Summary,Stocks,USD,LLY,1.72,1,731.491441279,1258.165279,919.77,1582,323.834721,
Open Positions,Data,Summary,Stocks,USD,MCHI,12,1,46.362879333,556.354552,56.18,674.16,117.805448,
Open Positions,Data,Summary,Stocks,USD,META,2,1,650.5,1301,572.13,1144.26,-156.74,
Open Positions,Data,Summary,Stocks,USD,MSFT,3,1,427.563212667,1282.689638,370.17,1110.51,-172.179638,
Open Positions,Data,Summary,Stocks,USD,NFLX,20,1,90.59114755,1811.822951,96.15,1923,111.177049,
Open Positions,Data,Summary,Stocks,USD,RTX,5,1,124.265046,621.32523,192.9,964.5,343.17477,
Open Positions,Data,Summary,Stocks,USD,SLV,45,1,27.937268222,1257.17707,68.14,3066.3,1809.12293,
Open Positions,Data,Summary,Stocks,USD,TGT,20,1,112.40003555,2248.000711,121.2,2424,175.999289,
Open Positions,Data,Summary,Stocks,USD,TIP,12,1,107.372879333,1288.474552,110.36,1324.32,35.845448,
Open Positions,Data,Summary,Stocks,USD,TSM,3,1,213.813379333,641.440138,337.95,1013.85,372.409862,
Open Positions,Data,Summary,Stocks,USD,URA,30,1,49.153333333,1474.6,48.43,1452.9,-21.7,
Open Positions,Data,Summary,Stocks,USD,V,3,1,348.333333333,1045,302.24,906.72,-138.28,
Open Positions,Total,,Stocks,USD,,,,,26855.265885,,31153.68,4298.414115,
Open Positions,Total,,Stocks,USD,,,,,37854.001380374,,42077.917644,4223.916263626,
Forex Balances,Header,Asset Category,Currency,Description,Quantity,Cost Price,Cost Basis in USD,Close Price,Value in USD,Unrealized P/L in USD,Code
Forex Balances,Data,Forex,USD,CHF,2311.094435,1.252684023,-2895.071074,1.251,2891.179139,-3.891936,
Forex Balances,Data,Forex,USD,CNH,106,0.13871,-14.70326,0.14517,15.38802,0.68476,
Forex Balances,Data,Forex,USD,EUR,47.41,1.171263847,-55.529619,1.1553,54.772773,-0.756846,
Forex Balances,Data,Forex,USD,HKD,1706,0.128235393,-218.76958,0.12755,217.6003,-1.16928,
Forex Balances,Data,Forex,USD,JPY,3303,0.0064095,-21.170579,0.0063004,20.810221,-0.360357,
Forex Balances,Data,Forex,USD,USD,3.792377184,0,-3.792377184,1,3.792377184,0,
Forex Balances,Data,Total,,,,,-3209.036489184,,3203.542830184,-5.493659,
Trades,Header,DataDiscriminator,Asset Category,Currency,Symbol,Date/Time,Quantity,T. Price,C. Price,Proceeds,Comm/Fee,Basis,Realized P/L,MTM P/L,Code
Trades,Data,Order,Stocks,DKK,ZEAL,"2025-12-12, 06:44:17",6,499.5,492.8,-2997,-49,3046,0,-40.2,O
Trades,SubTotal,,Stocks,DKK,ZEAL,,6,,,-2997,-49,3046,0,-40.2,
Trades,Total,,Stocks,DKK,,,,,,-2997,-49,3046,0,-40.2, 
Trades,Total,,Stocks,USD,,,,,,-471.06846,-7.70182,478.77028,0,-6.318636, 
Trades,Data,Order,Stocks,EUR,AIRd,"2025-05-23, 11:21:47",6,156.72,157.3,-940.32,-3,943.32,0,3.48,O
Trades,SubTotal,,Stocks,EUR,AIRd,,6,,,-940.32,-3,943.32,0,3.48,
Trades,Data,Order,Stocks,EUR,R6C0d,"2025-05-23, 11:19:33",19,28.97,28.995,-550.43,-3,553.43,0,0.475,O
Trades,SubTotal,,Stocks,EUR,R6C0d,,19,,,-550.43,-3,553.43,0,0.475,
Trades,Total,,Stocks,EUR,,,,,,-1490.75,-6,1496.75,0,3.955, 
Trades,Total,,Stocks,USD,,,,,,-1694.237375,-6.819,1701.056375,0,4.4948575, 
Trades,Data,Order,Stocks,HKD,3088,"2025-04-13, 23:28:23",600,6.42,6.3,-3852,-18.109782,3870.109782,0,-72,O
Trades,SubTotal,,Stocks,HKD,3088,,600,,,-3852,-18.109782,3870.109782,0,-72,
Trades,Data,Order,Stocks,HKD,3110,"2025-07-15, 01:50:39",300,29.04,29,-8712,-18.248292,8730.248292,0,-12,O
Trades,SubTotal,,Stocks,HKD,3110,,300,,,-8712,-18.248292,8730.248292,0,-12,
Trades,Data,Order,Stocks,HKD,3188,"2025-04-13, 23:28:37",200,41.28,41.16,-8256,-18.235296,8274.235296,0,-24,O
Trades,SubTotal,,Stocks,HKD,3188,,200,,,-8256,-18.235296,8274.235296,0,-24,
Trades,Data,Order,Stocks,HKD,3416,"2025-07-15, 01:51:05","1,000",10.63,10.66,-10630,-18.302955,10648.302955,0,30,O
Trades,SubTotal,,Stocks,HKD,3416,,1000,,,-10630,-18.302955,10648.302955,0,30,
Trades,Total,,Stocks,HKD,,,,,,-31450,-72.896325,31522.896325,0,-78, 
Trades,Total,,Stocks,USD,,,,,,-4025.06182,-9.342234262,4034.404054262,0,-10.08426, 
Trades,Data,Order,Stocks,USD,AEP,"2025-12-12, 09:30:01",6,115.07,114.13,-690.42,-1,691.42,0,-5.64,O
Trades,SubTotal,,Stocks,USD,AEP,,6,,,-690.42,-1,691.42,0,-5.64,
Trades,Data,Order,Stocks,USD,AXP,"2025-05-23, 11:19:59",2,284.62,285.22,-569.24,-1.000092,570.240092,0,1.2,O
Trades,SubTotal,,Stocks,USD,AXP,,2,,,-569.24,-1.000092,570.240092,0,1.2,
Trades,Data,Order,Stocks,USD,BNO,"2026-03-20, 09:30:00",40,51.95,52.92,-2078,-1,2079,0,38.8,O;P
Trades,SubTotal,,Stocks,USD,BNO,,40,,,-2078,-1,2079,0,38.8,
Trades,Data,Order,Stocks,USD,BX,"2025-05-23, 11:20:20",6,135.9971,136.12,-815.9826,-1.000276,816.982876,0,0.7374,IA;O
Trades,SubTotal,,Stocks,USD,BX,,6,,,-815.9826,-1.000276,816.982876,0,0.7374,
Trades,Data,Order,Stocks,USD,COPX,"2025-12-12, 09:30:00",12,69.95,68.14,-839.4,-1,840.4,0,-21.72,O;P
Trades,SubTotal,,Stocks,USD,COPX,,12,,,-839.4,-1,840.4,0,-21.72,
Trades,Data,Order,Stocks,USD,META,"2025-12-12, 09:30:01",2,650,644.23,-1300,-1,1301,0,-11.54,O
Trades,SubTotal,,Stocks,USD,META,,2,,,-1300,-1,1301,0,-11.54,
Trades,Data,Order,Stocks,USD,NFLX,"2025-12-12, 09:30:00",8.9,95.488876404,95.19,-849.851,-1,850.851,0,-2.66,O;P;RPA
Trades,SubTotal,,Stocks,USD,NFLX,,8.9,,,-849.851,-1,850.851,0,-2.66,
Trades,Data,Order,Stocks,USD,TGT,"2025-09-02, 10:39:30",11,93.13,92.44,-1024.43,-1.000297,1025.430297,0,-7.59,O
Trades,SubTotal,,Stocks,USD,TGT,,11,,,-1024.43,-1.000297,1025.430297,0,-7.59,
Trades,Data,Order,Stocks,USD,URA,"2025-12-12, 09:30:00",30,49.12,46.05,-1473.6,-1,1474.6,0,-92.1,O
Trades,SubTotal,,Stocks,USD,URA,,30,,,-1473.6,-1,1474.6,0,-92.1,
Trades,Data,Order,Stocks,USD,V,"2025-12-12, 09:30:00",3,348,347.83,-1044,-1,1045,0,-0.51,O
Trades,SubTotal,,Stocks,USD,V,,3,,,-1044,-1,1045,0,-0.51,
Trades,Total,,Stocks,USD,,,,,,-10684.9236,-10.000665,10694.924265,0,-101.0226, 
Trades,Header,DataDiscriminator,Asset Category,Currency,Symbol,Date/Time,Quantity,T. Price,,Proceeds,Comm in USD,,,MTM in USD,Code
Trades,Data,Order,Forex,CHF,EUR.CHF,"2025-05-23, 11:19:34",520.34,0.93203,,-484.9724902,0,,,0.669917,AFx
Trades,Data,Order,Forex,CHF,EUR.CHF,"2025-05-23, 11:21:47",943.33,0.93198,,-879.1646934,0,,,1.271948,AFx
Trades,SubTotal,,Forex,CHF,EUR.CHF,,1463.67,,,-1364.1371836,0,,,1.941865,
Trades,Data,Order,Forex,CHF,USD.CHF,"2025-04-02, 17:00:00",26.21950158,0.882,,-23.125600394,0,,,-0.000304,
Trades,Data,Order,Forex,CHF,USD.CHF,"2025-04-02, 20:26:00",-26.21950158,0.882,,23.125600394,0,,,0.698697,
Trades,Data,Order,Forex,CHF,USD.CHF,"2025-04-03, 17:00:00",26.21950158,0.85979498,,-22.543395837,0,,,-0.021011,
Trades,Data,Order,Forex,CHF,USD.CHF,"2025-04-13, 23:28:24",496.74,0.81765,,-406.159461,0,,,-1.658275,AFx
Trades,Data,Order,Forex,CHF,USD.CHF,"2025-04-13, 23:28:38","1,064.71",0.8179,,-870.826309,0,,,-3.880964,AFx
Trades,Data,Order,Forex,CHF,USD.CHF,"2025-05-02, 17:00:00",29.368748,0.82689,,-24.284724037,0,,,-0.001197,
Trades,Data,Order,Forex,CHF,USD.CHF,"2025-05-02, 20:26:00",-29.368748,0.82689,,24.284724037,0,,,0.168762,
Trades,Data,Order,Forex,CHF,USD.CHF,"2025-05-04, 20:18:46",29.37,0.82506,,-24.2320122,0,,,-0.103396,AFx
Trades,Data,Order,Forex,CHF,USD.CHF,"2025-05-23, 11:20:00",554.6,0.8222,,-455.99212,0,,,-0.798402,AFx
Trades,Data,Order,Forex,CHF,USD.CHF,"2025-05-23, 11:20:20",816.98,0.82225,,-671.761805,0,,,-1.225878,AFx
Trades,Data,Order,Forex,CHF,USD.CHF,"2025-05-23, 17:00:00",0.001716,0.82129632,,-0.001409348,0,,,-0.000001,
Trades,Data,Order,Forex,CHF,USD.CHF,"2025-06-03, 17:00:00",28.93863841,0.82405,,-23.846884981,0,,,0.000443,
Trades,Data,Order,Forex,CHF,USD.CHF,"2025-06-03, 20:26:00",-28.93863841,0.82405,,23.846884981,0,,,0.197486,
Trades,Data,Order,Forex,CHF,USD.CHF,"2025-06-03, 23:54:14",28.94,0.8245,,-23.86103,0,,,-0.213406,AFx
Trades,Data,Order,Forex,CHF,USD.CHF,"2025-07-02, 17:00:00",19.77863841,0.79206,,-15.665868338,0,,,0.000479,
Trades,Data,Order,Forex,CHF,USD.CHF,"2025-07-02, 20:26:00",-19.77863841,0.79206,,15.665868338,0,,,-0.080375,
Trades,Data,Order,Forex,CHF,USD.CHF,"2025-07-03, 00:40:48",19.78,0.79248,,-15.6752544,0,,,0.069935,AFx
Trades,Data,Order,Forex,CHF,USD.CHF,"2025-07-15, 01:50:40","1,107.24",0.79699,,-882.4592076,0,,,6.460384,AFx
Trades,Data,Order,Forex,CHF,USD.CHF,"2025-07-15, 01:51:05","1,354.61",0.79699,,-1079.6106239,0,,,7.903708,AFx
Trades,Data,Order,Forex,CHF,USD.CHF,"2025-08-04, 17:00:00",35.47975792,0.80824,,-28.676159539,0,,,-0.001254,
Trades,Data,Order,Forex,CHF,USD.CHF,"2025-08-04, 20:26:00",-35.47975792,0.80824,,28.676159539,0,,,0.032798,
Trades,Data,Order,Forex,CHF,USD.CHF,"2025-08-05, 02:26:11",35.49,0.80945,,-28.7273805,0,,,-0.085988,AFx
Trades,Data,Order,Forex,CHF,USD.CHF,"2025-09-02, 10:39:30","1,005.69",0.80335,,-807.9210615,0,,,1.444121,AFx
Trades,Data,Order,Forex,CHF,USD.CHF,"2025-09-03, 17:00:00",32.75005492,0.80423,,-26.338576666,0,,,0.000669,
Trades,Data,Order,Forex,CHF,USD.CHF,"2025-09-03, 20:26:00",-32.75005492,0.80423,,26.338576666,0,,,-0.058614,
Trades,Data,Order,Forex,CHF,USD.CHF,"2025-09-04, 01:38:08",32.75,0.80505,,-26.3653875,0,,,0.025281,AFx
Trades,Data,Order,Forex,CHF,USD.CHF,"2025-10-02, 17:00:00",38.30005492,0.79786,,-30.558081816,0,,,-0.001445,
Trades,Data,Order,Forex,CHF,USD.CHF,"2025-10-02, 20:26:00",-38.30005492,0.79786,,30.558081816,0,,,0.123677,
Trades,Data,Order,Forex,CHF,USD.CHF,"2025-10-03, 00:51:46",38.31,0.79843,,-30.5878533,0,,,-0.151167,AFx
Trades,Data,Order,Forex,CHF,USD.CHF,"2025-10-03, 17:00:00",0.00005492,0.79594238,,-0.000043711,0,,,0,
Trades,Data,Order,Forex,CHF,USD.CHF,"2025-11-04, 17:00:00",57.64,0.8105,,-46.71722,0,,,0.000294,
Trades,Data,Order,Forex,CHF,USD.CHF,"2025-11-04, 20:26:00",-57.64,0.8105,,46.71722,0,,,0.013721,
Trades,Data,Order,Forex,CHF,USD.CHF,"2025-11-05, 00:49:35",57.64,0.80973,,-46.6728372,0,,,0.041052,AFx
Trades,Data,Order,Forex,CHF,USD.CHF,"2025-11-05, 17:00:00",0.02,0.81069754,,-0.016213951,0,,,-0.00001,
Trades,Data,Order,Forex,CHF,USD.CHF,"2025-12-02, 17:00:00",11.71,0.80331224,,-9.40678633,0,,,-0.006152,
Trades,Data,Order,Forex,CHF,USD.CHF,"2025-12-03, 17:00:00",0.02,0.80000132,,-0.016000026,0,,,-0.00001,
Trades,Data,Order,Forex,CHF,USD.CHF,"2025-12-12, 09:30:00",0.58,0.7962,,-0.461796,0,,,-0.000154,AFx
Trades,Data,Order,Forex,CHF,USD.CHF,"2025-12-12, 09:30:00",0.99,0.7962,,-0.788238,0,,,-0.000263,AFx
Trades,Data,Order,Forex,CHF,USD.CHF,"2025-12-12, 09:30:01","3,077.07",0.79587,,-2448.9477009,0,,,0.457003,AFx
Trades,Data,Order,Forex,CHF,USD.CHF,"2025-12-12, 09:30:02",2,0.79734,,-1.59468,0,,,-0.003396,AFx
Trades,Data,Order,Forex,CHF,USD.CHF,"2025-12-12, 09:30:04",1,0.79733,,-0.79733,0,,,-0.001686,AFx
Trades,Data,Order,Forex,CHF,USD.CHF,"2025-12-12, 09:30:05","3,120.27",0.79587,,-2483.3292849,0,,,0.463419,AFx
Trades,Data,Order,Forex,CHF,USD.CHF,"2026-01-05, 17:00:00",46.05762282,0.79158,,-36.458293069,0,,,-0.000139,
Trades,Data,Order,Forex,CHF,USD.CHF,"2026-01-05, 20:26:00",-46.05762282,0.79158,,36.458293069,0,,,-0.244132,
Trades,Data,Order,Forex,CHF,USD.CHF,"2026-01-06, 00:51:35",46.06,0.79175,,-36.468005,0,,,0.234305,AFx
Trades,Data,Order,Forex,CHF,USD.CHF,"2026-03-20, 09:30:00","2,057.5",0.78798,,-1621.26885,0,,,0.109829,AFx
Trades,SubTotal,,Forex,CHF,USD.CHF,,14986.2912725,,,-11996.492077103,0,,,9.908444,
Trades,Total,,Forex,CHF,,,,,,-13360.629260703,0,,,11.850309, 
Trades,Total,,Forex,USD,,,,,,-16637.901917814,0,,,11.850309, 
Trades,Data,Order,Forex,DKK,CHF.DKK,"2025-12-12, 06:44:18",-375,8.00684,,3002.565,0,,,0.830667,AFx
Trades,SubTotal,,Forex,DKK,CHF.DKK,,-375,,,3002.565,0,,,0.830667,
Trades,Data,Order,Forex,DKK,USD.DKK,"2025-12-12, 06:44:17",-8,6.37079,,50.96632,0,,,0.010886,AFx
Trades,Data,Order,Forex,DKK,USD.DKK,"2025-12-12, 17:00:00",0.30891459,6.36525447,,-1.96632,0,,,-0.000151,
Trades,Data,Order,Forex,DKK,USD.DKK,"2025-12-12, 17:00:00",0.87446259,6.3639086,,-5.564999997,0,,,-0.000244,
Trades,SubTotal,,Forex,DKK,USD.DKK,,-6.81662282,,,43.435000003,0,,,0.010491,
Trades,Total,,Forex,DKK,,,,,,3046.000000003,0,,,0.841158, 
Trades,Total,,Forex,USD,,,,,,478.77028,0,,,0.841158, 
Trades,Data,Order,Forex,HKD,EUR.HKD,"2025-07-15, 01:51:05",-1.95,9.16921,,17.8799595,0,,,0.015338,AFx
Trades,SubTotal,,Forex,HKD,EUR.HKD,,-1.95,,,17.8799595,0,,,0.015338,
Trades,Data,Order,Forex,HKD,USD.HKD,"2025-04-13, 23:28:23",-2.33,7.75486,,18.0688238,0,,,-0.000387,AFx
Trades,Data,Order,Forex,HKD,USD.HKD,"2025-04-13, 23:28:24",-0.02,7.75447,,0.1550894,0,,,-0.000004,AFx
Trades,Data,Order,Forex,HKD,USD.HKD,"2025-04-13, 23:28:24",-496.74,7.75447,,3851.9554278,0,,,-0.107387,AFx
Trades,Data,Order,Forex,HKD,USD.HKD,"2025-04-13, 23:28:38","-1,064.68",7.75447,,8256.0291196,0,,,-0.230166,AFx
Trades,Data,Order,Forex,HKD,USD.HKD,"2025-04-13, 23:28:38",-2.32,7.75486,,17.9912752,0,,,-0.000385,AFx
Trades,Data,Order,Forex,HKD,USD.HKD,"2025-04-13, 23:28:38",-0.02,7.75447,,0.1550894,0,,,-0.000004,AFx
Trades,Data,Order,Forex,HKD,USD.HKD,"2025-04-14, 17:00:00",-0.00649393,7.7536732,,0.050351803,0,,,-0.000002,
Trades,Data,Order,Forex,HKD,USD.HKD,"2025-04-14, 17:00:00",0.00774592,7.75878977,,-0.060099004,0,,,-0.000003,
Trades,Data,Order,Forex,HKD,USD.HKD,"2025-07-15, 01:50:40",-2.31,7.84886,,18.1308666,0,,,-0.000309,AFx
Trades,Data,Order,Forex,HKD,USD.HKD,"2025-07-15, 01:50:40","-1,110.17",7.847599914,,8712.1699968,0,,,-0.326664,AFx;P
Trades,Data,Order,Forex,HKD,USD.HKD,"2025-07-15, 01:51:05","-1,354.61",7.847599748,,10630.4370944,0,,,-0.398619,AFx;P
Trades,Data,Order,Forex,HKD,USD.HKD,"2025-07-15, 17:00:00",0.00711169,7.85245503,,-0.055844202,0,,,-0.000002,
Trades,Data,Order,Forex,HKD,USD.HKD,"2025-07-15, 17:00:00",0.00137838,7.85421217,,-0.010826097,0,,,-0.000001,
Trades,SubTotal,,Forex,HKD,USD.HKD,,-4033.19025794,,,31505.0163655,0,,,-1.063933,
Trades,Total,,Forex,HKD,,,,,,31522.896325,0,,,-1.048595, 
Trades,Total,,Forex,USD,,,,,,4034.404054262,0,,,-1.048595, 
Trades,Data,Order,Forex,USD,EUR.USD,"2025-05-23, 17:00:00",-0.01,1.13615905,,0.011361591,0,,,-0.000003,
Trades,Data,Order,Forex,USD,EUR.USD,"2025-07-15, 17:00:00",-4.01,1.15969836,,4.650390424,0,,,-0.002012,
Trades,SubTotal,,Forex,USD,EUR.USD,,-4.02,,,4.661752015,0,,,-0.002015,
Trades,Total,,Forex,USD,,,,,,4.661752015,0,,,-0.002015, 
Transaction Fees,Header,Asset Category,Currency,Date/Time,Symbol,Description,Quantity,Trade Price,Amount,Code
Transaction Fees,Data,Stocks,HKD,"2025-04-13, 23:28:23",3088,CHINAAMC HANG SENG TECH,600,6.42,-0.109782,
Transaction Fees,Data,Stocks,HKD,"2025-04-13, 23:28:37",3188,CHINAAMC ETF SERIES - CH-HKD,200,41.28,-0.235296,
Transaction Fees,Data,Stocks,HKD,"2025-07-15, 01:50:39",3110,GLOBAL X HS HIGH DIV YIE,300,29.04,-0.248292,
Transaction Fees,Data,Stocks,HKD,"2025-07-15, 01:51:05",3416,GX HSCEI COVERED CALL ETF,"1,000",10.63,-0.302955,
Transaction Fees,Data,Total,,,,,,,-0.896325,
Transaction Fees,Data,Total in USD,,,,,,,-0.114714262,
Corporate Actions,Header,Asset Category,Currency,Report Date,Date/Time,Description,Quantity,Proceeds,Value,Realized P/L,Code
Corporate Actions,Data,Stocks,EUR,2025-05-15,"2025-05-14, 20:25:00","SHELL(GB00BP6MXD84) Dividend Rights Issue  1 for 1 (SHELL.DVD, SHELL PLC - DIVIDEND RIGHTS, NL0015002HW4)",19,0,0,0,
Corporate Actions,Data,Stocks,EUR,2025-06-23,"2025-06-23, 20:20:00","SHELL.DVD(NL0015002HW4) Expire Dividend Right (SHELL.DVD, SHELL PLC - DIVIDEND RIGHTS, NL0015002HW4)",-19,0,0,0,
Corporate Actions,Data,Stocks,EUR,2025-08-14,"2025-08-13, 20:25:00","SHELL(GB00BP6MXD84) Dividend Rights Issue  1 for 1 (SHELL.DRS, SHELL PLC - DIVIDEND RIGHTS, NL0015002L33)",38,0,0,0,
Corporate Actions,Data,Stocks,EUR,2025-09-23,"2025-09-22, 20:20:00","SHELL.DRS(NL0015002L33) Expire Dividend Right (SHELL.DRS, SHELL PLC - DIVIDEND RIGHTS, NL0015002L33)",-38,0,0,0,
Corporate Actions,Data,Stocks,EUR,2025-11-13,"2025-11-12, 20:25:00","SHELL(GB00BP6MXD84) Dividend Rights Issue  1 for 1 (SHELL1.DI, SHELL PLC - DIVIDEND RIGHTS, NL0015002SG4)",38,0,0,0,
Corporate Actions,Data,Stocks,EUR,2025-12-19,"2025-12-18, 20:20:00","SHELL1.DI(NL0015002SG4) Expire Dividend Right (SHELL1.DI, SHELL PLC - DIVIDEND RIGHTS, NL0015002SG4)",-38,0,0,0,
Corporate Actions,Data,Stocks,EUR,2026-02-19,"2026-02-18, 20:25:00","SHELL(GB00BP6MXD84) Dividend Rights Issue  1 for 1 (SHELL.DDR, SHELL PLC - DIVIDEND RIGHTS, NL0015073VB0)",38,0,0,0,
Corporate Actions,Data,Stocks,EUR,2026-03-31,"2026-03-30, 20:20:00","SHELL.DDR(NL0015073VB0) Expire Dividend Right (SHELL.DDR, SHELL PLC - DIVIDEND RIGHTS, NL0015073VB0)",-38,0,0,0,
Corporate Actions,Data,Total,,,,,,0,0,0,
Corporate Actions,Data,Total in USD,,,,,,0,0,0,
Corporate Actions,Data,Stocks,USD,2025-11-17,"2025-11-14, 20:25:00","NFLX(US64110L1061) Split 10 for 1 (NFLX, NETFLIX INC, US64110L1061)",9.99,0,0,0,
Corporate Actions,Data,Total,,,,,,0,0,0,
Deposits & Withdrawals,Header,Currency,Settle Date,Description,Amount
Deposits & Withdrawals,Data,CHF,2025-09-05,Electronic Fund Transfer,9110.09
Deposits & Withdrawals,Data,Total,,,9110.09
Deposits & Withdrawals,Data,Total in USD,,,11447.739094
Fees,Header,Subtitle,Currency,Date,Description,Amount
Fees,Data,Advisor Fees,USD,2025-04-01,"FA Fee: Percent of Equity, Posted Monthly",-32.98
Fees,Data,Advisor Fees,USD,2025-05-01,"FA Fee: Percent of Equity, Posted Monthly",-34.32
Fees,Data,Advisor Fees,USD,2025-06-02,"FA Fee: Percent of Equity, Posted Monthly",-36.51
Fees,Data,Advisor Fees,USD,2025-07-01,"FA Fee: Percent of Equity, Posted Monthly",-36.14
Fees,Data,Advisor Fees,USD,2025-08-01,"FA Fee: Percent of Equity, Posted Monthly",-41.79
Fees,Data,Advisor Fees,USD,2025-09-01,"FA Fee: Percent of Equity, Posted Monthly",-40.47
Fees,Data,Advisor Fees,USD,2025-10-01,"FA Fee: Percent of Equity, Posted Monthly",-51.31
Fees,Data,Advisor Fees,USD,2025-11-03,"FA Fee: Percent of Equity, Posted Monthly",-62.99
Fees,Data,Advisor Fees,USD,2025-12-01,"FA Fee: Percent of Equity, Posted Monthly",-51.78
Fees,Data,Advisor Fees,USD,2026-01-02,"FA Fee: Percent of Equity, Posted Monthly",-60.72
Fees,Data,Advisor Fees,USD,2026-02-02,"FA Fee: Percent of Equity, Posted Monthly",-57.72
Fees,Data,Advisor Fees,USD,2026-03-02,"FA Fee: Percent of Equity, Posted Monthly",-54.04
Fees,Data,Total,,,,-560.77
Dividends,Header,Currency,Date,Description,Amount
Dividends,Data,CNH,2025-07-31,3188(HK0000123577) Cash Dividend CNH 0.53 per Share (Ordinary Dividend),106
Dividends,Data,Total,,,106
Dividends,Data,Total in USD,,,14.70326
Dividends,Data,EUR,2025-04-24,AIR(NL0000235190) Cash Dividend EUR 1.00 per Share (Bonus Dividend),6
Dividends,Data,EUR,2025-04-24,AIR(NL0000235190) Cash Dividend EUR 2.00 per Share (Ordinary Dividend),12
Dividends,Data,EUR,2025-06-23,SHELL.DVD(NL0015002HW4) Expire Dividend Right (Ordinary Dividend),5.96
Dividends,Data,EUR,2025-09-22,SHELL.DRS(NL0015002L33) Expire Dividend Right (Ordinary Dividend),11.66
Dividends,Data,EUR,2025-12-18,SHELL1.DI(NL0015002SG4) Expire Dividend Right (Ordinary Dividend),11.67
Dividends,Data,EUR,2026-02-17,SIE(DE0007236101) Cash Dividend EUR 5.35 per Share (Ordinary Dividend),16.05
Dividends,Data,EUR,2026-03-30,SHELL.DDR(NL0015073VB0) Expire Dividend Right (Ordinary Dividend),12.26
Dividends,Data,Total,,,75.6
Dividends,Data,Total in USD,,,87.872074
Dividends,Data,HKD,2025-08-06,3416(HK0000978954) Cash Dividend HKD 0.15 per Share (Ordinary Dividend),150
Dividends,Data,HKD,2025-09-04,3416(HK0000978954) Cash Dividend HKD 0.14 per Share (Ordinary Dividend),140
Dividends,Data,HKD,2025-09-30,3110(HK0000151933) Cash Dividend HKD 1.60 per Share (Ordinary Dividend),480
Dividends,Data,HKD,2025-10-08,3416(HK0000978954) Cash Dividend HKD 0.14 per Share (Ordinary Dividend),140
Dividends,Data,HKD,2025-11-06,3416(HK0000978954) Cash Dividend HKD 0.14 per Share (Ordinary Dividend),140
Dividends,Data,HKD,2025-12-04,3416(HK0000978954) Cash Dividend HKD 0.14 per Share (Ordinary Dividend),140
Dividends,Data,HKD,2025-12-31,3088(HK0000643327) Cash Dividend HKD 0.02 per Share (Ordinary Dividend),12
Dividends,Data,HKD,2026-01-07,3416(HK0000978954) Cash Dividend HKD 0.14 per Share (Ordinary Dividend),140
Dividends,Data,HKD,2026-02-05,3416(HK0000978954) Cash Dividend HKD 0.14 per Share (Ordinary Dividend),140
Dividends,Data,HKD,2026-03-05,3416(HK0000978954) Cash Dividend HKD 0.14 per Share (Ordinary Dividend),140
Dividends,Data,HKD,2026-03-31,3110(HK0000151933) Cash Dividend HKD 0.28 per Share (Ordinary Dividend),84
Dividends,Data,Total,,,1706
Dividends,Data,Total in USD,,,218.76958
Dividends,Data,JPY,2025-12-10,4568.T(JP3475350009) Cash Dividend JPY 39 per Share (Ordinary Dividend),3900
Dividends,Data,Total,,,3900
Dividends,Data,Total in USD,,,24.99705
Dividends,Data,USD,2025-04-04,TIP(US4642871762) Cash Dividend USD 0.70918 per Share (Ordinary Dividend),8.51
Dividends,Data,USD,2025-04-10,TSM(US8740391003) Cash Dividend USD 0.677693 per Share (Ordinary Div - NRA Withholding Exempt),2.04
Dividends,Data,USD,2025-04-25,GE(US3696043013) Cash Dividend USD 0.36 per Share (Ordinary Dividend),2.16
Dividends,Data,USD,2025-05-05,BX(US09260D1072) Cash Dividend USD 0.93 per Share (Ordinary Dividend),5.58
Dividends,Data,USD,2025-05-06,TIP(US4642871762) Cash Dividend USD 0.534953 per Share (Ordinary Dividend),6.42
Dividends,Data,USD,2025-05-09,AXP(US0258161092) Cash Dividend USD 0.82 per Share (Ordinary Dividend),1.64
Dividends,Data,USD,2025-05-09,GD(US3695501086) Cash Dividend USD 1.50 per Share (Ordinary Dividend),3
Dividends,Data,USD,2025-05-20,CAT(US1491231015) Cash Dividend USD 1.41 per Share (Ordinary Dividend),4.23
Dividends,Data,USD,2025-06-02,TGT(US87612E1064) Cash Dividend USD 1.12 per Share (Ordinary Dividend),10.08
Dividends,Data,USD,2025-06-05,TIP(US4642871762) Cash Dividend USD 0.273105 per Share (Ordinary Dividend),3.28
Dividends,Data,USD,2025-06-10,LLY(US5324571083) Cash Dividend USD 1.50 per Share (Ordinary Dividend),2.58
Dividends,Data,USD,2025-06-12,MSFT(US5949181045) Cash Dividend USD 0.83 per Share (Ordinary Dividend),2.49
Dividends,Data,USD,2025-06-12,RTX(US75513E1010) Cash Dividend USD 0.68 per Share (Ordinary Dividend),3.4
Dividends,Data,USD,2025-06-20,MCHI(US46429B6719) Cash Dividend USD 0.535561 per Share (Ordinary Dividend),6.43
Dividends,Data,USD,2025-06-27,BAC(US0605051046) Cash Dividend USD 0.26 per Share (Ordinary Dividend),3.64
Dividends,Data,USD,2025-07-07,TIP(US4642871762) Cash Dividend USD 0.379923 per Share (Ordinary Dividend),4.56
Dividends,Data,USD,2025-07-10,TSM(US8740391003) Cash Dividend USD 0.780305 per Share (Ordinary Div - NRA Withholding Exempt),2.34
Dividends,Data,USD,2025-07-25,GE(US3696043013) Cash Dividend USD 0.36 per Share (Ordinary Dividend),2.16
Dividends,Data,USD,2025-08-06,TIP(US4642871762) Cash Dividend USD 0.264488 per Share (Ordinary Dividend),3.17
Dividends,Data,USD,2025-08-08,AXP(US0258161092) Cash Dividend USD 0.82 per Share (Ordinary Dividend),3.28
Dividends,Data,USD,2025-08-08,GD(US3695501086) Cash Dividend USD 1.50 per Share (Ordinary Dividend),3
Dividends,Data,USD,2025-08-11,BX(US09260D1072) Cash Dividend USD 1.03 per Share (Ordinary Dividend),12.36
Dividends,Data,USD,2025-08-20,CAT(US1491231015) Cash Dividend USD 1.51 per Share (Ordinary Dividend),4.53
Dividends,Data,USD,2025-09-02,TGT(US87612E1064) Cash Dividend USD 1.14 per Share (Ordinary Dividend),10.26
Dividends,Data,USD,2025-09-04,RTX(US75513E1010) Cash Dividend USD 0.68 per Share (Ordinary Dividend),3.4
Dividends,Data,USD,2025-09-05,TIP(US4642871762) Cash Dividend USD 0.417238 per Share (Ordinary Dividend),5.01
Dividends,Data,USD,2025-09-10,LLY(US5324571083) Cash Dividend USD 1.50 per Share (Ordinary Dividend),2.58
Dividends,Data,USD,2025-09-11,MSFT(US5949181045) Cash Dividend USD 0.83 per Share (Ordinary Dividend),2.49
Dividends,Data,USD,2025-09-26,BAC(US0605051046) Cash Dividend USD 0.28 per Share (Ordinary Dividend),3.92
Dividends,Data,USD,2025-10-06,TIP(US4642871762) Cash Dividend USD 0.198069 per Share (Ordinary Dividend),2.38
Dividends,Data,USD,2025-10-09,TSM(US8740391003) Cash Dividend USD 0.821965 per Share (Ordinary Div - NRA Withholding Exempt),2.47
Dividends,Data,USD,2025-10-27,GE(US3696043013) Cash Dividend USD 0.36 per Share (Ordinary Dividend),2.16
Dividends,Data,USD,2025-11-06,TIP(US4642871762) Cash Dividend USD 0.360933 per Share (Ordinary Dividend),4.33
Dividends,Data,USD,2025-11-10,AXP(US0258161092) Cash Dividend USD 0.82 per Share (Ordinary Dividend),3.28
Dividends,Data,USD,2025-11-10,BX(US09260D1072) Cash Dividend USD 1.29 per Share (Ordinary Dividend),15.48
Dividends,Data,USD,2025-11-14,GD(US3695501086) Cash Dividend USD 1.50 per Share (Ordinary Dividend),3
Dividends,Data,USD,2025-11-20,CAT(US1491231015) Cash Dividend USD 1.51 per Share (Ordinary Dividend),4.53
Dividends,Data,USD,2025-12-01,TGT(US87612E1064) Cash Dividend USD 1.14 per Share (Ordinary Dividend),22.8
Dividends,Data,USD,2025-12-04,TIP(US4642871762) Cash Dividend USD 0.322417 per Share (Ordinary Dividend),3.87
Dividends,Data,USD,2025-12-10,LLY(US5324571083) Cash Dividend USD 1.50 per Share (Ordinary Dividend),2.58
Dividends,Data,USD,2025-12-11,MSFT(US5949181045) Cash Dividend USD 0.91 per Share (Ordinary Dividend),2.73
Dividends,Data,USD,2025-12-11,RTX(US75513E1010) Cash Dividend USD 0.68 per Share (Ordinary Dividend),3.4
Dividends,Data,USD,2025-12-19,MCHI(US46429B6719) Cash Dividend USD 0.735007 per Share (Ordinary Dividend),8.82
Dividends,Data,USD,2025-12-23,META(US30303M1027) Cash Dividend USD 0.525 per Share (Ordinary Dividend),1.05
Dividends,Data,USD,2025-12-24,TIP(US4642871762) Cash Dividend USD 0.341961 per Share (Ordinary Dividend),4.1
Dividends,Data,USD,2025-12-26,BAC(US0605051046) Cash Dividend USD 0.28 per Share (Ordinary Dividend),3.92
Dividends,Data,USD,2026-01-07,COPX(US37954Y8306) Cash Dividend USD 1.672477 per Share (Ordinary Dividend),20.07
Dividends,Data,USD,2026-01-07,URA(US37954Y8710) Cash Dividend USD 2.084331 per Share (Ordinary Dividend),62.53
Dividends,Data,USD,2026-01-08,TSM(US8740391003) Cash Dividend USD 0.79542 per Share (Ordinary Div - NRA Withholding Exempt),2.39
Dividends,Data,USD,2026-01-26,GE(US3696043013) Cash Dividend USD 0.36 per Share (Ordinary Dividend),2.16
Dividends,Data,USD,2026-02-06,GD(US3695501086) Cash Dividend USD 1.50 per Share (Ordinary Dividend),3
Dividends,Data,USD,2026-02-10,AXP(US0258161092) Cash Dividend USD 0.82 per Share (Ordinary Dividend),3.28
Dividends,Data,USD,2026-02-17,BX(US09260D1072) Cash Dividend USD 1.49 per Share (Ordinary Dividend),17.88
Dividends,Data,USD,2026-02-19,CAT(US1491231015) Cash Dividend USD 1.51 per Share (Ordinary Dividend),4.53
Dividends,Data,USD,2026-03-01,TGT(US87612E1064) Cash Dividend USD 1.14 per Share (Ordinary Dividend),22.8
Dividends,Data,USD,2026-03-02,V(US92826C8394) Cash Dividend USD 0.67 per Share (Ordinary Dividend),2.01
Dividends,Data,USD,2026-03-10,AEP(US0255371017) Cash Dividend USD 0.95 per Share (Ordinary Dividend),5.7
Dividends,Data,USD,2026-03-10,LLY(US5324571083) Cash Dividend USD 1.73 per Share (Ordinary Dividend),2.98
Dividends,Data,USD,2026-03-12,MSFT(US5949181045) Cash Dividend USD 0.91 per Share (Ordinary Dividend),2.73
Dividends,Data,USD,2026-03-19,RTX(US75513E1010) Cash Dividend USD 0.68 per Share (Ordinary Dividend),3.4
Dividends,Data,USD,2026-03-26,META(US30303M1027) Cash Dividend USD 0.525 per Share (Ordinary Dividend),1.05
Dividends,Data,USD,2026-03-27,BAC(US0605051046) Cash Dividend USD 0.28 per Share (Ordinary Dividend),3.92
Dividends,Data,Total,,,379.87
Dividends,Data,Total Dividends in USD,,,726.211964
Withholding Tax,Header,Currency,Date,Description,Amount,Code
Withholding Tax,Data,EUR,2025-04-24,AIR(NL0000235190) Cash Dividend EUR 1.00 per Share - NL Tax,-0.9,
Withholding Tax,Data,EUR,2025-04-24,AIR(NL0000235190) Cash Dividend EUR 2.00 per Share - NL Tax,-1.8,
Withholding Tax,Data,EUR,2026-02-17,SIE(DE0007236101) Cash Dividend EUR 5.35 per Share - DE Tax,-4.23,
Withholding Tax,Data,Total,,,-6.93,
Withholding Tax,Data,Total in USD,,,-8.052489,
Withholding Tax,Data,JPY,2025-12-10,4568.T(JP3475350009) Cash Dividend JPY 39 per Share - JP Tax,-597,
Withholding Tax,Data,Total,,,-597,
Withholding Tax,Data,Total in USD,,,-3.8264715,
Withholding Tax,Data,USD,2025-02-18,BX(US09260D1072) Cash Dividend USD 1.44 per Share - US Tax,2.16,
Withholding Tax,Data,USD,2025-02-18,BX(US09260D1072) Cash Dividend USD 1.44 per Share - US Tax,-1.09,
Withholding Tax,Data,USD,2025-04-04,TIP(US4642871762) Cash Dividend USD 0.70918 per Share - US Tax,-2.13,
Withholding Tax,Data,USD,2025-04-04,TIP(US4642871762) Cash Dividend USD 0.70918 per Share - US Tax,2.13,
Withholding Tax,Data,USD,2025-04-10,TSM(US8740391003) Cash Dividend USD 0.677693 per Share - TW Tax,-0.43,
Withholding Tax,Data,USD,2025-04-25,GE(US3696043013) Cash Dividend USD 0.36 per Share - US Tax,-0.54,
Withholding Tax,Data,USD,2025-05-05,BX(US09260D1072) Cash Dividend USD 0.93 per Share - US Tax,-1.4,
Withholding Tax,Data,USD,2025-05-05,BX(US09260D1072) Cash Dividend USD 0.93 per Share - US Tax,1.4,
Withholding Tax,Data,USD,2025-05-05,BX(US09260D1072) Cash Dividend USD 0.93 per Share - US Tax,-0.7,
Withholding Tax,Data,USD,2025-05-06,TIP(US4642871762) Cash Dividend USD 0.534953 per Share - US Tax,-1.61,
Withholding Tax,Data,USD,2025-05-06,TIP(US4642871762) Cash Dividend USD 0.534953 per Share - US Tax,1.61,
Withholding Tax,Data,USD,2025-05-09,AXP(US0258161092) Cash Dividend USD 0.82 per Share - US Tax,-0.41,
Withholding Tax,Data,USD,2025-05-09,GD(US3695501086) Cash Dividend USD 1.50 per Share - US Tax,-0.75,
Withholding Tax,Data,USD,2025-05-20,CAT(US1491231015) Cash Dividend USD 1.41 per Share - US Tax,-1.06,
Withholding Tax,Data,USD,2025-06-02,TGT(US87612E1064) Cash Dividend USD 1.12 per Share - US Tax,-2.52,
Withholding Tax,Data,USD,2025-06-05,TIP(US4642871762) Cash Dividend USD 0.273105 per Share - US Tax,-0.82,
Withholding Tax,Data,USD,2025-06-05,TIP(US4642871762) Cash Dividend USD 0.273105 per Share - US Tax,0.82,
Withholding Tax,Data,USD,2025-06-10,LLY(US5324571083) Cash Dividend USD 1.50 per Share - US Tax,-0.65,
Withholding Tax,Data,USD,2025-06-12,MSFT(US5949181045) Cash Dividend USD 0.83 per Share - US Tax,-0.62,
Withholding Tax,Data,USD,2025-06-12,RTX(US75513E1010) Cash Dividend USD 0.68 per Share - US Tax,-0.85,
Withholding Tax,Data,USD,2025-06-20,MCHI(US46429B6719) Cash Dividend USD 0.535561 per Share - US Tax,-1.61,
Withholding Tax,Data,USD,2025-06-27,BAC(US0605051046) Cash Dividend USD 0.26 per Share - US Tax,-0.91,
Withholding Tax,Data,USD,2025-07-07,TIP(US4642871762) Cash Dividend USD 0.379923 per Share - US Tax,-1.14,
Withholding Tax,Data,USD,2025-07-07,TIP(US4642871762) Cash Dividend USD 0.379923 per Share - US Tax,1.14,
Withholding Tax,Data,USD,2025-07-10,TSM(US8740391003) Cash Dividend USD 0.780305 per Share - TW Tax,-0.49,
Withholding Tax,Data,USD,2025-07-25,GE(US3696043013) Cash Dividend USD 0.36 per Share - US Tax,-0.54,
Withholding Tax,Data,USD,2025-08-06,TIP(US4642871762) Cash Dividend USD 0.264488 per Share - US Tax,-0.79,
Withholding Tax,Data,USD,2025-08-06,TIP(US4642871762) Cash Dividend USD 0.264488 per Share - US Tax,0.79,
Withholding Tax,Data,USD,2025-08-08,AXP(US0258161092) Cash Dividend USD 0.82 per Share - US Tax,-0.82,
Withholding Tax,Data,USD,2025-08-08,GD(US3695501086) Cash Dividend USD 1.50 per Share - US Tax,-0.75,
Withholding Tax,Data,USD,2025-08-11,BX(US09260D1072) Cash Dividend USD 1.03 per Share - US Tax,-3.09,
Withholding Tax,Data,USD,2025-08-11,BX(US09260D1072) Cash Dividend USD 1.03 per Share - US Tax,3.09,
Withholding Tax,Data,USD,2025-08-11,BX(US09260D1072) Cash Dividend USD 1.03 per Share - US Tax,-1.55,
Withholding Tax,Data,USD,2025-08-20,CAT(US1491231015) Cash Dividend USD 1.51 per Share - US Tax,-1.13,
Withholding Tax,Data,USD,2025-09-02,TGT(US87612E1064) Cash Dividend USD 1.14 per Share - US Tax,-2.57,
Withholding Tax,Data,USD,2025-09-04,RTX(US75513E1010) Cash Dividend USD 0.68 per Share - US Tax,-0.85,
Withholding Tax,Data,USD,2025-09-05,TIP(US4642871762) Cash Dividend USD 0.417238 per Share - US Tax,-1.25,
Withholding Tax,Data,USD,2025-09-05,TIP(US4642871762) Cash Dividend USD 0.417238 per Share - US Tax,1.25,
Withholding Tax,Data,USD,2025-09-10,LLY(US5324571083) Cash Dividend USD 1.50 per Share - US Tax,-0.65,
Withholding Tax,Data,USD,2025-09-11,MSFT(US5949181045) Cash Dividend USD 0.83 per Share - US Tax,-0.62,
Withholding Tax,Data,USD,2025-09-26,BAC(US0605051046) Cash Dividend USD 0.28 per Share - US Tax,-0.98,
Withholding Tax,Data,USD,2025-10-06,TIP(US4642871762) Cash Dividend USD 0.198069 per Share - US Tax,-0.6,
Withholding Tax,Data,USD,2025-10-06,TIP(US4642871762) Cash Dividend USD 0.198069 per Share - US Tax,0.6,
Withholding Tax,Data,USD,2025-10-09,TSM(US8740391003) Cash Dividend USD 0.821965 per Share - TW Tax,-0.52,
Withholding Tax,Data,USD,2025-10-27,GE(US3696043013) Cash Dividend USD 0.36 per Share - US Tax,-0.54,
Withholding Tax,Data,USD,2025-11-06,TIP(US4642871762) Cash Dividend USD 0.360933 per Share - US Tax,-1.08,
Withholding Tax,Data,USD,2025-11-06,TIP(US4642871762) Cash Dividend USD 0.360933 per Share - US Tax,1.08,
Withholding Tax,Data,USD,2025-11-10,AXP(US0258161092) Cash Dividend USD 0.82 per Share - US Tax,-0.82,
Withholding Tax,Data,USD,2025-11-10,BX(US09260D1072) Cash Dividend USD 1.29 per Share - US Tax,-3.87,
Withholding Tax,Data,USD,2025-11-10,BX(US09260D1072) Cash Dividend USD 1.29 per Share - US Tax,3.87,
Withholding Tax,Data,USD,2025-11-10,BX(US09260D1072) Cash Dividend USD 1.29 per Share - US Tax,-1.95,
Withholding Tax,Data,USD,2025-11-14,GD(US3695501086) Cash Dividend USD 1.50 per Share - US Tax,-0.75,
Withholding Tax,Data,USD,2025-11-20,CAT(US1491231015) Cash Dividend USD 1.51 per Share - US Tax,-1.13,
Withholding Tax,Data,USD,2025-12-01,TGT(US87612E1064) Cash Dividend USD 1.14 per Share - US Tax,-5.7,
Withholding Tax,Data,USD,2025-12-04,TIP(US4642871762) Cash Dividend USD 0.322417 per Share - US Tax,-0.97,
Withholding Tax,Data,USD,2025-12-04,TIP(US4642871762) Cash Dividend USD 0.322417 per Share - US Tax,0.97,
Withholding Tax,Data,USD,2025-12-10,LLY(US5324571083) Cash Dividend USD 1.50 per Share - US Tax,-0.65,
Withholding Tax,Data,USD,2025-12-11,MSFT(US5949181045) Cash Dividend USD 0.91 per Share - US Tax,-0.68,
Withholding Tax,Data,USD,2025-12-11,RTX(US75513E1010) Cash Dividend USD 0.68 per Share - US Tax,-0.85,
Withholding Tax,Data,USD,2025-12-19,MCHI(US46429B6719) Cash Dividend USD 0.735007 per Share - US Tax,-2.21,
Withholding Tax,Data,USD,2025-12-19,MCHI(US46429B6719) Cash Dividend USD 0.735007 per Share - US Tax,2.21,
Withholding Tax,Data,USD,2025-12-19,MCHI(US46429B6719) Cash Dividend USD 0.735007 per Share - US Tax,-2.2,
Withholding Tax,Data,USD,2025-12-23,META(US30303M1027) Cash Dividend USD 0.525 per Share - US Tax,-0.26,
Withholding Tax,Data,USD,2025-12-24,TIP(US4642871762) Cash Dividend USD 0.341961 per Share - US Tax,-1.03,
Withholding Tax,Data,USD,2025-12-24,TIP(US4642871762) Cash Dividend USD 0.341961 per Share - US Tax,1.03,
Withholding Tax,Data,USD,2025-12-26,BAC(US0605051046) Cash Dividend USD 0.28 per Share - US Tax,-0.98,
Withholding Tax,Data,USD,2026-01-07,COPX(US37954Y8306) Cash Dividend USD 1.672477 per Share - US Tax,-5.02,
Withholding Tax,Data,USD,2026-01-07,COPX(US37954Y8306) Cash Dividend USD 1.672477 per Share - US Tax,5.02,
Withholding Tax,Data,USD,2026-01-07,COPX(US37954Y8306) Cash Dividend USD 1.672477 per Share - US Tax,-5.01,
Withholding Tax,Data,USD,2026-01-07,URA(US37954Y8710) Cash Dividend USD 2.084331 per Share - US Tax,-15.63,
Withholding Tax,Data,USD,2026-01-08,TSM(US8740391003) Cash Dividend USD 0.79542 per Share - TW Tax,-0.5,
Withholding Tax,Data,USD,2026-01-26,GE(US3696043013) Cash Dividend USD 0.36 per Share - US Tax,-0.54,
Withholding Tax,Data,USD,2026-02-06,GD(US3695501086) Cash Dividend USD 1.50 per Share - US Tax,-0.75,
Withholding Tax,Data,USD,2026-02-10,AXP(US0258161092) Cash Dividend USD 0.82 per Share - US Tax,-0.82,
Withholding Tax,Data,USD,2026-02-17,BX(US09260D1072) Cash Dividend USD 1.49 per Share - US Tax,-4.47,
Withholding Tax,Data,USD,2026-02-19,CAT(US1491231015) Cash Dividend USD 1.51 per Share - US Tax,-1.13,
Withholding Tax,Data,USD,2026-03-01,TGT(US87612E1064) Cash Dividend USD 1.14 per Share - US Tax,-5.7,
Withholding Tax,Data,USD,2026-03-02,V(US92826C8394) Cash Dividend USD 0.67 per Share - US Tax,-0.5,
Withholding Tax,Data,USD,2026-03-10,AEP(US0255371017) Cash Dividend USD 0.95 per Share - US Tax,-1.43,
Withholding Tax,Data,USD,2026-03-10,LLY(US5324571083) Cash Dividend USD 1.73 per Share - US Tax,-0.75,
Withholding Tax,Data,USD,2026-03-12,MSFT(US5949181045) Cash Dividend USD 0.91 per Share - US Tax,-0.68,
Withholding Tax,Data,USD,2026-03-19,RTX(US75513E1010) Cash Dividend USD 0.68 per Share - US Tax,-0.85,
Withholding Tax,Data,USD,2026-03-26,META(US30303M1027) Cash Dividend USD 0.525 per Share - US Tax,-0.26,
Withholding Tax,Data,USD,2026-03-27,BAC(US0605051046) Cash Dividend USD 0.28 per Share - US Tax,-0.98,
Withholding Tax,Data,Total,,,-77.96,
Withholding Tax,Data,Total Withholding Tax in USD,,,-89.8389605,
Interest,Header,Currency,Date,Description,Amount
Interest,Data,USD,2025-09-04,USD Debit Interest for Aug-2025,-0.04
Interest,Data,USD,2025-10-03,USD Debit Interest for Sep-2025,-0.01
Interest,Data,USD,2025-11-05,USD Debit Interest for Oct-2025,-0.02
Interest,Data,USD,2025-12-03,USD Debit Interest for Nov-2025,-0.02
Interest,Data,USD,2026-02-04,USD Debit Interest for Jan-2026,-0.04
Interest,Data,Total,,,-0.13
Interest Accruals,Header,Currency,Field Name,Field Value
Interest Accruals,Data,Base Currency Summary,Starting Accrual Balance,0
Interest Accruals,Data,Base Currency Summary,Interest Accrued,-0.13
Interest Accruals,Data,Base Currency Summary,Accrual Reversal,0.13
Interest Accruals,Data,Base Currency Summary,Ending Accrual Balance,0
Change in Dividend Accruals,Header,Asset Category,Currency,Symbol,Date,Ex Date,Pay Date,Quantity,Tax,Fee,Gross Rate,Gross Amount,Net Amount,Code
Change in Dividend Accruals,Data,Starting Dividend Accruals in USD,,,,,,,,,,,3.24,
Change in Dividend Accruals,Data,Stocks,CNH,3188,2025-07-22,2025-07-23,2025-07-31,200,0,0,0.53,106,106,Po
Change in Dividend Accruals,Data,Stocks,CNH,3188,2025-07-31,2025-07-23,2025-07-31,200,0,0,0.53,-106,-106,Re
Change in Dividend Accruals,Data,Total,,,,,,,0,0,,0,0,
Change in Dividend Accruals,Data,Total in USD,,,,,,,0,0,,0.11766,0.11766,
Change in Dividend Accruals,Data,Stocks,EUR,AIRd,2025-04-21,2025-04-22,2025-04-24,6,1.25,0,1,6,4.75,Po
Change in Dividend Accruals,Data,Stocks,EUR,AIRd,2025-04-21,2025-04-22,2025-04-24,6,2.5,0,2,12,9.5,Po
Change in Dividend Accruals,Data,Stocks,EUR,AIRd,2025-04-21,2025-04-22,2025-04-24,6,1.5,0,1,6,4.5,Po
Change in Dividend Accruals,Data,Stocks,EUR,AIRd,2025-04-21,2025-04-22,2025-04-24,6,3,0,2,12,9,Po
Change in Dividend Accruals,Data,Stocks,EUR,AIRd,2025-04-21,2025-04-22,2025-04-24,6,-1.25,0,1,-6,-4.75,Re
Change in Dividend Accruals,Data,Stocks,EUR,AIRd,2025-04-21,2025-04-22,2025-04-24,6,-2.5,0,2,-12,-9.5,Re
Change in Dividend Accruals,Data,Stocks,EUR,AIRd,2025-04-24,2025-04-22,2025-04-24,6,-1.5,0,1,-6,-4.5,Re
Change in Dividend Accruals,Data,Stocks,EUR,AIRd,2025-04-24,2025-04-22,2025-04-24,6,-3,0,2,-12,-9,Re
Change in Dividend Accruals,Data,Stocks,EUR,SIE,2026-02-12,2026-02-13,2026-02-17,3,4.23,0,5.35,16.05,11.82,Po
Change in Dividend Accruals,Data,Stocks,EUR,SIE,2026-02-17,2026-02-13,2026-02-17,3,-4.23,0,5.35,-16.05,-11.82,Re
Change in Dividend Accruals,Data,Total,,,,,,,0,0,,-0,0,
Change in Dividend Accruals,Data,Total in USD,,,,,,,0.053655,0,,0.239025,0.18537,
Change in Dividend Accruals,Data,Stocks,HKD,3088,2025-12-17,2025-12-18,2025-12-31,600,0,0,0.02,12,12,Po
Change in Dividend Accruals,Data,Stocks,HKD,3088,2025-12-31,2025-12-18,2025-12-31,600,0,0,0.02,-12,-12,Re
Change in Dividend Accruals,Data,Stocks,HKD,3110,2025-09-23,2025-09-24,2025-09-30,300,0,0,1.6,480,480,Po
Change in Dividend Accruals,Data,Stocks,HKD,3110,2025-09-30,2025-09-24,2025-09-30,300,0,0,1.6,-480,-480,Re
Change in Dividend Accruals,Data,Stocks,HKD,3110,2026-03-24,2026-03-25,2026-03-31,300,0,0,0.28,84,84,Po
Change in Dividend Accruals,Data,Stocks,HKD,3110,2026-03-31,2026-03-25,2026-03-31,300,0,0,0.28,-84,-84,Re
Change in Dividend Accruals,Data,Stocks,HKD,3416,2025-07-30,2025-07-31,2025-08-06,1000,0,0,0.15,150,150,Po
Change in Dividend Accruals,Data,Stocks,HKD,3416,2025-08-06,2025-07-31,2025-08-06,1000,0,0,0.15,-150,-150,Re
Change in Dividend Accruals,Data,Stocks,HKD,3416,2025-08-28,2025-08-29,2025-09-04,1000,0,0,0.14,140,140,Po
Change in Dividend Accruals,Data,Stocks,HKD,3416,2025-09-04,2025-08-29,2025-09-04,1000,0,0,0.14,-140,-140,Re
Change in Dividend Accruals,Data,Stocks,HKD,3416,2025-09-29,2025-09-30,2025-10-08,1000,0,0,0.14,140,140,Po
Change in Dividend Accruals,Data,Stocks,HKD,3416,2025-10-08,2025-09-30,2025-10-08,1000,0,0,0.14,-140,-140,Re
Change in Dividend Accruals,Data,Stocks,HKD,3416,2025-10-30,2025-10-31,2025-11-06,1000,0,0,0.14,140,140,Po
Change in Dividend Accruals,Data,Stocks,HKD,3416,2025-11-06,2025-10-31,2025-11-06,1000,0,0,0.14,-140,-140,Re
Change in Dividend Accruals,Data,Stocks,HKD,3416,2025-11-27,2025-11-28,2025-12-04,1000,0,0,0.14,140,140,Po
Change in Dividend Accruals,Data,Stocks,HKD,3416,2025-12-04,2025-11-28,2025-12-04,1000,0,0,0.14,-140,-140,Re
Change in Dividend Accruals,Data,Stocks,HKD,3416,2025-12-29,2025-12-30,2026-01-07,1000,0,0,0.14,140,140,Po
Change in Dividend Accruals,Data,Stocks,HKD,3416,2026-01-07,2025-12-30,2026-01-07,1000,0,0,0.14,-140,-140,Re
Change in Dividend Accruals,Data,Stocks,HKD,3416,2026-01-29,2026-01-30,2026-02-05,1000,0,0,0.14,140,140,Po
Change in Dividend Accruals,Data,Stocks,HKD,3416,2026-02-05,2026-01-30,2026-02-05,1000,0,0,0.14,-140,-140,Re
Change in Dividend Accruals,Data,Stocks,HKD,3416,2026-02-26,2026-02-27,2026-03-05,1000,0,0,0.14,140,140,Po
Change in Dividend Accruals,Data,Stocks,HKD,3416,2026-03-05,2026-02-27,2026-03-05,1000,0,0,0.14,-140,-140,Re
Change in Dividend Accruals,Data,Stocks,HKD,3416,2026-03-30,2026-03-31,2026-04-09,1000,0,0,0.14,140,140,Po
Change in Dividend Accruals,Data,Total,,,,,,,0,0,,140,140,
Change in Dividend Accruals,Data,Total in USD,,,,,,,0,0,,17.93856,17.93856,
Change in Dividend Accruals,Data,Stocks,JPY,4568.T,2025-09-26,2025-09-29,-,100,532,0,39,3900,3368,Po
Change in Dividend Accruals,Data,Stocks,JPY,4568.T,2025-09-26,2025-09-29,2025-12-10,100,597,0,39,3900,3303,Po
Change in Dividend Accruals,Data,Stocks,JPY,4568.T,2025-09-26,2025-09-29,-,100,-532,0,39,-3900,-3368,Re
Change in Dividend Accruals,Data,Stocks,JPY,4568.T,2025-12-10,2025-09-29,2025-12-10,100,-597,0,39,-3900,-3303,Re
Change in Dividend Accruals,Data,Stocks,JPY,4568.T,2026-03-27,2026-03-30,-,100,466,0,39,3900,3434,Po
Change in Dividend Accruals,Data,Stocks,JPY,4568.T,2026-03-27,2026-03-30,2026-06-23,100,597,0,39,3900,3303,Po
Change in Dividend Accruals,Data,Stocks,JPY,4568.T,2026-03-27,2026-03-30,-,100,-466,0,39,-3900,-3434,Re
Change in Dividend Accruals,Data,Total,,,,,,,597,0,,3900,3303,
Change in Dividend Accruals,Data,Total in USD,,,,,,,3.9356086,0,,25.66278,21.7271714,
Change in Dividend Accruals,Data,Stocks,USD,AEP,2026-02-09,2026-02-10,2026-03-10,6,1.43,0,0.95,5.7,4.27,Po
Change in Dividend Accruals,Data,Stocks,USD,AEP,2026-03-10,2026-02-10,2026-03-10,6,-1.43,0,0.95,-5.7,-4.27,Re
Change in Dividend Accruals,Data,Stocks,USD,AXP,2025-04-03,2025-04-04,2025-05-09,2,0.41,0,0.82,1.64,1.23,Po
Change in Dividend Accruals,Data,Stocks,USD,AXP,2025-05-09,2025-04-04,2025-05-09,2,-0.41,0,0.82,-1.64,-1.23,Re
Change in Dividend Accruals,Data,Stocks,USD,AXP,2025-07-02,2025-07-03,2025-08-08,4,0.82,0,0.82,3.28,2.46,Po
Change in Dividend Accruals,Data,Stocks,USD,AXP,2025-08-08,2025-07-03,2025-08-08,4,-0.82,0,0.82,-3.28,-2.46,Re
Change in Dividend Accruals,Data,Stocks,USD,AXP,2025-10-09,2025-10-10,2025-11-10,4,0.83,0,0.82,3.28,2.45,Po
Change in Dividend Accruals,Data,Stocks,USD,AXP,2025-11-10,2025-10-10,2025-11-10,4,-0.82,0,0.82,-3.28,-2.46,Re
Change in Dividend Accruals,Data,Stocks,USD,AXP,2026-01-01,2026-01-02,2026-02-10,4,0.83,0,0.82,3.28,2.45,Po
Change in Dividend Accruals,Data,Stocks,USD,AXP,2026-02-10,2026-01-02,2026-02-10,4,-0.82,0,0.82,-3.28,-2.46,Re
Change in Dividend Accruals,Data,Stocks,USD,BAC,2025-06-05,2025-06-06,2025-06-27,14,0.92,0,0.26,3.64,2.72,Po
Change in Dividend Accruals,Data,Stocks,USD,BAC,2025-06-27,2025-06-06,2025-06-27,14,-0.91,0,0.26,-3.64,-2.73,Re
Change in Dividend Accruals,Data,Stocks,USD,BAC,2025-09-04,2025-09-05,2025-09-26,14,0.98,0,0.28,3.92,2.94,Po
Change in Dividend Accruals,Data,Stocks,USD,BAC,2025-09-26,2025-09-05,2025-09-26,14,-0.98,0,0.28,-3.92,-2.94,Re
Change in Dividend Accruals,Data,Stocks,USD,BAC,2025-12-04,2025-12-05,2025-12-26,14,0.98,0,0.28,3.92,2.94,Po
Change in Dividend Accruals,Data,Stocks,USD,BAC,2025-12-26,2025-12-05,2025-12-26,14,-0.98,0,0.28,-3.92,-2.94,Re
Change in Dividend Accruals,Data,Stocks,USD,BAC,2026-03-05,2026-03-06,2026-03-27,14,0.98,0,0.28,3.92,2.94,Po
Change in Dividend Accruals,Data,Stocks,USD,BAC,2026-03-27,2026-03-06,2026-03-27,14,-0.98,0,0.28,-3.92,-2.94,Re
Change in Dividend Accruals,Data,Stocks,USD,BX,2025-04-25,2025-04-28,2025-05-05,6,1.4,0,0.93,5.58,4.18,Po
Change in Dividend Accruals,Data,Stocks,USD,BX,2025-05-05,2025-04-28,2025-05-05,6,-1.4,0,0.93,-5.58,-4.18,Re
Change in Dividend Accruals,Data,Stocks,USD,BX,2025-08-01,2025-08-04,2025-08-11,12,3.09,0,1.03,12.36,9.27,Po
Change in Dividend Accruals,Data,Stocks,USD,BX,2025-08-11,2025-08-04,2025-08-11,12,-3.09,0,1.03,-12.36,-9.27,Re
Change in Dividend Accruals,Data,Stocks,USD,BX,2025-10-31,2025-11-03,2025-11-10,12,3.87,0,1.29,15.48,11.61,Po
Change in Dividend Accruals,Data,Stocks,USD,BX,2025-11-10,2025-11-03,2025-11-10,12,-3.87,0,1.29,-15.48,-11.61,Re
Change in Dividend Accruals,Data,Stocks,USD,BX,2026-02-06,2026-02-09,2026-02-17,12,4.47,0,1.49,17.88,13.41,Po
Change in Dividend Accruals,Data,Stocks,USD,BX,2026-02-17,2026-02-09,2026-02-17,12,-4.47,0,1.49,-17.88,-13.41,Re
Change in Dividend Accruals,Data,Stocks,USD,CAT,2025-04-18,2025-04-21,2025-05-20,3,1.06,0,1.41,4.23,3.17,Po
Change in Dividend Accruals,Data,Stocks,USD,CAT,2025-05-20,2025-04-21,2025-05-20,3,-1.06,0,1.41,-4.23,-3.17,Re
Change in Dividend Accruals,Data,Stocks,USD,CAT,2025-07-18,2025-07-21,2025-08-20,3,1.13,0,1.51,4.53,3.4,Po
Change in Dividend Accruals,Data,Stocks,USD,CAT,2025-08-20,2025-07-21,2025-08-20,3,-1.13,0,1.51,-4.53,-3.4,Re
Change in Dividend Accruals,Data,Stocks,USD,CAT,2025-10-17,2025-10-20,2025-11-20,3,1.13,0,1.51,4.53,3.4,Po
Change in Dividend Accruals,Data,Stocks,USD,CAT,2025-11-20,2025-10-20,2025-11-20,3,-1.13,0,1.51,-4.53,-3.4,Re
Change in Dividend Accruals,Data,Stocks,USD,CAT,2026-01-19,2026-01-20,2026-02-19,3,1.13,0,1.51,4.53,3.4,Po
Change in Dividend Accruals,Data,Stocks,USD,CAT,2026-02-19,2026-01-20,2026-02-19,3,-1.13,0,1.51,-4.53,-3.4,Re
Change in Dividend Accruals,Data,Stocks,USD,COPX,2025-12-29,2025-12-30,2026-01-07,12,5.02,0,1.672477,20.07,15.05,Po
Change in Dividend Accruals,Data,Stocks,USD,COPX,2026-01-07,2025-12-30,2026-01-07,12,-5.02,0,1.672477,-20.07,-15.05,Re
Change in Dividend Accruals,Data,Stocks,USD,GD,2025-04-10,2025-04-11,2025-05-09,2,0.76,0,1.5,3,2.24,Po
Change in Dividend Accruals,Data,Stocks,USD,GD,2025-05-09,2025-04-11,2025-05-09,2,-0.75,0,1.5,-3,-2.25,Re
Change in Dividend Accruals,Data,Stocks,USD,GD,2025-07-02,2025-07-03,2025-08-08,2,0.75,0,1.5,3,2.25,Po
Change in Dividend Accruals,Data,Stocks,USD,GD,2025-08-08,2025-07-03,2025-08-08,2,-0.75,0,1.5,-3,-2.25,Re
Change in Dividend Accruals,Data,Stocks,USD,GD,2025-10-09,2025-10-10,2025-11-14,2,0.75,0,1.5,3,2.25,Po
Change in Dividend Accruals,Data,Stocks,USD,GD,2025-11-14,2025-10-10,2025-11-14,2,-0.75,0,1.5,-3,-2.25,Re
Change in Dividend Accruals,Data,Stocks,USD,GD,2026-01-15,2026-01-16,2026-02-06,2,0.75,0,1.5,3,2.25,Po
Change in Dividend Accruals,Data,Stocks,USD,GD,2026-02-06,2026-01-16,2026-02-06,2,-0.75,0,1.5,-3,-2.25,Re
Change in Dividend Accruals,Data,Stocks,USD,GE,2025-04-09,2025-04-10,2025-04-25,6,0.54,0,0.36,2.16,1.62,Po
Change in Dividend Accruals,Data,Stocks,USD,GE,2025-04-09,2025-04-10,2025-04-25,6,-0.54,0,0.36,-2.16,-1.62,Re
Change in Dividend Accruals,Data,Stocks,USD,GE,2025-04-25,2025-03-10,2025-04-25,6,-0.54,0,0.36,-2.16,-1.62,Re
Change in Dividend Accruals,Data,Stocks,USD,GE,2025-07-04,2025-07-07,2025-07-25,6,0.54,0,0.36,2.16,1.62,Po
Change in Dividend Accruals,Data,Stocks,USD,GE,2025-07-25,2025-07-07,2025-07-25,6,-0.54,0,0.36,-2.16,-1.62,Re
Change in Dividend Accruals,Data,Stocks,USD,GE,2025-09-26,2025-09-29,2025-10-27,6,0.54,0,0.36,2.16,1.62,Po
Change in Dividend Accruals,Data,Stocks,USD,GE,2025-10-27,2025-09-29,2025-10-27,6,-0.54,0,0.36,-2.16,-1.62,Re
Change in Dividend Accruals,Data,Stocks,USD,GE,2025-12-26,2025-12-29,2026-01-26,6,0.54,0,0.36,2.16,1.62,Po
Change in Dividend Accruals,Data,Stocks,USD,GE,2026-01-26,2025-12-29,2026-01-26,6,-0.54,0,0.36,-2.16,-1.62,Re
Change in Dividend Accruals,Data,Stocks,USD,GE,2026-03-06,2026-03-09,2026-04-27,6,0.71,0,0.47,2.82,2.11,Po
Change in Dividend Accruals,Data,Stocks,USD,LLY,2025-05-15,2025-05-16,2025-06-10,1.72,0.65,0,1.5,2.58,1.93,Po
Change in Dividend Accruals,Data,Stocks,USD,LLY,2025-06-10,2025-05-16,2025-06-10,1.72,-0.65,0,1.5,-2.58,-1.93,Re
Change in Dividend Accruals,Data,Stocks,USD,LLY,2025-08-14,2025-08-15,2025-09-10,1.72,0.65,0,1.5,2.58,1.93,Po
Change in Dividend Accruals,Data,Stocks,USD,LLY,2025-09-10,2025-08-15,2025-09-10,1.72,-0.65,0,1.5,-2.58,-1.93,Re
Change in Dividend Accruals,Data,Stocks,USD,LLY,2025-11-13,2025-11-14,2025-12-10,1.72,0.65,0,1.5,2.58,1.93,Po
Change in Dividend Accruals,Data,Stocks,USD,LLY,2025-12-10,2025-11-14,2025-12-10,1.72,-0.65,0,1.5,-2.58,-1.93,Re
Change in Dividend Accruals,Data,Stocks,USD,LLY,2026-02-12,2026-02-13,2026-03-10,1.72,0.75,0,1.73,2.98,2.23,Po
Change in Dividend Accruals,Data,Stocks,USD,LLY,2026-03-10,2026-02-13,2026-03-10,1.72,-0.75,0,1.73,-2.98,-2.23,Re
Change in Dividend Accruals,Data,Stocks,USD,MCHI,2025-06-13,2025-06-16,2025-06-20,12,1.61,0,0.535561,6.43,4.82,Po
Change in Dividend Accruals,Data,Stocks,USD,MCHI,2025-06-20,2025-06-16,2025-06-20,12,-1.61,0,0.535561,-6.43,-4.82,Re
Change in Dividend Accruals,Data,Stocks,USD,MCHI,2025-12-15,2025-12-16,2025-12-19,12,2.21,0,0.735007,8.82,6.61,Po
Change in Dividend Accruals,Data,Stocks,USD,MCHI,2025-12-19,2025-12-16,2025-12-19,12,-2.21,0,0.735007,-8.82,-6.61,Re
Change in Dividend Accruals,Data,Stocks,USD,META,2025-12-12,2025-12-15,2025-12-23,2,0.26,0,0.525,1.05,0.79,Po
Change in Dividend Accruals,Data,Stocks,USD,META,2025-12-23,2025-12-15,2025-12-23,2,-0.26,0,0.525,-1.05,-0.79,Re
Change in Dividend Accruals,Data,Stocks,USD,META,2026-03-13,2026-03-16,2026-03-26,2,0.26,0,0.525,1.05,0.79,Po
Change in Dividend Accruals,Data,Stocks,USD,META,2026-03-26,2026-03-16,2026-03-26,2,-0.26,0,0.525,-1.05,-0.79,Re
Change in Dividend Accruals,Data,Stocks,USD,MSFT,2025-05-14,2025-05-15,2025-06-12,3,0.62,0,0.83,2.49,1.87,Po
Change in Dividend Accruals,Data,Stocks,USD,MSFT,2025-06-12,2025-05-15,2025-06-12,3,-0.62,0,0.83,-2.49,-1.87,Re
Change in Dividend Accruals,Data,Stocks,USD,MSFT,2025-08-20,2025-08-21,2025-09-11,3,0.62,0,0.83,2.49,1.87,Po
Change in Dividend Accruals,Data,Stocks,USD,MSFT,2025-09-11,2025-08-21,2025-09-11,3,-0.62,0,0.83,-2.49,-1.87,Re
Change in Dividend Accruals,Data,Stocks,USD,MSFT,2025-11-19,2025-11-20,2025-12-11,3,0.68,0,0.91,2.73,2.05,Po
Change in Dividend Accruals,Data,Stocks,USD,MSFT,2025-12-11,2025-11-20,2025-12-11,3,-0.68,0,0.91,-2.73,-2.05,Re
Change in Dividend Accruals,Data,Stocks,USD,MSFT,2026-02-18,2026-02-19,2026-03-12,3,0.68,0,0.91,2.73,2.05,Po
Change in Dividend Accruals,Data,Stocks,USD,MSFT,2026-03-12,2026-02-19,2026-03-12,3,-0.68,0,0.91,-2.73,-2.05,Re
Change in Dividend Accruals,Data,Stocks,USD,RTX,2025-05-22,2025-05-23,2025-06-12,5,0.85,0,0.68,3.4,2.55,Po
Change in Dividend Accruals,Data,Stocks,USD,RTX,2025-06-12,2025-05-23,2025-06-12,5,-0.85,0,0.68,-3.4,-2.55,Re
Change in Dividend Accruals,Data,Stocks,USD,RTX,2025-08-14,2025-08-15,2025-09-04,5,0.85,0,0.68,3.4,2.55,Po
Change in Dividend Accruals,Data,Stocks,USD,RTX,2025-09-04,2025-08-15,2025-09-04,5,-0.85,0,0.68,-3.4,-2.55,Re
Change in Dividend Accruals,Data,Stocks,USD,RTX,2025-11-20,2025-11-21,2025-12-11,5,0.85,0,0.68,3.4,2.55,Po
Change in Dividend Accruals,Data,Stocks,USD,RTX,2025-12-11,2025-11-21,2025-12-11,5,-0.85,0,0.68,-3.4,-2.55,Re
Change in Dividend Accruals,Data,Stocks,USD,RTX,2026-02-19,2026-02-20,2026-03-19,5,0.85,0,0.68,3.4,2.55,Po
Change in Dividend Accruals,Data,Stocks,USD,RTX,2026-03-19,2026-02-20,2026-03-19,5,-0.85,0,0.68,-3.4,-2.55,Re
Change in Dividend Accruals,Data,Stocks,USD,TGT,2025-05-13,2025-05-14,2025-06-02,9,2.52,0,1.12,10.08,7.56,Po
Change in Dividend Accruals,Data,Stocks,USD,TGT,2025-06-02,2025-05-14,2025-06-02,9,-2.52,0,1.12,-10.08,-7.56,Re
Change in Dividend Accruals,Data,Stocks,USD,TGT,2025-08-12,2025-08-13,2025-09-02,9,2.57,0,1.14,10.26,7.69,Po
Change in Dividend Accruals,Data,Stocks,USD,TGT,2025-09-02,2025-08-13,2025-09-02,9,-2.57,0,1.14,-10.26,-7.69,Re
Change in Dividend Accruals,Data,Stocks,USD,TGT,2025-11-11,2025-11-12,2025-12-01,20,5.7,0,1.14,22.8,17.1,Po
Change in Dividend Accruals,Data,Stocks,USD,TGT,2025-12-01,2025-11-12,2025-12-01,20,-5.7,0,1.14,-22.8,-17.1,Re
Change in Dividend Accruals,Data,Stocks,USD,TGT,2026-02-10,2026-02-11,2026-03-01,20,5.7,0,1.14,22.8,17.1,Po
Change in Dividend Accruals,Data,Stocks,USD,TGT,2026-03-01,2026-02-11,2026-03-01,20,-5.7,0,1.14,-22.8,-17.1,Re
Change in Dividend Accruals,Data,Stocks,USD,TIP,2025-03-31,2025-04-01,2025-04-04,12,2.13,0,0.70918,8.51,6.38,Po
Change in Dividend Accruals,Data,Stocks,USD,TIP,2025-04-04,2025-04-01,2025-04-04,12,-2.13,0,0.70918,-8.51,-6.38,Re
Change in Dividend Accruals,Data,Stocks,USD,TIP,2025-04-30,2025-05-01,2025-05-06,12,1.61,0,0.534953,6.42,4.81,Po
Change in Dividend Accruals,Data,Stocks,USD,TIP,2025-05-06,2025-05-01,2025-05-06,12,-1.61,0,0.534953,-6.42,-4.81,Re
Change in Dividend Accruals,Data,Stocks,USD,TIP,2025-05-30,2025-06-02,2025-06-05,12,0.82,0,0.273105,3.28,2.46,Po
Change in Dividend Accruals,Data,Stocks,USD,TIP,2025-06-05,2025-06-02,2025-06-05,12,-0.82,0,0.273105,-3.28,-2.46,Re
Change in Dividend Accruals,Data,Stocks,USD,TIP,2025-06-30,2025-07-01,2025-07-07,12,1.14,0,0.379923,4.56,3.42,Po
Change in Dividend Accruals,Data,Stocks,USD,TIP,2025-07-07,2025-07-01,2025-07-07,12,-1.14,0,0.379923,-4.56,-3.42,Re
Change in Dividend Accruals,Data,Stocks,USD,TIP,2025-07-31,2025-08-01,2025-08-06,12,0.79,0,0.264488,3.17,2.38,Po
Change in Dividend Accruals,Data,Stocks,USD,TIP,2025-08-06,2025-08-01,2025-08-06,12,-0.79,0,0.264488,-3.17,-2.38,Re
Change in Dividend Accruals,Data,Stocks,USD,TIP,2025-09-01,2025-09-02,2025-09-05,12,1.25,0,0.417238,5.01,3.76,Po
Change in Dividend Accruals,Data,Stocks,USD,TIP,2025-09-05,2025-09-02,2025-09-05,12,-1.25,0,0.417238,-5.01,-3.76,Re
Change in Dividend Accruals,Data,Stocks,USD,TIP,2025-09-30,2025-10-01,2025-10-06,12,0.6,0,0.198069,2.38,1.78,Po
Change in Dividend Accruals,Data,Stocks,USD,TIP,2025-10-06,2025-10-01,2025-10-06,12,-0.6,0,0.198069,-2.38,-1.78,Re
Change in Dividend Accruals,Data,Stocks,USD,TIP,2025-10-31,2025-11-03,2025-11-06,12,1.08,0,0.360933,4.33,3.25,Po
Change in Dividend Accruals,Data,Stocks,USD,TIP,2025-11-06,2025-11-03,2025-11-06,12,-1.08,0,0.360933,-4.33,-3.25,Re
Change in Dividend Accruals,Data,Stocks,USD,TIP,2025-11-28,2025-12-01,2025-12-04,12,0.97,0,0.322417,3.87,2.9,Po
Change in Dividend Accruals,Data,Stocks,USD,TIP,2025-12-04,2025-12-01,2025-12-04,12,-0.97,0,0.322417,-3.87,-2.9,Re
Change in Dividend Accruals,Data,Stocks,USD,TIP,2025-12-18,2025-12-19,2025-12-24,12,1.03,0,0.341961,4.1,3.07,Po
Change in Dividend Accruals,Data,Stocks,USD,TIP,2025-12-24,2025-12-19,2025-12-24,12,-1.03,0,0.341961,-4.1,-3.07,Re
Change in Dividend Accruals,Data,Stocks,USD,TSM,2025-04-10,2025-03-18,2025-04-10,3,-0.43,0,0.677693,-2.05,-1.62,Re
Change in Dividend Accruals,Data,Stocks,USD,TSM,2025-06-11,2025-06-12,2025-07-10,3,0.47,0,0.751983,2.25,1.78,Po
Change in Dividend Accruals,Data,Stocks,USD,TSM,2025-06-11,2025-06-12,2025-07-10,3,0.49,0,0.780305,2.34,1.85,Po
Change in Dividend Accruals,Data,Stocks,USD,TSM,2025-06-11,2025-06-12,2025-07-10,3,-0.47,0,0.780305,-2.25,-1.78,Re
Change in Dividend Accruals,Data,Stocks,USD,TSM,2025-07-10,2025-06-12,2025-07-10,3,-0.49,0,0.780305,-2.34,-1.85,Re
Change in Dividend Accruals,Data,Stocks,USD,TSM,2025-09-15,2025-09-16,2025-10-09,3,0.51,0,0.81577,2.44,1.93,Po
Change in Dividend Accruals,Data,Stocks,USD,TSM,2025-10-09,2025-09-16,2025-10-09,3,-0.51,0,0.821965,-2.44,-1.93,Re
Change in Dividend Accruals,Data,Stocks,USD,TSM,2025-12-10,2025-12-11,2026-01-08,3,0.5,0,0.797246,2.39,1.89,Po
Change in Dividend Accruals,Data,Stocks,USD,TSM,2026-01-08,2025-12-11,2026-01-08,3,-0.5,0,0.79542,-2.39,-1.89,Re
Change in Dividend Accruals,Data,Stocks,USD,TSM,2026-03-16,2026-03-17,2026-04-09,3,0.6,0,0.955724,2.87,2.27,Po
Change in Dividend Accruals,Data,Stocks,USD,URA,2025-12-29,2025-12-30,2026-01-07,30,15.63,0,2.084331,62.53,46.9,Po
Change in Dividend Accruals,Data,Stocks,USD,URA,2026-01-07,2025-12-30,2026-01-07,30,-15.63,0,2.084331,-62.53,-46.9,Re
Change in Dividend Accruals,Data,Stocks,USD,V,2026-02-09,2026-02-10,2026-03-02,3,0.5,0,0.67,2.01,1.51,Po
Change in Dividend Accruals,Data,Stocks,USD,V,2026-03-02,2026-02-10,2026-03-02,3,-0.5,0,0.67,-2.01,-1.51,Re
Change in Dividend Accruals,Data,Total,,,,,,,0.38,0,,1.48,1.1,
Change in Dividend Accruals,Data,Total Stocks in USD,,,,,,,4.3692636,0,,45.438025,41.0687614,
Change in Dividend Accruals,Data,Ending Dividend Accruals in USD,,,,,,,,,,,43.0472212,
Financial Instrument Information,Header,Asset Category,Symbol,Description,Conid,Security ID,Underlying,Listing Exch,Multiplier,Type,Code
Financial Instrument Information,Data,Stocks,3088,CHINAAMC HANG SENG TECH,443041738,HK0000643327,3088,SEHK,1,ETF,
Financial Instrument Information,Data,Stocks,3110,GLOBAL X HS HIGH DIV YIE,129227990,HK0000151933,3110,SEHK,1,ETF,
Financial Instrument Information,Data,Stocks,3188,CHINAAMC ETF SERIES - CH,116433724,HK0000123577,3188,SEHK,1,ETF,
Financial Instrument Information,Data,Stocks,3416,GLOBAL X HSCEI COVERED C,687069442,HK0000978954,3416,SEHK,1,ETF,
Financial Instrument Information,Data,Stocks,4568.T,DAIICHI SANKYO CO LTD,35928149,JP3475350009,4568,TSEJ,1,COMMON,
Financial Instrument Information,Data,Stocks,AEP,AMERICAN ELECTRIC POWER,4211,US0255371017,AEP,NASDAQ,1,COMMON,
Financial Instrument Information,Data,Stocks,"AIRd, AIR",AIRBUS SE,29612256,NL0000235190,AIR,SBF,1,COMMON,
Financial Instrument Information,Data,Stocks,AMZN,AMAZON.COM INC,3691937,US0231351067,AMZN,NASDAQ,1,COMMON,
Financial Instrument Information,Data,Stocks,AXP,AMERICAN EXPRESS CO,4721,US0258161092,AXP,NYSE,1,COMMON,
Financial Instrument Information,Data,Stocks,BAC,BANK OF AMERICA CORP,10098,US0605051046,BAC,NYSE,1,COMMON,
Financial Instrument Information,Data,Stocks,BLBD,BLUE BIRD CORP,185200225,US0953061068,BLBD,NASDAQ,1,COMMON,
Financial Instrument Information,Data,Stocks,BNO,UNITED STATES BRENT OIL FUND,75961365,US91167Q1004,BNO,ARCA,1,ETF,
Financial Instrument Information,Data,Stocks,BX,BLACKSTONE INC,372834689,US09260D1072,BX,NYSE,1,COMMON,
Financial Instrument Information,Data,Stocks,CAT,CATERPILLAR INC,5437,US1491231015,CAT,NYSE,1,COMMON,
Financial Instrument Information,Data,Stocks,COPX,GLOBAL X COPPER MINERS ETF,211651700,US37954Y8306,COPX,ARCA,1,ETF,
Financial Instrument Information,Data,Stocks,GD,GENERAL DYNAMICS CORP,7496,US3695501086,GD,NYSE,1,COMMON,
Financial Instrument Information,Data,Stocks,GE,GENERAL ELECTRIC,498843743,US3696043013,GE,NYSE,1,COMMON,
Financial Instrument Information,Data,Stocks,LLY,ELI LILLY & CO,9160,US5324571083,LLY,NYSE,1,COMMON,
Financial Instrument Information,Data,Stocks,MCHI,ISHARES MSCI CHINA ETF,86326988,US46429B6719,MCHI,NASDAQ,1,ETF,
Financial Instrument Information,Data,Stocks,META,META PLATFORMS INC-CLASS A,107113386,US30303M1027,META,NASDAQ,1,COMMON,
Financial Instrument Information,Data,Stocks,MSFT,MICROSOFT CORP,272093,US5949181045,MSFT,NASDAQ,1,COMMON,
Financial Instrument Information,Data,Stocks,NFLX,NETFLIX INC,15124833,US64110L1061,NFLX,NASDAQ,1,COMMON,
Financial Instrument Information,Data,Stocks,RTX,RTX CORP,415342104,US75513E1010,RTX,NYSE,1,COMMON,
Financial Instrument Information,Data,Stocks,"SHELL, R6C0d",SHELL PLC,541411967,GB00BP6MXD84,SHELL,AEB,1,COMMON,
Financial Instrument Information,Data,Stocks,SHELL.DDR,SHELL PLC - DIVIDEND RIGHTS,855707034,NL0015073VB0,SHELL.DDR,CORPACT,1,RIGHT,
Financial Instrument Information,Data,Stocks,SHELL.DRS,SHELL PLC - DIVIDEND RIGHTS,806536925,NL0015002L33,SHELL.DRS,CORPACT,1,RIGHT,
Financial Instrument Information,Data,Stocks,SHELL.DVD,SHELL PLC - DIVIDEND RIGHTS,784210270,NL0015002HW4,SHELL.DVD,CORPACT,1,RIGHT,
Financial Instrument Information,Data,Stocks,SHELL1.DI,SHELL PLC - DIVIDEND RIGHTS,830625049,NL0015002SG4,SHELL1.DI,CORPACT,1,RIGHT,
Financial Instrument Information,Data,Stocks,SIE,SIEMENS AG-REG,14217,DE0007236101,SIE,IBIS,1,COMMON,
Financial Instrument Information,Data,Stocks,SLV,ISHARES SILVER TRUST,39039301,US46428Q1094,SLV,ARCA,1,ETF,
Financial Instrument Information,Data,Stocks,TGT,TARGET CORP,6437,US87612E1064,TGT,NYSE,1,COMMON,
Financial Instrument Information,Data,Stocks,TIP,ISHARES TIPS BOND ETF,26787475,US4642871762,TIP,ARCA,1,ETF,
Financial Instrument Information,Data,Stocks,TSM,TAIWAN SEMICONDUCTOR-SP ADR,6223250,US8740391003,TSM,NYSE,1,ADR,
Financial Instrument Information,Data,Stocks,URA,GLOBAL X URANIUM ETF,211651685,US37954Y8710,URA,ARCA,1,ETF,
Financial Instrument Information,Data,Stocks,V,VISA INC-CLASS A SHARES,49462172,US92826C8394,V,NYSE,1,COMMON,
Financial Instrument Information,Data,Stocks,"ZEALc, ZEAL",ZEALAND PHARMA A/S,290085857,DK0060257814,ZEAL,CPH,1,COMMON,
Codes,Header,Code,Meaning,Code (Cont.),Meaning (Cont.)
Codes,Data,A,Assignment
Codes,Data,ADR,ADR Fee Accrual
Codes,Data,AEx,Automatic exercise for dividend-related recommendation.
Codes,Data,AFx,AutoFX conversion resulting from trading
Codes,Data,Adj,Adjustment
Codes,Data,Al,Allocation
Codes,Data,Aw,Away Trade
Codes,Data,B,Automatic Buy-in
Codes,Data,Bo,Direct Borrow
Codes,Data,C,Closing Trade
Codes,Data,CD,Cash Delivery
Codes,Data,CP,Complex Position
Codes,Data,Ca,Cancelled
Codes,Data,Co,Corrected Trade
Codes,Data,Cx,Part or all of this transaction was a Crossing executed as dual agent by Broker for two Broker customers
Codes,Data,DT,Discounted Trade
Codes,Data,De,Delivery or Conversion Action
Codes,Data,ETF,ETF Creation/Redemption
Codes,Data,Ep,Resulted from an Expired Position
Codes,Data,Ex,Exercise
Codes,Data,FP,"Broker acted as agent for the fractional share portion of this trade, which was executed by a Broker affiliate as principal."
Codes,Data,FPA,Broker acted as agent for both the fractional share portion and the whole share portion of this trade; the fractional share portion was executed by a Broker Affiliate as principal.
Codes,Data,G,Trade in Guaranteed Account Segment
Codes,Data,GEA,Exercise or Assignment resulting from offsetting positions
Codes,Data,HC,Highest Cost tax basis election
Codes,Data,HFI,Investment Transferred to Hedge Fund
Codes,Data,HFR,Redemption from Hedge Fund
Codes,Data,I,Internal Transfer
Codes,Data,IA,This transaction was executed against a Broker affiliate
Codes,Data,IM,A portion of the order was executed against a Broker affiliate; A broker acted as agent on a portion.
Codes,Data,INV,Investment Transfer from Investor
Codes,Data,IPO,This transaction was executed as part of an IPO in which Broker was a member of the selling group and is classified as a Principal trade.
Codes,Data,L,Ordered by Broker (Margin Violation)
Codes,Data,LD,Adjusted by Loss Disallowed from Wash Sale
Codes,Data,LF,Liquidation of fractional position by IB
Codes,Data,LI,"Last In, First Out (LIFO) tax basis election"
Codes,Data,LT,Long Term P/L
Codes,Data,Lo,Direct Loan
Codes,Data,M,Entered manually by Broker
Codes,Data,MEx,Manual exercise for dividend-related recommendation.
Codes,Data,ML,Maximize Losses tax basis election
Codes,Data,MLG,Maximize Long Term Gain tax basis election
Codes,Data,MLL,Maximize Long Term Loss tax basis election
Codes,Data,MSG,Maximize Short Term Gain tax basis election
Codes,Data,MSL,Maximize Short Term Loss tax basis election
Codes,Data,O,Opening Trade
Codes,Data,Off,Yes and No contracts offset to $1.00 cash settlement
Codes,Data,P,Partial Execution
Codes,Data,PE,Perpetual Investment
Codes,Data,PI,Price Improvement
Codes,Data,PTA,Post Trade Allocation
Codes,Data,Po,Interest or Dividend Accrual Posting
Codes,Data,Pr,Part or all of this transaction was executed by the Exchange as a Crossing by Broker against a Broker affiliate and is therefore classified as a Principal and not an agency trade
Codes,Data,R,Dividend Reinvestment
Codes,Data,RED,Redemption to Investor
Codes,Data,RI,Recurring Investment
Codes,Data,RP,"Broker acted as agent for the fractional share portion of this trade, which was executed by a Broker affiliate as riskless principal."
Codes,Data,RPA,Broker acted as agent for both the fractional share portion and the whole share portion of this trade; the fractional share portion was executed by a Broker Affiliate as riskless principal.
Codes,Data,Rb,Rebill
Codes,Data,Re,Interest or Dividend Accrual Reversal
Codes,Data,Ri,Reimbursement
Codes,Data,S0,Contract settled to zero value
Codes,Data,S1,Contract settled to $1.00
Codes,Data,SF,Trade is subject to IBKR Lite Surcharge Fee if volume of such trades exceeds 10% of the total monthly Lite trade volume
Codes,Data,SI,This order was solicited by Broker
Codes,Data,SL,Specific Lot tax basis election
Codes,Data,SO,This order was marked as solicited by your Introducing Broker
Codes,Data,SS,Customer designated this trade for shortened settlement and so is subject to execution at prices above the prevailing market
Codes,Data,ST,Short Term P/L
Codes,Data,Sw,Money Market Fund Sweep
Codes,Data,T,Transfer
Codes,Data,TO,This cryptocurrency is not supported in your account. You will not be able to sell it from your account but may transfer it out at any time.
Codes,Data,Un,Unvested shares from stock grant
Codes,Data,XCH,Mutual Fund Exchange Transaction
Notes/Legal Notes,Header,Type,Note
Notes/Legal Notes,Data,Notes,"Stock exchange transactions generally settle on the trade date plus one business day (T+1). Options, futures and US open-end mutual fund transactions also settle on trade date plus one business day. Some exchanges and other transaction types may have longer or shorter settlement periods. Ending settled cash reflects the cash that has actually settled."
Notes/Legal Notes,Data,Notes,Initial and maintenance margin requirements are available within the Account Window of the Trader Workstation.
Notes/Legal Notes,Data,Notes,"Interactive Brokers LLC receives compensation from fund companies in connection with the purchase and holding of fund shares by customers of Interactive Brokers LLC. Such compensation includes, but is not limited to, Rule 12b-1 fees that are paid out of the funds assets. The source and amount of any remuneration received by Interactive Brokers LLC in connection with a transaction will be furnished upon written request of the customer.  IB may share a portion of the compensation received from fund companies with your independent advisor or introducing broker."
Notes/Legal Notes,Data,Notes,"Quantities preceded by a ""-"" sign indicate sell transactions. Other transactions are purchases. "
Notes/Legal Notes,Data,Notes,"IB acts as agent in executing the fractional share portion of your order. In certain circumstances, IB routes the fractional portion of your order to an affiliate, which may execute the fractional portion of the order as principal. In such circumstances, this is indicated by the codes associated with the trade. If an IB affiliate acts as principal in executing any fractional share portion of your order, the order will be executed at the price displayed for the opposite side of the NBBO from your order (the offer if you are buying and the bid if you are selling) at the time of execution. If an IB affiliate is acting as riskless principal in connection with filling the fractional share portion of your order, the affiliate will execute the fractional share portion of your order at the price it receives for the execution of the whole share."
Notes/Legal Notes,Data,Notes,"In case of partial executions, commissions are charged on the total quantity executed on the original order. The commission is displayed on the first partial execution only."
Notes/Legal Notes,Data,Notes,Trade execution times are displayed in Eastern Time.
Notes/Legal Notes,Data,Notes,Applicable regulatory fees for your transactions are available on the IB website at www.interactivebrokers.com/en/accounts/fees/exchangeAndRegulatoryFees.php.
Notes/Legal Notes,Data,Notes,"Borrow Fee Rate represents the cost to borrow stock expressed in percent per annum. It is applied to the collateral value on the stock borrow contract and is separate from any interest earned on credit cash balances. Similarly, Loan Fee Rate represents the benefit to lend stock. A positive rate indicates a cost to the borrower/benefit to the lender and a negative rate indicates a benefit to the borrower/cost to the lender. In general, the fee rates for hard-to-borrow stocks are higher than for normal availability stocks."
Notes/Legal Notes,Data,Notes,Interest Rate on Customer Collateral represents the interest paid on the collateral posted to the customer's account and received from lending stock.  A positive rate indicates a benefit to the lender.
Notes/Legal Notes,Data,Notes,"The closing prices on this Activity Statement are indicative and may come from third-party sources. Interactive Brokers does not warrant the accuracy of the prices provided by third-party sources. Due to time zone differences, certain non-US mutual funds may deliver closing prices after the Activity Statement has been produced and the closing prices for such funds will reflect the previous day's price."
Notes/Legal Notes,Data,Notes,All Market Data and Research services are provided through Global Financial Information Services (GmbH).
Notes/Legal Notes,Data,Notes,"Market data is provided by Global Financial Information Services (GmbH). Your local broker collects amounts owed for fees and tax for such data on behalf of Global Financial Information Services (GmbH). Note, you are responsible for any applicable taxes relating to the provision of these services."
Notes/Legal Notes,Data,Notes,"For clients whose accounts are being managed by an advisor, trades shown may be part of a larger trade that was allocated across multiple client accounts, based on an allocation algorithm specified by the advisor prior to execution of the trade.  Times shown are times that trades were allocated to your account.  Execution time on the relevant market center is available upon your request."
Notes/Legal Notes,Data,Notes,"If you specified that your advisor is to receive a per-trade advisory fee, please note that the figures in the ""Commiss"" column in the transaction listings are gross amounts that include both IB's brokerage commission for the trade as well as the advisor's per-trade fee.  IB receives its standard published brokerage commissions on your trades ( see www.interactivebrokers.com ). To determine the advisor's per-trade fee for any trade, subtract IB's standard commission from the amount shown."
Notes/Legal Notes,Data,Notes,The stated commission rate on the Interactive Brokers website is for direct clients of Interactive Brokers. Clients managed by an advisor may pay additional commissions set by their advisor. Clients should contact their advisor about the rates that will apply to their account.
Notes/Legal Notes,Data,Notes,RUS denotes Ruble balances that have been restricted by Russian authorities.
Notes/Legal Notes,Data,Mutual Fund Notes,"All purchase and sales of mutual funds are calculated against the published NAV (Net Asset Value) of the underlying fund and is displayed on this confirmation as the ""C. Price"" (Closing Price). Due to any fees charged by a fund and/or any share rounding, the net price you pay may vary from the published NAV and is shown on this confirmation as the ""T. Price"" (Trade Price)."
Notes/Legal Notes,Data,Fixed Income Notes,"Call features for bonds or preferred stocks may affect the yield. For zero coupon, compound interest and multiplier securities, there are no periodic payments and securities may be callable below maturity value without notice to holder unless registered. For asset-backed securities, the actual yield may vary depending on the speed at which the underlying note is pre-paid. For additional information regarding bond yield, please contact the IB Help Desk at: ibkr.com/help. If this debt security is unrated by a nationally recognized statistical rating organization, it may pose a high risk of default. You should consult an independent advisor to determine whether unrated bonds are appropriate for your portfolio in light of your goals and your financial circumstances. Fees charged by bond trading centers are included in the cost of bond transactions."
Notes/Legal Notes,Data,Legal Notes,"Please promptly report any inaccuracy or discrepancy in this statement, or in your account. Contact the IB Customer Service Department in writing using the form available on the IB website. You may also contact IB by phone, but if you report an error by phone, you should re-confirm such oral communication in writing in order to protect your rights, including rights under the Securities Investor Protection Act (SIPA).Interactive Brokers:Interactive Brokers LLC, www.interactivebrokers.com, 877-442-2757 (U.S.)Interactive Brokers (UK) (Ltd), www.interactivebrokers.co.uk, 00800-42-276537 (Intl)Interactive Brokers Canada Inc., www.interactivebrokers.ca, 877-745-4222 (Can.)"
Notes/Legal Notes,Data,Legal Notes,"Unless otherwise noted, Interactive Brokers acted as agent in the execution of the above transactions. For those exchanges where IB is not a direct clearing member or custodian, IB may use one of the following clearing agents or sub-custodians: Interactive Brokers Australia Pty Limited; Interactive Brokers Canada Inc.; Interactive Brokers Hong Kong Limited; Interactive Brokers Ireland, Limited; Interactive Brokers Securities Japan, Inc.; Interactive Brokers (U.K.) Limited; IBKR Financial Services AG; ABN Amro Clearing Singapore Pte. Ltd.; Allfunds Bank, S.A.U.; Banco B3 S.A.; BBVA Bancomer, S.A.; BNP Securities Services, Milan Branch; BMO Bank N.A.; Citibank Europe plc; Skandinaviska Enskilda Banken AB (including select branches)."
Notes/Legal Notes,Data,Legal Notes,"IB acts as agent or riskless principal in foreign currency exchange transactions and as riskless principal in spot precious metals transactions.  Such transactions are executed against an IB affiliate or a third party, which acts as principal in such transactions and may have a long or short position and may have profited or lost in connection with the transaction.  Foreign currency exchange and spot precious metals transactions executed by Customer through IB are not regulated or overseen by the SEC or the CFTC."
Notes/Legal Notes,Data,Legal Notes,"IB accepts liquidity rebates or other order flow payments from Alternative Trading Systems, market makers and exchanges for certain orders in stocks. IB receives payment for some option orders pursuant to exchange-mandated marketing fee programs or other arrangements. The source and nature of any compensation received by IB in connection with any transaction is available upon written request of the customer. For further information, check the IB website and the Order Routing and Payment for Order Flow Disclosure provided when you opened your account and annually or visit ibkr.com/help.  "
Notes/Legal Notes,Data,Legal Notes,"For security futures trades, if not already indicated on this statement, information about the time of any transaction, the identity of the counterparty to the transaction, and whether IB is acting as agent or principal, as agent for the counterparty, as agent for both parties to the contract, or as principal, and if acting as principal, whether the transaction was a block transaction or an exchange for physicals transaction, will be available upon written request of the customer."
Notes/Legal Notes,Data,Legal Notes,Customer is requested to promptly advise Interactive Brokers of any material change in Customers investment objectives.
Notes/Legal Notes,Data,Legal Notes,"Interactive Brokers LLC, member Securities Investor Protection Corporation (SIPC), provides execution, clearing and carrying services for your account pursuant to an agreement with MATCAP WEALTH ADVISORS PRIVATE LIMITED. As with all securities firms, SIPC coverage provides protection against failure of a broker-dealer, not against loss of market value of securities.  Futures and options on futures are not covered by SIPC."
Notes/Legal Notes,Data,Legal Notes,"A financial statement of Interactive Brokers LLC is available for your personal inspection at www.interactivebrokers.com or at its offices, or a copy of it will be mailed upon your written request."
Notes/Legal Notes,Data,Legal Notes,"For trades executed on the ASX market, the ASX 24 market and the Cboe Australia market, this confirmation is issued subject to: (i) the Applicable Laws, the directions, decisions and requirements of the relevant market operator, the operating rules of the relevant market, the clearing rules and where relevant, the relevant settlement rules, (ii) the customs and usages of the relevant financial market, and (iii) the correction of errors and omissions. Trades in Cash Market Products (as that term is defined in the relevant ASIC market integrity rules) on ASX market and Cboe Australia are cleared by BNP Paribas, ARBN 149 440 291, AFSL 402467, who is a participant of ASX Clear Pty Ltd and ASX Settlement Pty Ltd. Trades in Derivative Products on ASX and all products on ASX 24 are cleared by Interactive Brokers Australia (“IBA”) as a participant of ASX Clear Pty Ltd and ASX Clear (Futures) Pty Ltd. If your transaction was a crossing transaction, IBA may have either acted on behalf of (i) both the buyer and seller of this transaction, or (ii) on behalf of the buyer or seller on one side of the transaction and acted as Principal on the other side. Under the Corporations Act 2001, where IBA enters into an exchange traded derivative on a customer's behalf, IBA is regarded as having issued the derivative to the customer."
Notes/Legal Notes,Data,Legal Notes,"For All Options Trades Executed on the Stock Exchange of Hong Kong (""SEHK""): (a) Options can involve a high degree of risk and may not be suitable for every investor. Investors should ensure they understand those risks before participating in the options market. (b) All options contracts executed on the SEHK were executed by Interactive Brokers Hong Kong Limited on behalf of Interactive Brokers LLC. (c) In the event of a default committed by Interactive Brokers LLC resulting in the client suffering any pecuniary loss, the client shall have a right to claim under the Investor Compensation Fund established under the Hong Kong Securities and Futures Ordinance, subject to the terms of the Investor Compensation Fund from time to time. (d) All Exchange Traded Options Business made for or on behalf of a client shall be subject to the relevant provisions of the constitution, Rules of The Stock Exchange of Hong Kong Limited (""SEHK Rules""), regulations, the Articles, customs and usages of SEHK, the Options Trading Rules, the Clearing Rules of SEOCH, the CCASS Rules and the laws of Hong Kong, which shall be binding on both Interactive Brokers LLC and the client."
Notes/Legal Notes,Data,Legal Notes,"Interactive Brokers LLC is a SIPC member. Deposits held away from Interactive Brokers LLC may not qualify under SIPC protection. Also, futures and options on futures are not covered by SIPC."
Notes/Legal Notes,Data,,Interactive Brokers LLC is a SIPC Member
