Statement,Header,Field Name,Field Value
Statement,Data,Title,Activity Statement
Statement,Data,Period,"April 1, 2026 - September 8, 2026"
Statement,Data,WhenGenerated,"2026-09-09, 09:20:58 EDT"
Account Information,Header,Field Name,Field Value
Account Information,Data,Name,Yagyank Chadha
Account Information,Data,Account,U15172057
Account Information,Data,Investment Advisor,MATCAP WEALTH ADVISORS PRIVATE LIMITED
Account Information,Data,Account Type,Advisor Client
Account Information,Data,Customer Type,Individual
Account Information,Data,Account Capabilities,Cash
Account Information,Data,Base Currency,USD
Net Asset Value,Header,Asset Class,Prior Total,Current Long,Current Short,Current Total,Change
Net Asset Value,Data,Cash ,1897.136667605,11241.109550369,-0,11241.109550369,9343.972882764
Net Asset Value,Data,Collateral Value,6616.102421011,9152.358733455,0,9152.358733455,2536.256312444
Net Asset Value,Data,Stock,110815.755362,142323.395859,0,142323.395859,31507.640497
Net Asset Value,Data,Securities Lent,-6616.102421011,0,-9152.358733455,-9152.358733455,-2536.256312444
Net Asset Value,Data,Interest Accruals,1.0803485,0,0,0,-1.0803485
Net Asset Value,Data,Dividend Accruals,128.4470356,54.34114,-0.66,53.68114,-74.7658956
Net Asset Value,Data,Total,112842.419413705,162771.205282825,-9153.018733456,153618.186549369,40775.767135664
Net Asset Value,Header,Time Weighted Rate of Return
Net Asset Value,Data,17.846973401%
Change in NAV,Header,Field Name,Field Value
Change in NAV,Data,Starting Value,112842.419413705
Change in NAV,Data,Mark-to-Market,22512.730694231
Change in NAV,Data,Deposits & Withdrawals,20052.5
Change in NAV,Data,Dividends,818.362953
Change in NAV,Data,Withholding Tax,-149.1816967
Change in NAV,Data,Change in Dividend Accruals,-74.8911596
Change in NAV,Data,Interest,87.7687196
Change in NAV,Data,Change in Interest Accruals,-1.0995048
Change in NAV,Data,Advisor Fees,-2261.8
Change in NAV,Data,Other Fees,-0.01654279
Change in NAV,Data,Commissions,-127.407146336
Change in NAV,Data,Transaction Fees,-81.343599278
Change in NAV,Data,Other FX Translations,0.1444203
Change in NAV,Data,Ending Value,153618.186549369
Mark-to-Market Performance Summary,Header,Asset Category,Symbol,Prior Quantity,Current Quantity,Prior Price,Current Price,Mark-to-Market P/L Position,Mark-to-Market P/L Transaction,Mark-to-Market P/L Commissions,Mark-to-Market P/L Other,Mark-to-Market P/L Total,Code
Mark-to-Market Performance Summary,Data,Stocks,2890,0,612,--,43.4500,82.829851516,2.37507,-5.154434126,16.3730028,96.42349019
Mark-to-Market Performance Summary,Data,Stocks,2890.SPO,0,0,--,--,0.000001329,0.290339155,-0.791414296,0,-0.501073811
Mark-to-Market Performance Summary,Data,Stocks,2914.T,100,0,"6,020.0000",--,63.71724,55.03938,-3.070331616,71.8960242,187.582312584
Mark-to-Market Performance Summary,Data,Stocks,3069,700,0,14.6600,--,-222.57088,14.28224,-2.326727816,0,-210.615367816
Mark-to-Market Performance Summary,Data,Stocks,3110,500,0,31.5400,--,-168.4487,12.752,-2.348239356,0,-158.044939356
Mark-to-Market Performance Summary,Data,Stocks,3416,1000,0,9.3700,--,-137.151,15.94,-2.325960974,54.8908,-68.646160974
Mark-to-Market Performance Summary,Data,Stocks,4543.T,0,200,--,"2,326.5000",105.211115,14.477545,-2.188575796,0,117.500084204
Mark-to-Market Performance Summary,Data,Stocks,4568.T,200,0,"2,766.0000",--,-287.19372,50.07501,-2.548014336,40.878345,-198.788379336
Mark-to-Market Performance Summary,Data,Stocks,7203.T,100,0,"3,162.0000",--,-247.449995,-33.38334,-1.342257552,26.4099984,-255.765594152
Mark-to-Market Performance Summary,Data,Stocks,AAFl,0,835,--,3.5120,130.935014,-2.270699,-23.368688005,0,105.295626995
Mark-to-Market Performance Summary,Data,Stocks,AEP,10,0,131.0800,--,59.2,-17.7,-1.02983738,7.12,47.59016262
Mark-to-Market Performance Summary,Data,Stocks,ANET,0,12,--,194.9600,189.36,53.28,-2.000036,0,240.639964
Mark-to-Market Performance Summary,Data,Stocks,APH,0,24,--,81.7600,26.16,27.24,-1.000036,0,52.399964
Mark-to-Market Performance Summary,Data,Stocks,ASML,6,6,"1,320.8300","1,764.8500",2664.12,0,0,27.06,2691.18
Mark-to-Market Performance Summary,Data,Stocks,AVGO,9,9,309.5100,368.5600,531.45,0,0,4.39,535.84
Mark-to-Market Performance Summary,Data,Stocks,AXP,3,0,302.4800,--,119.94,7.62,-1.021915,2.14,128.678085
Mark-to-Market Performance Summary,Data,Stocks,BAC,162,0,48.7500,--,1595,-58.88,-2.22640857,34.02,1567.91359143
Mark-to-Market Performance Summary,Data,Stocks,BARCl,0,329,--,4.9805,-31.50003,-3.9128862,-19.015089731,0,-54.428005931
Mark-to-Market Performance Summary,Data,Stocks,BBJP,0,0,--,--,104.88,-27.17,-2.06576481,0,75.64423519
Mark-to-Market Performance Summary,Data,Stocks,BNO,50,0,52.0100,--,-29.5,-9.5,-1.0626669,0,-40.0626669
Mark-to-Market Performance Summary,Data,Stocks,BX,42,0,114.9900,--,-34.02,-17.22,-1.1067498,36.54,-15.8067498
Mark-to-Market Performance Summary,Data,Stocks,CAT,3,3,708.4600,822.4800,342.06,0,0,7.07,349.13
Mark-to-Market Performance Summary,Data,Stocks,CNUA,9,0,140.9800,--,205.40034,-11.3157,-3.429,0,190.65564
Mark-to-Market Performance Summary,Data,Stocks,CSCO,20,20,77.5900,109.1700,631.6,0,0,12.6,644.2
Mark-to-Market Performance Summary,Data,Stocks,DHI,0,13.2,--,138.4900,-114.442,-24.31,-1.0000396,4.45,-135.3020396
Mark-to-Market Performance Summary,Data,Stocks,DXJ,24,15,158.5800,175.5800,446.85,0.33,-2.09186084,20.79,465.87813916
Mark-to-Market Performance Summary,Data,Stocks,EMXC,75,0,78.6600,--,1579.25,68.75,-2.1703285,33.07,1678.8996715
Mark-to-Market Performance Summary,Data,Stocks,GE,7,0,283.7700,--,526.89,17.85,-1.05352728,4.94,548.62647272
Mark-to-Market Performance Summary,Data,Stocks,GLD,10,13.5,430.2900,399.7200,-381.3,-5.4725,-1.0000105,0,-387.7725105
Mark-to-Market Performance Summary,Data,Stocks,IBM,5,0,242.3900,--,-61.32,-7.24,-2.02454383,6.34,-64.24454383
Mark-to-Market Performance Summary,Data,Stocks,JPM,0,12,--,353.5100,127.98,-14.28,-2.000036,6.75,118.449964
Mark-to-Market Performance Summary,Data,Stocks,LLY,3,4.7,919.7700,"1,123.9100",570.042,7.938,-1.0000051,3.89,580.8699949
Mark-to-Market Performance Summary,Data,Stocks,LRCX,30,0,213.6600,--,4185.3,324.6,-1.23088582,11.7,4520.36911418
Mark-to-Market Performance Summary,Data,Stocks,META,0,6.4,--,613.4800,345.656,57.778,-2.0000192,0,401.4339808
Mark-to-Market Performance Summary,Data,Stocks,MSFT,3,6,370.1700,493.9500,747.48,-23.04,-1.000009,2.05,725.489991
Mark-to-Market Performance Summary,Data,Stocks,MU,0,1.7,--,"1,000.2600",301.289,-88.304,-1.0000051,0,211.9849949
Mark-to-Market Performance Summary,Data,Stocks,NFLX,12,0,96.1500,--,-248.79,1.083,-3.02104152,0,-250.72804152
Mark-to-Market Performance Summary,Data,Stocks,NOVOBc,0,30,--,292.0000,-107.43882,8.25336,-7.48916,12.7161879,-93.9584321
Mark-to-Market Performance Summary,Data,Stocks,NVDA,0,15,--,225.7300,461.4,19.8,-1.000045,0,480.199955
Mark-to-Market Performance Summary,Data,Stocks,PICK,0,80,--,66.1300,660,-46.4,-1.00024,0,612.59976
Mark-to-Market Performance Summary,Data,Stocks,POW,0,115,--,26.4900,-104.8725,-104.7775,-2.000345,0,-211.650345
Mark-to-Market Performance Summary,Data,Stocks,PRYm,0,15,--,128.5000,201.923325,-9.39345,-7.423672,0,185.106203
Mark-to-Market Performance Summary,Data,Stocks,QUTM,0,75,--,25.4700,-70.075146,-8.1396,-3.4272,0,-81.641946
Mark-to-Market Performance Summary,Data,Stocks,RACE,0,10,--,405.9400,280.85,-24.47,-3.00003,0,253.37997
Mark-to-Market Performance Summary,Data,Stocks,RHM,0,2,--,"1,051.8000",169.85223,-8.33938,-6.8415,0,154.67135
Mark-to-Market Performance Summary,Data,Stocks,RYAAY,0,45,--,54.3700,-440.1,7.65,-1.000135,0,-433.450135
Mark-to-Market Performance Summary,Data,Stocks,SE,0,33,--,113.3300,326.96,61.85,-3.000099,0,385.809901
Mark-to-Market Performance Summary,Data,Stocks,SHELL,194,194,40.2300,41.0150,154.914723,0,0,0,154.914723
Mark-to-Market Performance Summary,Data,Stocks,SHELL.2DR,0,194,--,--,0,0,0,0,0
Mark-to-Market Performance Summary,Data,Stocks,SHELL.DvR,0,0,--,--,0,0,0,74.916898,74.916898
Mark-to-Market Performance Summary,Data,Stocks,SIE,7,7,205.7000,272.5000,548.92089,0,0,0,548.92089
Mark-to-Market Performance Summary,Data,Stocks,SPOT,0,8.5,--,528.6400,490.725,24.99,-4.0000255,0,511.7149745
Mark-to-Market Performance Summary,Data,Stocks,SU,0,13,--,299.6000,409.048555,19.77344,-26.380155,0,402.44184
Mark-to-Market Performance Summary,Data,Stocks,TCEHY,0,51,--,55.2500,-54.45,6.63,-2.00000153,0,-49.82000153
Mark-to-Market Performance Summary,Data,Stocks,TGT,30,0,121.2000,--,551.1,72.9,-1.093696,25.65,648.556304
Mark-to-Market Performance Summary,Data,Stocks,TIP,39,0,110.3600,--,-33.54,2.73,-1.09575054,53.76,21.85424946
Mark-to-Market Performance Summary,Data,Stocks,TSM,45,45,337.9500,439.0000,4547.25,0,0,66.77,4614.02
Mark-to-Market Performance Summary,Data,Stocks,URA,24,0,48.4300,--,-108.24,32.64,-1.02713843,0,-76.62713843
Mark-to-Market Performance Summary,Data,Stocks,UUl,0,330,--,13.2900,-135.80325,18.52513,-38.0489321,0,-155.3270521
Mark-to-Market Performance Summary,Data,Stocks,VHT,0,7,--,314.6100,-81.62,-10.5,-1.000021,0,-93.120021
Mark-to-Market Performance Summary,Data,Total,,,,,,21385.719243845,451.423458955,-210.842606454,669.1812563,22295.481352646
Mark-to-Market Performance Summary,Data,Forex,DKK,255.13,82.130000001,0.15464,0.1555,25.3351331,1.638157,0,0,26.9732901
Mark-to-Market Performance Summary,Data,Forex,EUR,1032.518925,0,1.1553,1.1624,251.87673962,0,0,0,251.87673962
Mark-to-Market Performance Summary,Data,Forex,GBP,0,0,--,1.3540,87.091954,0,0,0,87.091954
Mark-to-Market Performance Summary,Data,Forex,HKD,3851.356177123,35875.305548623,0.12755,0.12753,-0.38614065,0,0,0,-0.38614065
Mark-to-Market Performance Summary,Data,Forex,JPY,21443.999999966,989835.502999966,0.0063004,0.0064935,289.05833707,-0.035637,0,0,289.02270007
Mark-to-Market Performance Summary,Data,Forex,TWD,0,-0.000000006,--,0.031725,11.146273,0.354981,0,0,11.501254
Mark-to-Market Performance Summary,Data,Forex,USD,38.467992361,225.663780023,1.0000,1.0000,0,9.508193,0,0,9.508193
Mark-to-Market Performance Summary,Data,Total,,,,,,664.12229614,11.465694,0,0,675.58799014
Mark-to-Market Performance Summary,Data,Total (All Assets),,,,,,22049.841539985,462.889152955,-210.842606454,669.1812563,22971.069342786
Mark-to-Market Performance Summary,Data,Broker Interest Paid and Received,,,,,,,,,,87.7687196
Mark-to-Market Performance Summary,Data,Other Fees,,,,,,,,,,-0.01654279
Mark-to-Market Performance Summary,Data,Advisor Fees,,,,,,,,,,-2261.8
Total P/L for Statement Period,,,,,,,,,,,,20797.021519596
Realized & Unrealized Performance Summary,Header,Asset Category,Symbol,Cost Adj.,Realized S/T Profit,Realized S/T Loss,Realized L/T Profit,Realized L/T Loss,Realized Total,Unrealized S/T Profit,Unrealized S/T Loss,Unrealized L/T Profit,Unrealized L/T Loss,Unrealized Total,Total,Code
Realized & Unrealized Performance Summary,Data,Stocks,2890,0,0,0,0,0,0,80.794485946,-0.002839546,0,0,80.7916464,80.7916464
Realized & Unrealized Performance Summary,Data,Stocks,2914.T,0,0,0,1448.308966368,0,1448.308966368,0,0,0,0,0,1448.308966368
Realized & Unrealized Performance Summary,Data,Stocks,3069,0,0,-150.157922391,0,0,-150.157922391,0,0,0,0,0,-150.157922391
Realized & Unrealized Performance Summary,Data,Stocks,3110,0,22.083484495,0,0,0,22.083484495,0,0,0,0,0,22.083484495
Realized & Unrealized Performance Summary,Data,Stocks,3416,0,0,-272.451554021,0,0,-272.451554021,0,0,0,0,0,-272.451554021
Realized & Unrealized Performance Summary,Data,Stocks,4543.T,0,0,0,0,0,0,133.73051562,0,0,0,133.73051562,133.73051562
Realized & Unrealized Performance Summary,Data,Stocks,4568.T,0,0,-597.123104184,0,-710.346040128,-1307.469144312,0,0,0,0,0,-1307.469144312
Realized & Unrealized Performance Summary,Data,Stocks,7203.T,0,146.1139335,0,0,0,146.1139335,0,0,0,0,0,146.1139335
Realized & Unrealized Performance Summary,Data,Stocks,AAFl,0,0,0,0,0,0,105.6165359,0,0,0,105.6165359,105.6165359
Realized & Unrealized Performance Summary,Data,Stocks,AEP,0,205.17016262,0,0,0,205.17016262,0,0,0,0,0,205.17016262
Realized & Unrealized Performance Summary,Data,Stocks,ANET,0,0,0,0,0,0,240.639964,0,0,0,240.639964,240.639964
Realized & Unrealized Performance Summary,Data,Stocks,APH,0,0,0,0,0,0,52.399964,0,0,0,52.399964,52.399964
Realized & Unrealized Performance Summary,Data,Stocks,ASML,0,0,0,0,0,0,0,0,6251.599568,0,6251.599568,6251.599568
Realized & Unrealized Performance Summary,Data,Stocks,AVGO,0,0,0,0,0,0,0,0,2048.119685,0,2048.119685,2048.119685
Realized & Unrealized Performance Summary,Data,Stocks,AXP,0,0,0,272.35798,0,272.35798,0,0,0,0,0,272.35798
Realized & Unrealized Performance Summary,Data,Stocks,BAC,0,0,0,3697.3153594,0,3697.3153594,0,0,0,0,0,3697.3153594
Realized & Unrealized Performance Summary,Data,Stocks,BARCl,0,0,0,0,0,0,0,-54.97550066,0,0,-54.97550066,-54.97550066
Realized & Unrealized Performance Summary,Data,Stocks,BBJP,0,75.64423519,0,0,0,75.64423519,0,0,0,0,0,75.64423519
Realized & Unrealized Performance Summary,Data,Stocks,BNO,0,0,-65.3126669,0,0,-65.3126669,0,0,0,0,0,-65.3126669
Realized & Unrealized Performance Summary,Data,Stocks,BX,0,0,0,0,-460.6629158,-460.6629158,0,0,0,0,0,-460.6629158
Realized & Unrealized Performance Summary,Data,Stocks,CAT,0,0,0,0,0,0,0,0,1455.739895,0,1455.739895,1455.739895
Realized & Unrealized Performance Summary,Data,Stocks,CNUA,0,0,0,421.66413,0,421.66413,0,0,0,0,0,421.66413
Realized & Unrealized Performance Summary,Data,Stocks,CSCO,0,0,0,0,0,0,824.69956,0,0,0,824.69956,824.69956
Realized & Unrealized Performance Summary,Data,Stocks,DHI,0,0,0,0,0,0,0,-139.75204,0,0,-139.75204,-139.75204
Realized & Unrealized Performance Summary,Data,Stocks,DXJ,0,0,0,1781.04,0,1781.04,26.7,0,0,0,26.7,1807.74
Realized & Unrealized Performance Summary,Data,Stocks,EMXC,0,0,0,3093.07704683,0,3093.07704683,0,0,0,0,0,3093.07704683
Realized & Unrealized Performance Summary,Data,Stocks,GE,0,0,0,1371.97622772,0,1371.97622772,0,0,0,0,0,1371.97622772
Realized & Unrealized Performance Summary,Data,Stocks,GLD,0,0,0,0,0,0,106.3,-82.07251,0,0,24.22749,24.22749
Realized & Unrealized Performance Summary,Data,Stocks,IBM,0,0,-197.08465383,0,0,-197.08465383,0,0,0,0,0,-197.08465383
Realized & Unrealized Performance Summary,Data,Stocks,JPM,0,0,0,0,0,0,151.339982,-39.640018,0,0,111.699964,111.699964
Realized & Unrealized Performance Summary,Data,Stocks,LLY,0,0,0,0,0,0,0,-35.44192,952.731771,0,917.289851,917.289851
Realized & Unrealized Performance Summary,Data,Stocks,LRCX,0,0,0,8700.76900918,0,8700.76900918,0,0,0,0,0,8700.76900918
Realized & Unrealized Performance Summary,Data,Stocks,META,0,0,0,0,0,0,401.43398,0,0,0,401.43398,401.43398
Realized & Unrealized Performance Summary,Data,Stocks,MSFT,0,0,0,0,0,0,352.099991,0,227.794784,0,579.894775,579.894775
Realized & Unrealized Performance Summary,Data,Stocks,MU,0,0,0,0,0,0,211.984995,0,0,0,211.984995,211.984995
Realized & Unrealized Performance Summary,Data,Stocks,NFLX,0,0,-223.40804152,0,0,-223.40804152,0,0,0,0,0,-223.40804152
Realized & Unrealized Performance Summary,Data,Stocks,NOVOBc,0,0,0,0,0,0,0,-106.051,0,0,-106.051,-106.051
Realized & Unrealized Performance Summary,Data,Stocks,NVDA,0,0,0,0,0,0,480.199955,0,0,0,480.199955,480.199955
Realized & Unrealized Performance Summary,Data,Stocks,PICK,0,0,0,0,0,0,612.59976,0,0,0,612.59976,612.59976
Realized & Unrealized Performance Summary,Data,Stocks,POW,0,0,0,0,0,0,21.049865,-232.70021,0,0,-211.650345,-211.650345
Realized & Unrealized Performance Summary,Data,Stocks,PRYm,0,0,0,0,0,0,190.0524,0,0,0,190.0524,190.0524
Realized & Unrealized Performance Summary,Data,Stocks,QUTM,0,0,0,0,0,0,0,-84.5646,0,0,-84.5646,-84.5646
Realized & Unrealized Performance Summary,Data,Stocks,RACE,0,0,0,0,0,0,253.37997,0,0,0,253.37997,253.37997
Realized & Unrealized Performance Summary,Data,Stocks,RHM,0,0,0,0,0,0,162.85224,0,0,0,162.85224,162.85224
Realized & Unrealized Performance Summary,Data,Stocks,RYAAY,0,0,0,0,0,0,0,-433.450135,0,0,-433.450135,-433.450135
Realized & Unrealized Performance Summary,Data,Stocks,SE,0,0,0,0,0,0,385.809901,0,0,0,385.809901,385.809901
Realized & Unrealized Performance Summary,Data,Stocks,SHELL,0,0,0,0,0,0,12.015112728,0,2841.829708,0,2853.844820728,2853.844820728
Realized & Unrealized Performance Summary,Data,Stocks,SHELL.2DR,0,0,0,0,0,0,0,0,0,0,0,0
Realized & Unrealized Performance Summary,Data,Stocks,SIE,0,0,0,0,0,0,0,0,866.33672,0,866.33672,866.33672
Realized & Unrealized Performance Summary,Data,Stocks,SPOT,0,0,0,0,0,0,511.714974,0,0,0,511.714974,511.714974
Realized & Unrealized Performance Summary,Data,Stocks,SU,0,0,0,0,0,0,419.6264,0,0,0,419.6264,419.6264
Realized & Unrealized Performance Summary,Data,Stocks,TCEHY,0,0,0,0,0,0,0,-49.820002,0,0,-49.820002,-49.820002
Realized & Unrealized Performance Summary,Data,Stocks,TGT,0,1021.9838458,0,0,-95.8284238,926.155422,0,0,0,0,0,926.155422
Realized & Unrealized Performance Summary,Data,Stocks,TIP,0,0,0,0.63288446,0,0.63288446,0,0,0,0,0,0.63288446
Realized & Unrealized Performance Summary,Data,Stocks,TSM,0,0,0,0,0,0,0,0,13067.658084,0,13067.658084,13067.658084
Realized & Unrealized Performance Summary,Data,Stocks,URA,0,0,-54.34713843,0,0,-54.34713843,0,0,0,0,0,-54.34713843
Realized & Unrealized Performance Summary,Data,Stocks,UUl,0,0,0,0,0,0,48.70338,-201.503634,0,0,-152.800254,-152.800254
Realized & Unrealized Performance Summary,Data,Stocks,VHT,0,0,0,0,0,0,0,-93.120021,0,0,-93.120021,-93.120021
Realized & Unrealized Performance Summary,Data,Total,,0,1470.995661605,-1559.885081276,20787.141603958,-1266.837379728,19431.414804559,5785.743931194,-1553.094430206,27711.810215,0,31944.459715988,51375.874520547
Realized & Unrealized Performance Summary,Data,Forex,DKK,0,2.809149,-0.35775,0,0,2.451399,0.055027,0,0,0,0.055027,2.506426
Realized & Unrealized Performance Summary,Data,Forex,EUR,0,14.477532,-18.427242,0,0,-3.94971,0,0,0,0,0,-3.94971
Realized & Unrealized Performance Summary,Data,Forex,GBP,0,9.563297,-10.776864,0,0,-1.213567,0,0,0,0,0,-1.213567
Realized & Unrealized Performance Summary,Data,Forex,HKD,0,0,0,0,0,0,0.315755,-3.348475268,0,0,-3.032720268,-3.032720268
Realized & Unrealized Performance Summary,Data,Forex,JPY,0,1.799178,-14.678397,0,0,-12.879219,305.787946474,0,0,0,305.787946474,292.908727474
Realized & Unrealized Performance Summary,Data,Forex,TWD,0,0.389999,-0.035019,0,0,0.35498,0,0,0,0,0,0.35498
Realized & Unrealized Performance Summary,Data,Total,,0,29.039155,-44.275272,0,0,-15.236117,306.158728474,-3.348475268,0,0,302.810253206,287.574136206
Realized & Unrealized Performance Summary,Data,Total (All Assets),,0,1500.034816605,-1604.160353276,20787.141603958,-1266.837379728,19416.178687559,6091.902659669,-1556.442905474,27711.810215,0,32247.269969194,51663.448656754
Month & Year to Date Performance Summary,Header,Asset Category,Symbol,Description,Mark-to-Market MTD,Mark-to-Market YTD,Realized S/T MTD,Realized S/T YTD,Realized L/T MTD,Realized L/T YTD
Month & Year to Date Performance Summary,Data,Stocks,2890,SINOPAC FINANCIAL HOLDINGS,45.4124808,96.42349019,0,0,0,0
Month & Year to Date Performance Summary,Data,Stocks,2890.SPO,SINOPAC FINANCIAL HOLDINGS - SPINOFF,0,-0.50107381,0,0,0,0
Month & Year to Date Performance Summary,Data,Stocks,2914.T,JAPAN TOBACCO INC,71.8960242,492.73661368,0,0,0,1448.30896637
Month & Year to Date Performance Summary,Data,Stocks,3069,CHINAAMC HS BIOTECH,0,-182.39521782,0,-150.15792239,0,0
Month & Year to Date Performance Summary,Data,Stocks,3110,GLOBAL X HS HIGH DIV YIE,0,-66.66263936,0,22.0834845,0,0
Month & Year to Date Performance Summary,Data,Stocks,3416,GLOBAL X HSCEI COVERED CALL,0,-148.96231097,0,-272.45155402,0,0
Month & Year to Date Performance Summary,Data,Stocks,4543.T,TERUMO CORP,-243.76549,117.5000842,0,0,0,0
Month & Year to Date Performance Summary,Data,Stocks,4568.T,DAIICHI SANKYO CO LTD,0,-939.37129934,0,-597.12310418,0,-710.34604013
Month & Year to Date Performance Summary,Data,Stocks,7203.T,TOYOTA MOTOR CORP,0,-379.97152415,0,146.1139335,0,0
Month & Year to Date Performance Summary,Data,Stocks,AAFl,AIRTEL AFRICA PLC,207.767372,105.295627,0,0,0,0
Month & Year to Date Performance Summary,Data,Stocks,AEP,AMERICAN ELECTRIC POWER,0,212.41016262,0,205.17016262,0,0
Month & Year to Date Performance Summary,Data,Stocks,ANET,ARISTA NETWORKS INC,-8.76,240.639964,0,0,0,0
Month & Year to Date Performance Summary,Data,Stocks,APH,AMPHENOL CORP-CL A,59.64,52.399964,0,0,0,0
Month & Year to Date Performance Summary,Data,Stocks,ASML,ASML HOLDING NV-NY REG SHS,413.04,4206.72,0,0,0,0
Month & Year to Date Performance Summary,Data,Stocks,AVGO,BROADCOM INC,-16.02,210.92,0,0,0,0
Month & Year to Date Performance Summary,Data,Stocks,AXP,AMERICAN EXPRESS CO,0,-71.891915,0,0,0,272.35798
Month & Year to Date Performance Summary,Data,Stocks,BAC,BANK OF AMERICA CORP,0,589.43359143,0,0,0,3697.3153594
Month & Year to Date Performance Summary,Data,Stocks,BARCl,BARCLAYS PLC,6.291427,-54.42800593,0,0,0,0
Month & Year to Date Performance Summary,Data,Stocks,BBJP,JPMORGAN BETABUILDERS JAPAN,0,75.64423519,0,75.64423519,0,0
Month & Year to Date Performance Summary,Data,Stocks,BNO,UNITED STATES BRENT OIL FUND,0,-65.3126669,0,-65.3126669,0,0
Month & Year to Date Performance Summary,Data,Stocks,BX,BLACKSTONE INC,0,-1594.5867498,0,0,0,-460.6629158
Month & Year to Date Performance Summary,Data,Stocks,CAT,CATERPILLAR INC,75.03,759.3,0,0,0,0
Month & Year to Date Performance Summary,Data,Stocks,CNUA,UBS ETF MSCI CHINA A USD ACC,0,214.015374,0,0,0,421.66413
Month & Year to Date Performance Summary,Data,Stocks,CSCO,CISCO SYSTEMS INC,-26.4,661.55,0,0,0,0
Month & Year to Date Performance Summary,Data,Stocks,DHI,DR HORTON INC,-80.12,-135.3020396,0,0,0,0
Month & Year to Date Performance Summary,Data,Stocks,DXJ,WISDOMTREE JAPAN HEDGED EQ,-60.45,811.95813916,0,0,0,1781.04
Month & Year to Date Performance Summary,Data,Stocks,EMXC,ISHARES MSCI EMR MRK EX CHNA,0,2127.7896715,0,0,0,3093.07704683
Month & Year to Date Performance Summary,Data,Stocks,GE,GENERAL ELECTRIC,0,380.69647272,0,0,0,1371.97622772
Month & Year to Date Performance Summary,Data,Stocks,GLD,SPDR GOLD SHARES,-117.45,-47.9725105,0,0,0,0
Month & Year to Date Performance Summary,Data,Stocks,IBM,INTL BUSINESS MACHINES CORP,0,-327.04454383,0,-197.08465383,0,0
Month & Year to Date Performance Summary,Data,Stocks,JPM,JPMORGAN CHASE & CO,-30.12,118.449964,0,0,0,0
Month & Year to Date Performance Summary,Data,Stocks,LLY,ELI LILLY & CO,-154.25,120.0299949,0,0,0,0
Month & Year to Date Performance Summary,Data,Stocks,LRCX,LAM RESEARCH CORP,0,5800.61911418,0,0,0,8700.76900918
Month & Year to Date Performance Summary,Data,Stocks,META,META PLATFORMS INC-CLASS A,263.29,401.4339808,0,0,0,0
Month & Year to Date Performance Summary,Data,Stocks,MSFT,MICROSOFT CORP,-80.04,387.189991,0,0,0,0
Month & Year to Date Performance Summary,Data,Stocks,MU,MICRON TECHNOLOGY INC,70.6,211.9849949,0,0,0,0
Month & Year to Date Performance Summary,Data,Stocks,NFLX,NETFLIX INC,-1.72558806,-222.04804152,-40.19558806,-223.40804152,0,0
Month & Year to Date Performance Summary,Data,Stocks,NOVOBc,NOVO NORDISK A/S-B,-1.984755,-93.9584321,0,0,0,0
Month & Year to Date Performance Summary,Data,Stocks,NVDA,NVIDIA CORP,74.25,480.199955,0,0,0,0
Month & Year to Date Performance Summary,Data,Stocks,PICK,ISHARES MSCI GLOBAL METALS &,74.4,612.59976,0,0,0,0
Month & Year to Date Performance Summary,Data,Stocks,POW,VISTASHA ELETRICAN SC ETF,119.6,-211.650345,0,0,0,0
Month & Year to Date Performance Summary,Data,Stocks,PRYm,PRYSMIAN SPA,144.718425,185.106203,0,0,0,0
Month & Year to Date Performance Summary,Data,Stocks,QUTM,VANECK QUANTUM COMPUTING ETF,43.247759,-81.641946,0,0,0,0
Month & Year to Date Performance Summary,Data,Stocks,RACE,FERRARI NV,-166.6,253.37997,0,0,0,0
Month & Year to Date Performance Summary,Data,Stocks,RHM,RHEINMETALL AG,-136.97824,154.67135,0,0,0,0
Month & Year to Date Performance Summary,Data,Stocks,RYAAY,RYANAIR HOLDINGS PLC-SP ADR,-45,-433.450135,0,0,0,0
Month & Year to Date Performance Summary,Data,Stocks,SE,SEA LTD-ADR,-4.95,385.809901,0,0,0,0
Month & Year to Date Performance Summary,Data,Stocks,SHELL,SHELL PLC,371.639495,2140.764295,0,0,0,0
Month & Year to Date Performance Summary,Data,Stocks,SHELL.DDR,SHELL PLC - DIVIDEND RIGHTS,0,72.32178,0,0,0,0
Month & Year to Date Performance Summary,Data,Stocks,SHELL.DvR,SHELL PLC - DIVIDEND RIGHTS,0,74.916898,0,0,0,0
Month & Year to Date Performance Summary,Data,Stocks,SIE,SIEMENS AG-REG,-106.341935,310.352096,0,0,0,0
Month & Year to Date Performance Summary,Data,Stocks,SPOT,SPOTIFY TECHNOLOGY SA,-127.33,511.7149745,0,0,0,0
Month & Year to Date Performance Summary,Data,Stocks,SU,SCHNEIDER ELECTRIC SE,75.863255,402.44184,0,0,0,0
Month & Year to Date Performance Summary,Data,Stocks,TCEHY,TENCENT HOLDINGS LTD-UNS ADR,-98.94,-49.82000153,0,0,0,0
Month & Year to Date Performance Summary,Data,Stocks,TGT,TARGET CORP,0,1377.706304,0,1021.9838458,0,-95.8284238
Month & Year to Date Performance Summary,Data,Stocks,TIP,ISHARES TIPS BOND ETF,0,76.49424946,0,0,0,0.63288446
Month & Year to Date Performance Summary,Data,Stocks,TSM,TAIWAN SEMICONDUCTOR-SP ADR,1065.6,6175,0,0,0,0
Month & Year to Date Performance Summary,Data,Stocks,URA,GLOBAL X URANIUM ETF,0,97.69286157,0,-54.34713843,0,0
Month & Year to Date Performance Summary,Data,Stocks,UUl,UNITED UTILITIES GROUP PLC,-454.82316,-155.3270521,0,0,0,0
Month & Year to Date Performance Summary,Data,Stocks,VHT,VANGUARD HEALTH CARE ETF,-37.45,-93.120021,0,0,0,0
Month & Year to Date Performance Summary,Data,Total,,,1182.78706994,26350.89539574,-40.19558806,-88.88941966,0,19520.30422423
Month & Year to Date Performance Summary,Data,Total (All Assets),,,1182.78706994,26350.89539574,-40.19558806,-88.88941966,0,19520.30422423
Cash Report,Header,Currency Summary,Currency,Total,Securities,Futures,Month to Date,Year to Date
Cash Report,Data,Starting Cash,Base Currency Summary,1897.136667605,1897.136667605,0
Cash Report,Data,Commissions,Base Currency Summary,-127.407146336,-127.407146336,0,-1.00558806,-128.40714635
Cash Report,Data,Deposits,Base Currency Summary,52.5,52.5,0,0,52.5
Cash Report,Data,Account Transfers,Base Currency Summary,20000,20000,0,0,20000
Cash Report,Data,Dividends,Base Currency Summary,755.782953,755.782953,0,84.89936,1321.820968
Cash Report,Data,Broker Interest Paid and Received,Base Currency Summary,87.7687196,87.7687196,0,13.923387,95.3017813
Cash Report,Data,Trades (Sales),Base Currency Summary,96323.321321117,96323.321321117,0,253.76363883,99104.80743482
Cash Report,Data,Trades (Purchase),Base Currency Summary,-105595.639210042,-105595.639210042,0,-11.33982514,-111003.04841776
Cash Report,Data,Other Fees,Base Currency Summary,-0.01654279,-0.01654279,0,-0.00253052,-0.01654279
Cash Report,Data,Advisor Fees,Base Currency Summary,-2261.8,-2261.8,0,-30.11,-2674.83
Cash Report,Data,Payment In Lieu of Dividends,Base Currency Summary,62.58,62.58,0,0,62.58
Cash Report,Data,Transaction Fees,Base Currency Summary,-81.343599278,-81.343599278,0,0,-81.34359928
Cash Report,Data,Withholding Tax,Base Currency Summary,-149.1816967,-149.1816967,0,-13.0033358,-188.7927796
Cash Report,Data,Cash FX Translation Gain/Loss,Base Currency Summary,277.40808414,277.40808414,0
Cash Report,Data,Ending Cash,Base Currency Summary,11241.109550369,11241.109550369,0
Cash Report,Data,Ending Settled Cash,Base Currency Summary,11241.109550369,11241.109550369,0
Cash Report,Data,Starting Collateral Value,Base Currency Summary,6616.102421011,6616.102421011,0
Cash Report,Data,Net Securities Lent Activity,Base Currency Summary,2390.236885847,2390.236885847,0
Cash Report,Data,Ending Collateral Value,Base Currency Summary,9152.358733455,9152.358733455,0
Cash Report,Data,Net Cash Balance,Base Currency Summary,9152.358733455,9152.358733455,0
Cash Report,Data,Net Settled Cash Balance,Base Currency Summary,20393.468283825,20393.468283825,0
Cash Report,Data,Starting Cash,DKK,255.13,255.13,0
Cash Report,Data,Commissions,DKK,-49,-49,0,0,-49
Cash Report,Data,Dividends,DKK,112.5,112.5,0,0,112.5
Cash Report,Data,Trades (Sales),DKK,9190.25329,9190.25329,0,0,9190.25329
Cash Report,Data,Trades (Purchase),DKK,-9396.38329,-9396.38329,0,0,-9396.38329
Cash Report,Data,Withholding Tax,DKK,-30.37,-30.37,0,0,-30.37
Cash Report,Data,Ending Cash,DKK,82.130000001,82.130000001,0
Cash Report,Data,Ending Settled Cash,DKK,82.130000001,82.130000001,0
Cash Report,Data,Starting Cash,EUR,1032.518925,1032.518925,0
Cash Report,Data,Commissions,EUR,-24,-24,0,0,-24
Cash Report,Data,Dividends,EUR,65.59,65.59,0,0,165.64
Cash Report,Data,Broker Interest Paid and Received,EUR,3.36,3.36,0,0.33,3.65
Cash Report,Data,Trades (Sales),EUR,8568.04145257,8568.04145257,0,0,8568.04145257
Cash Report,Data,Trades (Purchase),EUR,-9627.88037757,-9627.88037757,0,-0.33,-9627.88037757
Cash Report,Data,Transaction Fees,EUR,-17.63,-17.63,0,0,-17.63
Cash Report,Data,Withholding Tax,EUR,0,0,0,0,-9.88
Cash Report,Data,Ending Cash,EUR,0,0,0
Cash Report,Data,Ending Settled Cash,EUR,0,0,0
Cash Report,Data,Starting Collateral Value,EUR,0,0,0
Cash Report,Data,Net Securities Lent Activity,EUR,0,0,0
Cash Report,Data,Ending Collateral Value,EUR,0,0,0
Cash Report,Data,Net Cash Balance,EUR,0,0,0
Cash Report,Data,Net Settled Cash Balance,EUR,0,0,0
Cash Report,Data,Starting Cash,GBP,0,0,0
Cash Report,Data,Commissions,GBP,-15,-15,0,0,-15
Cash Report,Data,Trades (Sales),GBP,9032.25894,9032.25894,0,0,9032.25894
Cash Report,Data,Trades (Purchase),GBP,-8972.397,-8972.397,0,0,-8972.397
Cash Report,Data,Transaction Fees,GBP,-44.86194,-44.86194,0,0,-44.86194
Cash Report,Data,Ending Cash,GBP,0,0,0
Cash Report,Data,Ending Settled Cash,GBP,0,0,0
Cash Report,Data,Starting Cash,HKD,3851.356177123,3851.356177123,0
Cash Report,Data,Commissions,HKD,-54,-54,0,0,-54
Cash Report,Data,Dividends,HKD,430,430,0,0,990
Cash Report,Data,Broker Interest Paid and Received,HKD,47.85,47.85,0,0,90.52
Cash Report,Data,Trades (Sales),HKD,31601,31601,0,0,32057.53985738
Cash Report,Data,Trades (Purchase),HKD,0,0,0,0,-21337.81331908
Cash Report,Data,Transaction Fees,HKD,-0.9006285,-0.9006285,0,0,-0.9006285
Cash Report,Data,Ending Cash,HKD,35875.305548623,35875.305548623,0
Cash Report,Data,Ending Settled Cash,HKD,35875.305548623,35875.305548623,0
Cash Report,Data,Starting Collateral Value,HKD,7225.375497659,7225.375497659,0
Cash Report,Data,Net Securities Lent Activity,HKD,-7225.375497659,-7225.375497659,0
Cash Report,Data,Ending Collateral Value,HKD,0,0,0
Cash Report,Data,Net Cash Balance,HKD,0,0,0
Cash Report,Data,Net Settled Cash Balance,HKD,0,0,0
Cash Report,Data,Starting Cash,JPY,21443.999999966,21443.999999966,0
Cash Report,Data,Commissions,JPY,-1481.24,-1481.24,0,0,-1481.24
Cash Report,Data,Dividends,JPY,26400,26400,0,13600,39400
Cash Report,Data,Broker Interest Paid and Received,JPY,134,134,0,95,146
Cash Report,Data,Trades (Sales),JPY,1410763.40285387,1410763.40285387,0,792.56060348,1410763.40285387
Cash Report,Data,Trades (Purchase),JPY,-463380.65985387,-463380.65985387,0,-959.867,-463380.65985387
Cash Report,Data,Withholding Tax,JPY,-4044,-4044,0,-2083,-6035
Cash Report,Data,Ending Cash,JPY,989835.502999966,989835.502999966,0
Cash Report,Data,Ending Settled Cash,JPY,989835.502999966,989835.502999966,0
Cash Report,Data,Starting Collateral Value,JPY,0,0,0
Cash Report,Data,Net Securities Lent Activity,JPY,466036.724926741,466036.724926741,0
Cash Report,Data,Ending Collateral Value,JPY,466036.724926741,466036.724926741,0
Cash Report,Data,Net Cash Balance,JPY,1455872.227926707,1455872.227926707,0
Cash Report,Data,Net Settled Cash Balance,JPY,1455872.227926707,1455872.227926707,0
Cash Report,Data,Starting Cash,TWD,0,0,0
Cash Report,Data,Commissions,TWD,-164.776,-164.776,0,0,-164.776
Cash Report,Data,Dividends,TWD,660,660,0,0,660
Cash Report,Data,Trades (Sales),TWD,24097.35090199,24097.35090199,0,0.08,24097.35090199
Cash Report,Data,Trades (Purchase),TWD,-24428.23901959,-24428.23901959,0,0,-24428.23901959
Cash Report,Data,Other Fees,TWD,-0.53,-0.53,0,-0.08,-0.53
Cash Report,Data,Transaction Fees,TWD,-25.2058824,-25.2058824,0,0,-25.2058824
Cash Report,Data,Withholding Tax,TWD,-138.6,-138.6,0,0,-138.6
Cash Report,Data,Ending Cash,TWD,-0.000000006,-0.000000006,0
Cash Report,Data,Ending Settled Cash,TWD,-0.000000006,-0.000000006,0
Cash Report,Data,Starting Cash,USD,38.467992361,38.467992361,0
Cash Report,Data,Commissions,USD,-51.23139291,-51.23139291,0,-1.00558806,-52.23139291
Cash Report,Data,Deposits,USD,52.5,52.5,0,0,52.5
Cash Report,Data,Account Transfers,USD,20000,20000,0,0,20000
Cash Report,Data,Dividends,USD,423.47,423.47,0,0,720.05
Cash Report,Data,Broker Interest Paid and Received,USD,76.93,76.93,0,12.93,78.58
Cash Report,Data,Trades (Sales),USD,59483.21742068,59483.21742068,0,248.81346949,62206.23344361
Cash Report,Data,Trades (Purchase),USD,-77483.52024012,-77483.52024012,0,-4.96410141,-80166.75626303
Cash Report,Data,Advisor Fees,USD,-2261.8,-2261.8,0,-30.11,-2674.83
Cash Report,Data,Payment In Lieu of Dividends,USD,62.58,62.58,0,0,62.58
Cash Report,Data,Withholding Tax,USD,-114.95,-114.95,0,0,-130.46
Cash Report,Data,Ending Cash,USD,225.663780023,225.663780023,0
Cash Report,Data,Ending Settled Cash,USD,225.663780023,225.663780023,0
Cash Report,Data,Starting Collateral Value,USD,5694,5694,0
Cash Report,Data,Net Securities Lent Activity,USD,439,439,0
Cash Report,Data,Ending Collateral Value,USD,6133,6133,0
Cash Report,Data,Net Cash Balance,USD,6358.663780023,6358.663780023,0
Cash Report,Data,Net Settled Cash Balance,USD,6358.663780023,6358.663780023,0
Open Positions,Header,DataDiscriminator,Asset Category,Currency,Symbol,Quantity,Mult,Cost Price,Cost Basis,Close Price,Value,Unrealized P/L,Code
Open Positions,Data,Summary,Stocks,DKK,NOVOBc,30,1,314.733333333,9442,292,8760,-682
Open Positions,Total,,Stocks,DKK,,,,,9442,,8760,-682
Open Positions,Total,,Stocks,USD,,,,,1468.231,,1362.18,-106.051
Open Positions,Data,Summary,Stocks,EUR,PRYm,15,1,117.6,1764,128.5,1927.5,163.5
Open Positions,Data,Summary,Stocks,EUR,QUTM,75,1,26.44,1983,25.47,1910.25,-72.75
Open Positions,Data,Summary,Stocks,EUR,RHM,2,1,981.75,1963.5,1051.8,2103.6,140.1
Open Positions,Data,Summary,Stocks,EUR,SHELL,194,1,28.359683144,5501.77853,41.015,7956.91,2455.13147
Open Positions,Data,Summary,Stocks,EUR,SHELL.2DR,194,1,0,0,0,0,0
Open Positions,Data,Summary,Stocks,EUR,SIE,7,1,166.028571429,1162.2,272.5,1907.5,745.3
Open Positions,Data,Summary,Stocks,EUR,SU,13,1,271.830769231,3533.8,299.6,3894.8,361
Open Positions,Total,,Stocks,EUR,,,,,15908.27853,,19700.56,3792.28147
Open Positions,Total,,Stocks,USD,,,,,18491.782963272,,22899.930944,4408.147980728
Open Positions,Data,Summary,Stocks,GBP,AAFl,835,1,3.418582814,2854.51665,3.512,2932.52,78.00335
Open Positions,Data,Summary,Stocks,GBP,BARCl,329,1,5.103897538,1679.18229,4.9805,1638.58,-40.60229
Open Positions,Data,Summary,Stocks,GBP,UUl,330,1,13.631972727,4498.551,13.29,4385.7,-112.851
Open Positions,Total,,Stocks,GBP,,,,,9032.24994,,8956.8,-75.44994
Open Positions,Total,,Stocks,USD,,,,,12229.66641876,,12127.5072,-102.15921876
Open Positions,Data,Summary,Stocks,JPY,4543.T,200,1,2223.5274,444705.48,2326.5,465300,20594.52
Open Positions,Total,,Stocks,JPY,,,,,444705.48,,465300,20594.52
Open Positions,Total,,Stocks,USD,,,,,2887.69503438,,3021.42555,133.73051562
Open Positions,Data,Summary,Stocks,TWD,2890,612,1,39.288849673,24044.776,43.45,26591.4,2546.624
Open Positions,Total,,Stocks,TWD,,,,,24044.776,,26591.4,2546.624
Open Positions,Total,,Stocks,USD,,,,,762.8205186,,843.612165,80.7916464
Open Positions,Data,Summary,Stocks,USD,ANET,12,1,174.906669667,2098.880036,194.96,2339.52,240.639964
Open Positions,Data,Summary,Stocks,USD,APH,24,1,79.576668167,1909.840036,81.76,1962.24,52.399964
Open Positions,Data,Summary,Stocks,USD,ASML,6,1,722.916738667,4337.500432,1764.85,10589.1,6251.599568
Open Positions,Data,Summary,Stocks,USD,AVGO,9,1,140.991146111,1268.920315,368.56,3317.04,2048.119685
Open Positions,Data,Summary,Stocks,USD,CAT,3,1,337.233368333,1011.700105,822.48,2467.44,1455.739895
Open Positions,Data,Summary,Stocks,USD,CSCO,20,1,67.935022,1358.70044,109.17,2183.4,824.69956
Open Positions,Data,Summary,Stocks,USD,DHI,13.2,1,149.077427273,1967.82204,138.49,1828.07,-139.75204
Open Positions,Data,Summary,Stocks,USD,DXJ,15,1,173.8,2607,175.58,2633.7,26.7
Open Positions,Data,Summary,Stocks,USD,GLD,13.5,1,397.925371111,5371.99251,399.72,5396.22,24.22749
Open Positions,Data,Summary,Stocks,USD,JPM,12,1,344.201669667,4130.420036,353.51,4242.12,111.699964
Open Positions,Data,Summary,Stocks,USD,LLY,4.7,1,928.742584894,4365.090149,1123.91,5282.38,917.289851
Open Positions,Data,Summary,Stocks,USD,META,6.4,1,550.755627969,3524.836019,613.48,3926.27,401.43398
Open Positions,Data,Summary,Stocks,USD,MSFT,6,1,397.300870833,2383.805225,493.95,2963.7,579.894775
Open Positions,Data,Summary,Stocks,USD,MU,1.7,1,875.561767647,1488.455005,1000.26,1700.44,211.984995
Open Positions,Data,Summary,Stocks,USD,NVDA,15,1,193.716669667,2905.750045,225.73,3385.95,480.199955
Open Positions,Data,Summary,Stocks,USD,PICK,80,1,58.472503,4677.80024,66.13,5290.4,612.59976
Open Positions,Data,Summary,Stocks,USD,POW,115,1,28.330437783,3258.000345,26.49,3046.35,-211.650345
Open Positions,Data,Summary,Stocks,USD,RACE,10,1,380.602003,3806.02003,405.94,4059.4,253.37997
Open Positions,Data,Summary,Stocks,USD,RYAAY,45,1,64.002225222,2880.100135,54.37,2446.65,-433.450135
Open Positions,Data,Summary,Stocks,USD,SE,33,1,101.638790879,3354.080099,113.33,3739.89,385.809901
Open Positions,Data,Summary,Stocks,USD,SPOT,8.5,1,468.438238353,3981.725026,528.64,4493.44,511.714974
Open Positions,Data,Summary,Stocks,USD,TCEHY,51,1,56.226862784,2867.570002,55.25,2817.75,-49.820002
Open Positions,Data,Summary,Stocks,USD,TSM,45,1,148.607598133,6687.341916,439,19755,13067.658084
Open Positions,Data,Summary,Stocks,USD,VHT,7,1,327.912860143,2295.390021,314.61,2202.27,-93.120021
Open Positions,Total,,Stocks,USD,,,,,74538.740207,,102068.74,27529.999792
Open Positions,Total,,Stocks,USD,,,,,110378.936142012,,142323.395859,31944.459715988
Forex Balances,Header,Asset Category,Currency,Description,Quantity,Cost Price,Cost Basis in USD,Close Price,Value in USD,Unrealized P/L in USD,Code
Forex Balances,Data,Forex,USD,DKK,82.13,0.154830001,-12.716188,0.1555,12.771215,0.055027
Forex Balances,Data,Forex,USD,HKD,35875.305551,0.127614535,-4578.210437268,0.12753,4575.177717,-3.032720268
Forex Balances,Data,Forex,USD,JPY,989835.503,0.006184572,-6121.708891526,0.0064935,6427.496838,305.787946474
Forex Balances,Data,Forex,USD,USD,225.663780023,0,-225.663780023,1,225.663780023,0
Forex Balances,Data,Total,,,,,-10938.299297817,,11241.109551023,302.810253206
Net Stock Position Summary,Header,Asset Category,Currency,Symbol,Description,Shares at IB,Shares Borrowed,Shares Lent,Net Shares
Net Stock Position Summary,Data,Stocks,DKK,NOVOBc,NOVO NORDISK A/S-B,30,0,0,30
Net Stock Position Summary,Data,Stocks,EUR,PRYm,PRYSMIAN SPA,15,0,0,15
Net Stock Position Summary,Data,Stocks,EUR,QUTM,VANECK QUANTUM COMPUTING ETF,75,0,0,75
Net Stock Position Summary,Data,Stocks,EUR,RHM,RHEINMETALL AG,2,0,0,2
Net Stock Position Summary,Data,Stocks,EUR,SHELL,SHELL PLC,194,0,0,194
Net Stock Position Summary,Data,Stocks,EUR,SHELL.2DR,SHELL PLC - DIVIDEND RIGHTS,194,0,0,194
Net Stock Position Summary,Data,Stocks,EUR,SIE,SIEMENS AG-REG,7,0,0,7
Net Stock Position Summary,Data,Stocks,EUR,SU,SCHNEIDER ELECTRIC SE,13,0,0,13
Net Stock Position Summary,Data,Stocks,GBP,AAFl,AIRTEL AFRICA PLC,835,0,0,835
Net Stock Position Summary,Data,Stocks,GBP,BARCl,BARCLAYS PLC,329,0,0,329
Net Stock Position Summary,Data,Stocks,GBP,UUl,UNITED UTILITIES GROUP PLC,330,0,0,330
Net Stock Position Summary,Data,Stocks,JPY,4543.T,TERUMO CORP,200,0,-187,13
Net Stock Position Summary,Data,Stocks,TWD,2890,SINOPAC FINANCIAL HOLDINGS,612,0,0,612
Net Stock Position Summary,Data,Stocks,USD,ANET,ARISTA NETWORKS INC,12,0,0,12
Net Stock Position Summary,Data,Stocks,USD,APH,AMPHENOL CORP-CL A,24,0,0,24
Net Stock Position Summary,Data,Stocks,USD,ASML,ASML HOLDING NV-NY REG SHS,6,0,0,6
Net Stock Position Summary,Data,Stocks,USD,AVGO,BROADCOM INC,9,0,0,9
Net Stock Position Summary,Data,Stocks,USD,CAT,CATERPILLAR INC,3,0,0,3
Net Stock Position Summary,Data,Stocks,USD,CSCO,CISCO SYSTEMS INC,20,0,0,20
Net Stock Position Summary,Data,Stocks,USD,DHI,DR HORTON INC,13.2,0,0,13.2
Net Stock Position Summary,Data,Stocks,USD,DXJ,WISDOMTREE JAPAN HEDGED EQ,15,0,0,15
Net Stock Position Summary,Data,Stocks,USD,GLD,SPDR GOLD SHARES,13.5,0,0,13.5
Net Stock Position Summary,Data,Stocks,USD,JPM,JPMORGAN CHASE & CO,12,0,0,12
Net Stock Position Summary,Data,Stocks,USD,LLY,ELI LILLY & CO,4.7,0,0,4.7
Net Stock Position Summary,Data,Stocks,USD,META,META PLATFORMS INC-CLASS A,6.4,0,0,6.4
Net Stock Position Summary,Data,Stocks,USD,MSFT,MICROSOFT CORP,6,0,0,6
Net Stock Position Summary,Data,Stocks,USD,MU,MICRON TECHNOLOGY INC,1.7,0,0,1.7
Net Stock Position Summary,Data,Stocks,USD,NVDA,NVIDIA CORP,15,0,0,15
Net Stock Position Summary,Data,Stocks,USD,PICK,ISHARES MSCI GLOBAL METALS &,80,0,-29,51
Net Stock Position Summary,Data,Stocks,USD,POW,VISTASHA ELETRICAN SC ETF,115,0,0,115
Net Stock Position Summary,Data,Stocks,USD,RACE,FERRARI NV,10,0,-10,0
Net Stock Position Summary,Data,Stocks,USD,RYAAY,RYANAIR HOLDINGS PLC-SP ADR,45,0,0,45
Net Stock Position Summary,Data,Stocks,USD,SE,SEA LTD-ADR,33,0,0,33
Net Stock Position Summary,Data,Stocks,USD,SPOT,SPOTIFY TECHNOLOGY SA,8.5,0,0,8.5
Net Stock Position Summary,Data,Stocks,USD,TCEHY,TENCENT HOLDINGS LTD-UNS ADR,51,0,0,51
Net Stock Position Summary,Data,Stocks,USD,TSM,TAIWAN SEMICONDUCTOR-SP ADR,45,0,0,45
Net Stock Position Summary,Data,Stocks,USD,VHT,VANGUARD HEALTH CARE ETF,7,0,0,7
Trades,Header,DataDiscriminator,Asset Category,Currency,Symbol,Date/Time,Quantity,T. Price,C. Price,Proceeds,Comm/Fee,Basis,Realized P/L,MTM P/L,Code
Trades,Data,Order,Stocks,DKK,NOVOBc,"2026-06-29, 07:07:22",30,313.1,314.9,-9393,-49,9442,0,54,O
Trades,SubTotal,,Stocks,DKK,NOVOBc,,30,,,-9393,-49,9442,0,54
Trades,Total,,Stocks,DKK,,,,,,-9393,-49,9442,0,54, 
Trades,Total,,Stocks,USD,,,,,,-1435.62612,-7.48916,1443.11528,0,8.25336, 
Trades,Data,Order,Stocks,EUR,CNUA,"2026-07-09, 03:10:10",-9,159.34,160.44,1434.06,-3,-1062.15,368.91,-9.9,C
Trades,SubTotal,,Stocks,EUR,CNUA,,-9,,,1434.06,-3,-1062.15,368.91,-9.9
Trades,Data,Order,Stocks,EUR,PRYm,"2026-07-28, 07:37:59",15,117.4,116.85,-1761,-3,1764,0,-8.25,O
Trades,SubTotal,,Stocks,EUR,PRYm,,15,,,-1761,-3,1764,0,-8.25
Trades,Data,Order,Stocks,EUR,QUTM,"2026-06-29, 08:45:58",75,26.4,26.305,-1980,-3,1983,0,-7.125,O
Trades,SubTotal,,Stocks,EUR,QUTM,,75,,,-1980,-3,1983,0,-7.125
Trades,Data,Order,Stocks,EUR,RHM,"2026-06-29, 07:08:06",1,951.7,970.9,-951.7,-3,954.7,0,19.2,O
Trades,Data,Order,Stocks,EUR,RHM,"2026-07-13, 06:35:11",1,1005.8,979.2,-1005.8,-3,1008.8,0,-26.6,O
Trades,SubTotal,,Stocks,EUR,RHM,,2,,,-1957.5,-6,1963.5,0,-7.4
Trades,Data,Order,Stocks,EUR,SU,"2026-06-29, 07:09:10",5,275.8,278.1,-1379,-3,1382,0,11.5,IM;O;P
Trades,Data,Order,Stocks,EUR,SU,"2026-07-02, 05:33:56",4,274.2,275.9,-1096.8,-3,1099.8,0,6.8,O
Trades,Data,Order,Stocks,EUR,SU,"2026-07-28, 07:34:25",4,262.25,262,-1049,-3,1052,0,-1,O
Trades,SubTotal,,Stocks,EUR,SU,,13,,,-3524.8,-9,3533.8,0,17.3
Trades,Total,,Stocks,EUR,,,,,,-7789.24,-24,8182.15,368.91,-15.375, 
Trades,Total,,Stocks,USD,,,,,,-8883.55152,-27.3864,9332.60205,421.66413,-17.41469, 
Trades,Data,Order,Stocks,GBP,AAFl,"2026-08-26, 07:15:49",835,3.398,3.396,-2837.33,-17.18665,2854.51665,0,-1.67,IA;O
Trades,SubTotal,,Stocks,GBP,AAFl,,835,,,-2837.33,-17.18665,2854.51665,0,-1.67
Trades,Data,Order,Stocks,GBP,BARCl,"2026-06-29, 07:16:36",150,5.093,5.053,-763.95,-6.81975,770.76975,0,-6,O
Trades,Data,Order,Stocks,GBP,BARCl,"2026-07-28, 07:32:06",179,5.033,5.05,-900.908,-7.50454,908.41254,0,3.042,IM;O;P
Trades,SubTotal,,Stocks,GBP,BARCl,,329,,,-1664.858,-14.32429,1679.18229,0,-2.958
Trades,Data,Order,Stocks,GBP,UUl,"2026-06-29, 07:12:43",200,13.03,13.16,-2606,-16.03,2622.03,0,26,IA;O
Trades,Data,Order,Stocks,GBP,UUl,"2026-08-24, 06:28:47",130,14.34,14.25,-1864.2,-12.321,1876.521,0,-11.7,O
Trades,SubTotal,,Stocks,GBP,UUl,,330,,,-4470.2,-28.351,4498.551,0,14.3
Trades,Total,,Stocks,GBP,,,,,,-8972.388,-59.86194,9032.24994,0,9.672, 
Trades,Total,,Stocks,USD,,,,,,-12064.4419672,-80.432709836,12144.874677036,0,12.3415448, 
Trades,Data,Order,Stocks,HKD,3069,"2026-06-25, 21:20:04",-700,12.33,12.17,8631,-18.2459835,-9790.278503,-1177.524485,112,C;P
Trades,SubTotal,,Stocks,HKD,3069,,-700,,,8631,-18.2459835,-9790.278503,-1177.524485,112
Trades,Data,Order,Stocks,HKD,3110,"2026-06-25, 21:20:04",-500,29.1,28.9,14550,-18.414675,-14358.40869,173.176635,100,C
Trades,SubTotal,,Stocks,HKD,3110,,-500,,,14550,-18.414675,-14358.40869,173.176635,100
Trades,Data,Order,Stocks,HKD,3416,"2026-06-25, 21:20:04","-1,000",8.42,8.295,8420,-18.23997,-10538.29982,-2136.53979,125,C
Trades,SubTotal,,Stocks,HKD,3416,,-1000,,,8420,-18.23997,-10538.29982,-2136.53979,125
Trades,Total,,Stocks,HKD,,,,,,31601,-54.9006285,-34686.987013,-3140.88764,337, 
Trades,Total,,Stocks,USD,,,,,,4029.75952,-7.000928146,-4423.284583898,-400.525991853,42.97424, 
Trades,Data,Order,Stocks,JPY,2914.T,"2026-07-09, 20:00:00",-100,6206,6117,620600,-496.48,-385908.48,234195.04,8900,C
Trades,SubTotal,,Stocks,JPY,2914.T,,-100,,,620600,-496.48,-385908.48,234195.04,8900
Trades,Data,Order,Stocks,JPY,4543.T,"2026-06-29, 21:34:49",100,2230,2234,-223000,-178.4,223178.4,0,400,O
Trades,Data,Order,Stocks,JPY,4543.T,"2026-07-13, 20:03:52",100,2213.5,2233,-221350,-177.08,221527.08,0,1950,O
Trades,SubTotal,,Stocks,JPY,4543.T,,200,,,-444350,-355.48,444705.48,0,2350
Trades,Data,Order,Stocks,JPY,4568.T,"2026-06-25, 20:00:00",-200,2576,2535.5,515200,-412.16,-726280.56,-211492.72,8100,C
Trades,SubTotal,,Stocks,JPY,4568.T,,-200,,,515200,-412.16,-726280.56,-211492.72,8100
Trades,Data,Order,Stocks,JPY,7203.T,"2026-06-25, 20:00:00",-100,2714,2768,271400,-217.12,-247547.88,23635,-5400,C
Trades,SubTotal,,Stocks,JPY,7203.T,,-100,,,271400,-217.12,-247547.88,23635,-5400
Trades,Total,,Stocks,JPY,,,,,,962850,-1481.24,-915031.44,46337.32,13950, 
Trades,Total,,Stocks,USD,,,,,,5965.034635,-9.1491793,-5668.931700144,286.953755556,86.208595, 
Trades,Data,Order,Stocks,TWD,2890,"2026-06-29, 22:27:54",300,39.5,39.9,-11850,-82.37,11932.37,0,120,O;P
Trades,Data,Order,Stocks,TWD,2890,"2026-07-15, 00:22:22",300,40.1,39.95,-12030,-82.406,12112.406,0,-45,O
Trades,SubTotal,,Stocks,TWD,2890,,600,,,-23880,-164.776,24044.776,0,75
Trades,Total,,Stocks,TWD,,,,,,-23880,-164.776,24044.776,0,75, 
Trades,Total,,Stocks,USD,,,,,,-746.97063,-5.154434126,752.125064126,0,2.37507, 
Trades,Data,Order,Stocks,USD,AEP,"2026-06-25, 09:30:00",-10,135.23,137,1352.3,-1.02983738,-1146.1,205.170163,-17.7,C
Trades,SubTotal,,Stocks,USD,AEP,,-10,,,1352.3,-1.02983738,-1146.1,205.170163,-17.7
Trades,Data,Order,Stocks,USD,ANET,"2026-07-28, 09:30:01",6,165.57,169.71,-993.42,-1.000018,994.420018,0,24.84,O
Trades,Data,Order,Stocks,USD,ANET,"2026-08-21, 09:30:01",6,183.91,188.65,-1103.46,-1.000018,1104.460018,0,28.44,O
Trades,SubTotal,,Stocks,USD,ANET,,12,,,-2096.88,-2.000036,2098.880036,0,53.28
Trades,Data,Order,Stocks,USD,APH,"2026-08-26, 09:30:01",12,159.07,161.34,-1908.84,-1.000036,1909.840036,0,27.24,O
Trades,SubTotal,,Stocks,USD,APH,,12,,,-1908.84,-1.000036,1909.840036,0,27.24
Trades,Data,Order,Stocks,USD,AXP,"2026-06-25, 09:30:00",-3,345,342.46,1035,-1.021915,-761.620105,272.35798,7.62,C
Trades,SubTotal,,Stocks,USD,AXP,,-3,,,1035,-1.021915,-761.620105,272.35798,7.62
Trades,Data,Order,Stocks,USD,BAC,"2026-06-25, 09:30:00",-100,58.06,58.19,5806,-1.1394036,-3592.435683,2212.424912,-13,C
Trades,Data,Order,Stocks,USD,BAC,"2026-07-09, 09:30:00",-62,58.51,59.25,3627.62,-1.087004972,-2141.642549,1484.890446,-45.88,C
Trades,SubTotal,,Stocks,USD,BAC,,-162,,,9433.62,-2.226408572,-5734.078232,3697.315358,-58.88
Trades,Data,Order,Stocks,USD,BBJP,"2026-07-28, 09:30:00",38,72.21,72.59,-2743.98,-1.000114,2744.980114,0,14.44,O
Trades,Data,Order,Stocks,USD,BBJP,"2026-07-30, 09:59:42",-38,74.255,75.35,2821.69,-1.065650814,-2744.980114,75.644235,-41.61,C
Trades,SubTotal,,Stocks,USD,BBJP,,0,,,77.71,-2.065764814,0,75.644235,-27.17
Trades,Data,Order,Stocks,USD,BNO,"2026-07-22, 09:30:00",-50,51.23,51.42,2561.5,-1.0626669,-2625.75,-65.312667,-9.5,C
Trades,SubTotal,,Stocks,USD,BNO,,-50,,,2561.5,-1.0626669,-2625.75,-65.312667,-9.5
Trades,Data,Order,Stocks,USD,BX,"2026-06-25, 09:30:00",-42,113.77,114.18,4778.34,-1.106749804,-5237.896166,-460.662916,-17.22,C
Trades,SubTotal,,Stocks,USD,BX,,-42,,,4778.34,-1.106749804,-5237.896166,-460.662916,-17.22
Trades,Data,Order,Stocks,USD,DHI,"2026-07-29, 09:30:00",13.2,149.001666667,147.16,-1966.822,-1.0000396,1967.8220396,0,-24.31,FPA;O;P
Trades,SubTotal,,Stocks,USD,DHI,,13.2,,,-1966.822,-1.0000396,1967.8220396,0,-24.31
Trades,Data,Order,Stocks,USD,DXJ,"2026-07-10, 09:30:00",-24,176.1,176.78,4226.4,-1.09181584,-2445.36,1781.04,-16.32,C
Trades,Data,Order,Stocks,USD,DXJ,"2026-07-30, 09:36:24",15,173.8,174.91,-2607,-1.000045,2608.000045,0,16.65,O
Trades,SubTotal,,Stocks,USD,DXJ,,-9,,,1619.4,-2.09186084,162.640045,1781.04,0.33
Trades,Data,Order,Stocks,USD,EMXC,"2026-06-25, 09:30:01",-50,103.2,101.6,5160,-1.116196,-2968.168417,2190.715387,80,C
Trades,Data,Order,Stocks,USD,EMXC,"2026-07-14, 09:30:01",-25,95.5,95.95,2387.5,-1.0541325,-1484.084208,902.36166,-11.25,C
Trades,SubTotal,,Stocks,USD,EMXC,,-75,,,7547.5,-2.1703285,-4452.252625,3093.077047,68.75
Trades,Data,Order,Stocks,USD,GE,"2026-07-09, 09:30:01",-7,361.59,359.04,2531.13,-1.053527278,-1158.100245,1371.976228,17.85,C
Trades,SubTotal,,Stocks,USD,GE,,-7,,,2531.13,-1.053527278,-1158.100245,1371.976228,17.85
Trades,Data,Order,Stocks,USD,GLD,"2026-08-26, 09:30:00",3.5,422.883571429,421.32,-1480.0925,-1.0000105,1481.0925105,0,-5.4725,O;P;RPA
Trades,SubTotal,,Stocks,USD,GLD,,3.5,,,-1480.0925,-1.0000105,1481.0925105,0,-5.4725
Trades,Data,Order,Stocks,USD,IBM,"2026-08-03, 11:59:09",-2,227.1,226.31,454.2,-1.00975252,-535.380044,-82.189797,1.58,C
Trades,Data,Order,Stocks,USD,IBM,"2026-08-18, 09:30:01",-3,229.73,232.67,689.19,-1.014791314,-803.070066,-114.894857,-8.82,C
Trades,SubTotal,,Stocks,USD,IBM,,-5,,,1143.39,-2.024543834,-1338.45011,-197.084654,-7.24
Trades,Data,Order,Stocks,USD,JPM,"2026-06-29, 09:30:01",6,328.12,329.39,-1968.72,-1.000018,1969.720018,0,7.62,O
Trades,Data,Order,Stocks,USD,JPM,"2026-08-06, 09:33:07",6,359.95,356.3,-2159.7,-1.000018,2160.700018,0,-21.9,O
Trades,SubTotal,,Stocks,USD,JPM,,12,,,-4128.42,-2.000036,4130.420036,0,-14.28
Trades,Data,Order,Stocks,USD,LLY,"2026-07-31, 09:33:21",1.7,1144.170588235,1148.84,-1945.09,-1.0000051,1946.0900051,0,7.938,FPA;O;P
Trades,SubTotal,,Stocks,USD,LLY,,1.7,,,-1945.09,-1.0000051,1946.0900051,0,7.938
Trades,Data,Order,Stocks,USD,LRCX,"2026-07-09, 09:30:01",-30,363.99,353.17,10919.7,-1.23088582,-2217.700105,8700.769009,324.6,C
Trades,SubTotal,,Stocks,USD,LRCX,,-30,,,10919.7,-1.23088582,-2217.700105,8700.769009,324.6
Trades,Data,Order,Stocks,USD,META,"2026-06-29, 09:30:23",3,558,562.6,-1674,-1.000009,1675.000009,0,13.8,O
Trades,Data,Order,Stocks,USD,META,"2026-07-31, 09:30:01",3.4,543.775294118,556.71,-1848.836,-1.0000102,1849.8360102,0,43.978,O;P;RPA
Trades,SubTotal,,Stocks,USD,META,,6.4,,,-3522.836,-2.0000192,3524.8360192,0,57.778
Trades,Data,Order,Stocks,USD,MSFT,"2026-06-29, 09:30:02",3,376.25,368.57,-1128.75,-1.000009,1129.750009,0,-23.04,O
Trades,SubTotal,,Stocks,USD,MSFT,,3,,,-1128.75,-1.000009,1129.750009,0,-23.04
Trades,Data,Order,Stocks,USD,MU,"2026-07-31, 09:48:12",1.7,874.973529412,823.03,-1487.455,-1.0000051,1488.4550051,0,-88.304,O;P;RPA
Trades,SubTotal,,Stocks,USD,MU,,1.7,,,-1487.455,-1.0000051,1488.4550051,0,-88.304
Trades,Data,Order,Stocks,USD,NFLX,"2026-08-03, 11:32:36",-6,73.0605,73.33,438.363,-1.010218278,-563.24,-125.887218,-1.617,C;IA
Trades,Data,Order,Stocks,USD,NFLX,"2026-08-05, 09:30:01",-3,75.1,74.2,225.3,-1.00523518,-281.62,-57.325235,2.7,C
Trades,Data,Order,Stocks,USD,NFLX,"2026-09-01, 09:43:00",-3,80.81,80.81,242.43,-1.005588058,-281.62,-40.195588,0,C
Trades,SubTotal,,Stocks,USD,NFLX,,-12,,,906.093,-3.021041516,-1126.48,-223.408041,1.083
Trades,Data,Order,Stocks,USD,NVDA,"2026-06-29, 09:30:01",15,193.65,194.97,-2904.75,-1.000045,2905.750045,0,19.8,O
Trades,SubTotal,,Stocks,USD,NVDA,,15,,,-2904.75,-1.000045,2905.750045,0,19.8
Trades,Data,Order,Stocks,USD,PICK,"2026-06-29, 09:30:00",80,58.46,57.88,-4676.8,-1.00024,4677.80024,0,-46.4,O
Trades,SubTotal,,Stocks,USD,PICK,,80,,,-4676.8,-1.00024,4677.80024,0,-46.4
Trades,Data,Order,Stocks,USD,POW,"2026-07-02, 09:30:00",70,29.8,28.92,-2086,-1.00021,2087.00021,0,-61.6,O;P
Trades,Data,Order,Stocks,USD,POW,"2026-07-28, 09:30:00",45,26,25.0405,-1170,-1.000135,1171.000135,0,-43.1775,O
Trades,SubTotal,,Stocks,USD,POW,,115,,,-3256,-2.000345,3258.000345,0,-104.7775
Trades,Data,Order,Stocks,USD,RACE,"2026-06-29, 09:34:07",3,369,368.34,-1107,-1.000009,1108.000009,0,-1.98,O
Trades,Data,Order,Stocks,USD,RACE,"2026-07-13, 09:30:01",4,376.03,372.98,-1504.12,-1.000012,1505.120012,0,-12.2,O
Trades,Data,Order,Stocks,USD,RACE,"2026-07-31, 09:30:00",3,397.3,393.87,-1191.9,-1.000009,1192.900009,0,-10.29,O
Trades,SubTotal,,Stocks,USD,RACE,,10,,,-3803.02,-3.00003,3806.02003,0,-24.47
Trades,Data,Order,Stocks,USD,RYAAY,"2026-07-09, 09:30:01",45,63.98,64.15,-2879.1,-1.000135,2880.100135,0,7.65,O
Trades,SubTotal,,Stocks,USD,RYAAY,,45,,,-2879.1,-1.000135,2880.100135,0,7.65
Trades,Data,Order,Stocks,USD,SE,"2026-06-29, 13:32:51",10,91.5,92.95,-915,-1.00003,916.00003,0,14.5,O
Trades,Data,Order,Stocks,USD,SE,"2026-07-13, 09:30:01",4,111.22,110.66,-444.88,-1.000012,445.880012,0,-2.24,O
Trades,Data,Order,Stocks,USD,SE,"2026-07-28, 09:30:01",19,104.8,107.41,-1991.2,-1.000057,1992.200057,0,49.59,O
Trades,SubTotal,,Stocks,USD,SE,,33,,,-3351.08,-3.000099,3354.080099,0,61.85
Trades,Data,Order,Stocks,USD,SPOT,"2026-06-29, 09:36:01",4,463,462.29,-1852,-1.000012,1853.000012,0,-2.84,O
Trades,Data,Order,Stocks,USD,SPOT,"2026-07-13, 12:57:31",2,479.77,479.84,-959.54,-1.000006,960.540006,0,0.14,O
Trades,Data,Order,Stocks,USD,SPOT,"2026-08-04, 09:30:41",2,462.55,478.17,-925.1,-1.000006,926.100006,0,31.24,O
Trades,Data,Order,Stocks,USD,SPOT,"2026-08-06, 09:30:11",0.5,482.17,475.07,-241.085,-1.0000015,242.0850015,0,-3.55,FP;O
Trades,SubTotal,,Stocks,USD,SPOT,,8.5,,,-3977.725,-4.0000255,3981.7250255,0,24.99
Trades,Data,Order,Stocks,USD,TCEHY,"2026-07-02, 08:00:00",30,55.5,55.35,-1665,-1.0000009,1666.0000009,0,-4.5,O
Trades,Data,Order,Stocks,USD,TCEHY,"2026-07-28, 08:32:51",21,57.17,57.7,-1200.57,-1.00000063,1201.57000063,0,11.13,O
Trades,SubTotal,,Stocks,USD,TCEHY,,51,,,-2865.57,-2.00000153,2867.57000153,0,6.63
Trades,Data,Order,Stocks,USD,TGT,"2026-06-25, 09:34:20",-30,142,139.57,4260,-1.093696,-3332.750882,926.155422,72.9,C
Trades,SubTotal,,Stocks,USD,TGT,,-30,,,4260,-1.093696,-3332.750882,926.155422,72.9
Trades,Data,Order,Stocks,USD,TIP,"2026-06-25, 09:30:00",-39,109.57,109.5,4273.23,-1.095750538,-4271.501365,0.632884,2.73,C
Trades,SubTotal,,Stocks,USD,TIP,,-39,,,4273.23,-1.095750538,-4271.501365,0.632884,2.73
Trades,Data,Order,Stocks,USD,URA,"2026-06-25, 09:30:00",-24,45.28,43.92,1086.72,-1.027138432,-1140.04,-54.347138,32.64,C
Trades,SubTotal,,Stocks,USD,URA,,-24,,,1086.72,-1.027138432,-1140.04,-54.347138,32.64
Trades,Data,Order,Stocks,USD,VHT,"2026-08-26, 09:30:00",7,327.77,326.27,-2294.39,-1.000021,2295.390021,0,-10.5,O
Trades,SubTotal,,Stocks,USD,VHT,,7,,,-2294.39,-1.000021,2295.390021,0,-10.5
Trades,Total,,Stocks,USD,,,,,,3852.0125,-53.323253758,15323.54184853,19123.32291,316.395, 
Trades,Header,DataDiscriminator,Asset Category,Currency,Symbol,Date/Time,Quantity,T. Price,,Proceeds,Comm in USD,,,MTM in USD,Code
Trades,Data,Order,Forex,DKK,USD.DKK,"2026-06-29, 07:07:22","-1,403",6.55043,,9190.25329,0,,,1.638313,AFx
Trades,Data,Order,Forex,DKK,USD.DKK,"2026-06-29, 17:00:00",0.51694616,6.54476284,,-3.383289999,0,,,-0.000156
Trades,SubTotal,,Forex,DKK,USD.DKK,,-1402.48305384,,,9186.870000001,0,,,1.638157
Trades,Total,,Forex,DKK,,,,,,9186.870000001,0,,,1.638157, 
Trades,Total,,Forex,USD,,,,,,1404.1212108,0,,,1.638157, 
Trades,Data,Order,Forex,JPY,USD.JPY,"2026-08-26, 09:30:02",73,159.338,,-11631.674,0,,,-0.012018,AFx
Trades,Data,Order,Forex,JPY,USD.JPY,"2026-08-26, 17:00:00",5.69002503,159.31,,-906.477887529,0,,,0.000063
Trades,Data,Order,Forex,JPY,USD.JPY,"2026-08-26, 20:26:00",-5.69002503,159.31,,906.477887529,0,,,-0.003236
Trades,Data,Order,Forex,JPY,USD.JPY,"2026-08-27, 01:05:46",6,159.465,,-956.79,0,,,-0.002422,AFx
Trades,Data,Order,Forex,JPY,USD.JPY,"2026-08-27, 17:00:00",5.78034523,159.4,,-921.38703014,0,,,0.000023
Trades,Data,Order,Forex,JPY,USD.JPY,"2026-08-27, 20:26:00",-5.78034523,159.4,,921.38703014,0,,,-0.024532
Trades,Data,Order,Forex,JPY,USD.JPY,"2026-08-28, 02:02:27",6,159.626,,-957.756,0,,,0.016994,AFx
Trades,Data,Order,Forex,JPY,USD.JPY,"2026-08-28, 17:00:00",5.890663,160.08,,-942.97733272,0,,,-0.000022
Trades,Data,Order,Forex,JPY,USD.JPY,"2026-08-28, 20:26:00",-5.890663,160.08,,942.97733272,0,,,0.012469
Trades,Data,Order,Forex,JPY,USD.JPY,"2026-08-30, 17:15:53",6,160.195,,-961.17,0,,,-0.01702,AFx
Trades,Data,Order,Forex,JPY,USD.JPY,"2026-08-31, 17:00:00",4.96156632,159.74,,-792.560603478,0,,,0.000057
Trades,Data,Order,Forex,JPY,USD.JPY,"2026-08-31, 20:26:00",-4.96156632,159.74,,792.560603478,0,,,-0.013927
Trades,Data,Order,Forex,JPY,USD.JPY,"2026-09-01, 00:52:27",5,159.947,,-799.735,0,,,0.007574,AFx
Trades,Data,Order,Forex,JPY,USD.JPY,"2026-09-01, 09:43:00",1,160.132,,-160.132,0,,,0.00036,AFx
Trades,SubTotal,,Forex,JPY,USD.JPY,,97,,,-15467.257,0,,,-0.035637
Trades,Total,,Forex,JPY,,,,,,-15467.257,0,,,-0.035637, 
Trades,Total,,Forex,USD,,,,,,-97.035635848,0,,,-0.035637, 
Trades,Data,Order,Forex,TWD,USD.TWD,"2026-06-29, 22:27:55",-2.59,31.8054,,82.375986,0,,,0.001322,AFx
Trades,Data,Order,Forex,TWD,USD.TWD,"2026-06-29, 22:27:55",-371.99,31.8054,,11831.290746,0,,,0.189856,AFx
Trades,Data,Order,Forex,TWD,USD.TWD,"2026-06-30, 17:00:00",0.00718235,31.8455508,,-0.228725987,0,,,-0.000013
Trades,Data,Order,Forex,TWD,USD.TWD,"2026-06-30, 17:00:00",0.41707195,31.8455508,,-13.281886003,0,,,-0.000736
Trades,Data,Order,Forex,TWD,USD.TWD,"2026-07-01, 06:00:02",-1.01,31.8194,,32.137594,0,,,-0.002005,AFx
Trades,Data,Order,Forex,TWD,USD.TWD,"2026-07-01, 06:00:02",-0.01,31.8194,,0.318194,0,,,-0.00002,AFx
Trades,Data,Order,Forex,TWD,USD.TWD,"2026-07-01, 17:00:00",0.00299182,31.86025521,,-0.095320021,0,,,0.000002
Trades,Data,Order,Forex,TWD,USD.TWD,"2026-07-01, 17:00:00",0.00417197,31.86025521,,-0.132919997,0,,,0.000003
Trades,Data,Order,Forex,TWD,USD.TWD,"2026-07-02, 17:00:00",0.00042764,31.9615856,,-0.013667989,0,,,0
Trades,Data,Order,Forex,TWD,USD.TWD,"2026-07-15, 00:22:22",-374.25,32.1653,,12037.863525,0,,,0.200229,AFx
Trades,Data,Order,Forex,TWD,USD.TWD,"2026-07-15, 00:22:22",-2.57,32.1653,,82.664821,0,,,0.001374,AFx
Trades,Data,Order,Forex,TWD,USD.TWD,"2026-07-15, 17:00:00",0.00884224,32.20655907,,-0.284777996,0,,,-0.000016
Trades,Data,Order,Forex,TWD,USD.TWD,"2026-07-15, 17:00:00",0.36152418,32.20655907,,-11.643450019,0,,,-0.000657
Trades,Data,Order,Forex,TWD,USD.TWD,"2026-07-16, 06:00:02",-0.01,32.262,,0.32262,0,,,-0.000003,AFx
Trades,Data,Order,Forex,TWD,USD.TWD,"2026-07-16, 06:00:02",-0.11,32.262,,3.54882,0,,,-0.00003,AFx
Trades,Data,Order,Forex,TWD,USD.TWD,"2026-07-16, 17:00:00",0.00915507,32.3006873,,-0.295715021,0,,,-0.000009
Trades,Data,Order,Forex,TWD,USD.TWD,"2026-07-16, 17:00:00",-0.0074866,32.26201849,,0.241532989,0,,,-0.000002
Trades,Data,Order,Forex,TWD,USD.TWD,"2026-07-17, 17:00:00",0.00035072,32.4357278,,-0.011375956,0,,,0
Trades,Data,Order,Forex,TWD,USD.TWD,"2026-07-20, 17:00:00",-0.00092913,32.2883106,,0.030000006,0,,,0
Trades,Data,Order,Forex,TWD,USD.TWD,"2026-07-21, 17:00:00",-0.00030922,32.3392953,,0.009999989,0,,,0
Trades,Data,Order,Forex,TWD,USD.TWD,"2026-07-22, 17:00:00",-0.0003101,32.2473229,,0.009999992,0,,,-0.000001
Trades,Data,Order,Forex,TWD,USD.TWD,"2026-07-23, 17:00:00",-0.00030934,32.32669908,,0.010000038,0,,,0
Trades,Data,Order,Forex,TWD,USD.TWD,"2026-07-24, 17:00:00",-0.00030888,32.37468468,,0.009999957,0,,,0
Trades,Data,Order,Forex,TWD,USD.TWD,"2026-07-27, 17:00:00",-0.00092512,32.4282686,,0.03000004,0,,,0.000004
Trades,Data,Order,Forex,TWD,USD.TWD,"2026-07-28, 17:00:00",-0.00030789,32.47885342,,0.009999979,0,,,0.000001
Trades,Data,Order,Forex,TWD,USD.TWD,"2026-07-29, 17:00:00",-0.00030835,32.430268,,0.010000003,0,,,0.000001
Trades,Data,Order,Forex,TWD,USD.TWD,"2026-07-30, 17:00:00",-0.00030816,32.45066188,,0.009999996,0,,,0.000001
Trades,Data,Order,Forex,TWD,USD.TWD,"2026-07-31, 05:20:05",-0.01,32.3702,,0.323702,0,,,0.00002,AFx
Trades,Data,Order,Forex,TWD,USD.TWD,"2026-07-31, 17:00:00",0.00970561,32.41042021,,-0.314562996,0,,,-0.00003
Trades,Data,Order,Forex,TWD,USD.TWD,"2026-08-03, 17:00:00",-0.00095158,32.4312677,,0.030860978,0,,,0
Trades,Data,Order,Forex,TWD,USD.TWD,"2026-08-04, 17:00:00",-0.00030978,32.2813127,,0.010000008,0,,,-0.000001
Trades,Data,Order,Forex,TWD,USD.TWD,"2026-08-05, 17:00:00",-0.00031055,32.20063691,,0.010000004,0,,,-0.000001
Trades,Data,Order,Forex,TWD,USD.TWD,"2026-08-06, 17:00:00",-0.00031054,32.2023364,,0.010000017,0,,,-0.000001
Trades,Data,Order,Forex,TWD,USD.TWD,"2026-08-07, 17:00:00",-0.00031065,32.19034,,0.009999994,0,,,-0.000001
Trades,Data,Order,Forex,TWD,USD.TWD,"2026-08-10, 17:00:00",-0.00093089,32.2273289,,0.029999969,0,,,-0.000001
Trades,Data,Order,Forex,TWD,USD.TWD,"2026-08-11, 17:00:00",-0.00031067,32.1883406,,0.010000016,0,,,-0.000001
Trades,Data,Order,Forex,TWD,USD.TWD,"2026-08-12, 17:00:00",-0.00031098,32.15625023,,0.010000015,0,,,-0.000001
Trades,Data,Order,Forex,TWD,USD.TWD,"2026-08-13, 17:00:00",-0.00031242,32.00789475,,0.00999997,0,,,-0.000001
Trades,Data,Order,Forex,TWD,USD.TWD,"2026-08-14, 17:00:00",-0.00031363,31.88473171,,0.01000004,0,,,-0.000002
Trades,Data,Order,Forex,TWD,USD.TWD,"2026-08-17, 17:00:00",-0.0009443,31.7694663,,0.030000002,0,,,-0.000003
Trades,Data,Order,Forex,TWD,USD.TWD,"2026-08-18, 17:00:00",-0.00031348,31.89992715,,0.009999989,0,,,0
Trades,Data,Order,Forex,TWD,USD.TWD,"2026-08-19, 17:00:00",-0.00031357,31.89092985,,0.009999975,0,,,0
Trades,Data,Order,Forex,TWD,USD.TWD,"2026-08-20, 17:00:00",-0.00031345,31.9034261,,0.010000001,0,,,0.000001
Trades,Data,Order,Forex,TWD,USD.TWD,"2026-08-21, 17:00:00",-0.00031449,31.79785778,,0.010000045,0,,,0
Trades,Data,Order,Forex,TWD,USD.TWD,"2026-08-24, 17:00:00",16.33796113,31.9115706,,-521.37000006,0,,,-0.0341
Trades,Data,Order,Forex,TWD,USD.TWD,"2026-08-25, 04:15:42",-0.8,31.8426,,25.47408,0,,,-0.000164,AFx
Trades,Data,Order,Forex,TWD,USD.TWD,"2026-08-25, 17:00:00",0.00882105,31.8825619,,-0.281237577,0,,,-0.000009
Trades,Data,Order,Forex,TWD,USD.TWD,"2026-08-26, 06:00:01",-0.01,31.7024,,0.317024,0,,,-0.00005,AFx
Trades,Data,Order,Forex,TWD,USD.TWD,"2026-08-26, 17:00:00",0.00899024,31.74332014,,-0.285379971,0,,,0.000033
Trades,Data,Order,Forex,TWD,USD.TWD,"2026-08-27, 17:00:00",-0.00036071,31.59331916,,0.011395963,0,,,-0.000001
Trades,Data,Order,Forex,TWD,USD.TWD,"2026-08-28, 17:00:00",-0.00031621,31.6245098,,0.010000018,0,,,0
Trades,Data,Order,Forex,TWD,USD.TWD,"2026-08-31, 17:00:00",-0.00094995,31.580523,,0.029999981,0,,,-0.000004
Trades,Data,Order,Forex,TWD,USD.TWD,"2026-09-01, 17:00:00",-0.00031585,31.660499,,0.01,0,,,-0.000001
Trades,Data,Order,Forex,TWD,USD.TWD,"2026-09-02, 17:00:00",-0.00031543,31.70328616,,0.010000041,0,,,0
Trades,Data,Order,Forex,TWD,USD.TWD,"2026-09-03, 17:00:00",-0.00031527,31.7184816,,0.009999981,0,,,0
Trades,Data,Order,Forex,TWD,USD.TWD,"2026-09-04, 17:00:00",-0.00031636,31.61011412,,0.010000018,0,,,0
Trades,Data,Order,Forex,TWD,USD.TWD,"2026-09-08, 17:00:00",-0.00127087,31.4745548,,0.039999973,0,,,-0.000002
Trades,SubTotal,,Forex,TWD,USD.TWD,,-736.20503845,,,23549.111882394,0,,,0.354981
Trades,Total,,Forex,TWD,,,,,,23549.111882394,0,,,0.354981, 
Trades,Total,,Forex,USD,,,,,,736.560018411,0,,,0.354981, 
Trades,Data,Order,Forex,USD,EUR.USD,"2026-04-02, 17:00:00",-95.78127016,1.1539,,110.522007639,0,,,0
Trades,Data,Order,Forex,USD,EUR.USD,"2026-04-02, 20:26:00",95.78127016,1.1539,,-110.522007639,0,,,-0.210719
Trades,Data,Order,Forex,USD,EUR.USD,"2026-04-03, 02:32:48",-95.84,1.15293,,110.4968112,0,,,0.117883,AFx
Trades,Data,Order,Forex,USD,EUR.USD,"2026-04-03, 02:32:56",-0.02,1.15293,,0.0230586,0,,,0.000025,AFx
Trades,Data,Order,Forex,USD,EUR.USD,"2026-04-03, 17:00:00",-0.00185723,1.15108995,,0.002137839,0,,,-0.000001
Trades,Data,Order,Forex,USD,EUR.USD,"2026-05-04, 17:00:00",-85.29638183,1.1691,,99.72,0,,,0
Trades,Data,Order,Forex,USD,EUR.USD,"2026-05-04, 20:26:00",85.29638183,1.1691,,-99.72,0,,,0.017059
Trades,Data,Order,Forex,USD,EUR.USD,"2026-05-05, 00:47:08",-85.38,1.16777,,99.7042026,0,,,-0.130631,AFx
Trades,Data,Order,Forex,USD,EUR.USD,"2026-05-05, 00:47:12",-0.01,1.16777,,0.0116777,0,,,-0.000015,AFx
Trades,Data,Order,Forex,USD,EUR.USD,"2026-05-05, 12:05:53",-0.04,1.17003,,0.0468012,0,,,0.000029,AFx
Trades,Data,Order,Forex,USD,EUR.USD,"2026-06-02, 17:00:00",-39.88086835,1.16264566,,46.3673185,0,,,-0.018119
Trades,Data,Order,Forex,USD,EUR.USD,"2026-06-03, 15:11:36",-0.04,1.15944,,0.0463776,0,,,-0.000014,AFx
Trades,Data,Order,Forex,USD,EUR.USD,"2026-06-29, 07:08:07",142.32,1.1411,,-162.401352,0,,,0.185016,AFx
Trades,Data,Order,Forex,USD,EUR.USD,"2026-06-29, 07:09:10","1,382",1.14105,,-1576.9311,0,,,1.8657,AFx
Trades,Data,Order,Forex,USD,EUR.USD,"2026-06-29, 08:45:58","1,983",1.14085,,-2262.30555,0,,,3.07365,AFx
Trades,Data,Order,Forex,USD,EUR.USD,"2026-06-29, 17:00:00",5.52380058,1.14274272,,-6.312282895,0,,,-0.001893
Trades,Data,Order,Forex,USD,EUR.USD,"2026-07-02, 05:33:56","1,034.21",1.14145,,-1180.4990045,0,,,1.913289,AFx
Trades,Data,Order,Forex,USD,EUR.USD,"2026-07-02, 17:00:00",4.39,1.14364299,,-5.020592726,0,,,-0.001506
Trades,Data,Order,Forex,USD,EUR.USD,"2026-07-06, 17:00:00",-1.07,1.14366741,,1.223724129,0,,,-0.000463
Trades,Data,Order,Forex,USD,EUR.USD,"2026-07-09, 03:10:10",3,1.14417,,-3.43251,0,,,-0.00351,AFx
Trades,Data,Order,Forex,USD,EUR.USD,"2026-07-28, 07:34:25",626.74,1.13685,,-712.509369,0,,,1.096795,AFx
Trades,Data,Order,Forex,USD,EUR.USD,"2026-07-28, 07:37:59","1,764",1.137,,-2005.668,0,,,2.8224,AFx
Trades,Data,Order,Forex,USD,EUR.USD,"2026-07-28, 17:00:00",7.72,1.13894158,,-8.792628998,0,,,-0.002637
Trades,Data,Order,Forex,USD,EUR.USD,"2026-08-05, 17:00:00",-0.89,1.15486322,,1.027828266,0,,,-0.000389
Trades,Data,Order,Forex,USD,EUR.USD,"2026-09-03, 17:00:00",-0.33,1.16202876,,0.383469491,0,,,-0.000189
Trades,SubTotal,,Forex,USD,EUR.USD,,6729.401075,,,-7664.538982994,0,,,10.72176
Trades,Data,Order,Forex,USD,GBP.USD,"2026-06-29, 07:12:43",3,1.32086,,-3.96258,0,,,0.015119,AFx;P
Trades,Data,Order,Forex,USD,GBP.USD,"2026-06-29, 07:12:44","2,619.04",1.32297,,-3464.9113488,0,,,7.673787,AFx
Trades,Data,Order,Forex,USD,GBP.USD,"2026-06-29, 07:16:36",767.75,1.323831824,,-1016.3718832,0,,,1.587843,AFx;P
Trades,Data,Order,Forex,USD,GBP.USD,"2026-06-29, 07:16:36",3,1.321214967,,-3.9636449,0,,,0.014055,AFx;P
Trades,Data,Order,Forex,USD,GBP.USD,"2026-06-29, 17:00:00",0.00975,1.32629777,,-0.012931403,0,,,-0.000003
Trades,Data,Order,Forex,USD,GBP.USD,"2026-07-28, 07:32:06",3,1.32861,,-3.98583,0,,,0.00087,AFx
Trades,Data,Order,Forex,USD,GBP.USD,"2026-07-28, 07:32:06",905.41,1.3286,,-1202.927726,0,,,0.271623,AFx
Trades,Data,Order,Forex,USD,GBP.USD,"2026-07-28, 17:00:00",0.00254,1.32929867,,-0.003376419,0,,,-0.000001
Trades,Data,Order,Forex,USD,GBP.USD,"2026-08-24, 06:28:47",3,1.36397,,-4.09191,0,,,-0.00261,AFx
Trades,Data,Order,Forex,USD,GBP.USD,"2026-08-24, 06:28:48","1,873.53",1.36396,,-2555.4199788,0,,,-1.611236,AFx
Trades,Data,Order,Forex,USD,GBP.USD,"2026-08-24, 17:00:00",-0.009,1.36269107,,0.01226422,0,,,-0.000004
Trades,Data,Order,Forex,USD,GBP.USD,"2026-08-26, 07:15:49",3,1.36292,,-4.08876,0,,,-0.00966,AFx
Trades,Data,Order,Forex,USD,GBP.USD,"2026-08-26, 07:15:49","2,851.51",1.36291,,-3886.3514941,0,,,-9.153347,AFx
Trades,Data,Order,Forex,USD,GBP.USD,"2026-08-26, 17:00:00",0.00665,1.36010791,,-0.009044718,0,,,-0.000003
Trades,SubTotal,,Forex,USD,GBP.USD,,9032.24994,,,-12146.08824412,0,,,-1.213567
Trades,Total,,Forex,USD,,,,,,-19810.627227114,0,,,9.508193, 
Transaction Fees,Header,Asset Category,Currency,Date/Time,Symbol,Description,Quantity,Trade Price,Amount,Code
Transaction Fees,Data,Stocks,EUR,"2026-06-29, 20:20:00",SU,French Daily Trade Charge Tax,5,275.8,-5.52
Transaction Fees,Data,Stocks,EUR,"2026-07-02, 20:20:00",SU,French Daily Trade Charge Tax,4,274.2,-4.39
Transaction Fees,Data,Stocks,EUR,"2026-07-28, 20:20:00",PRYm,Italian Transaction Tax,15,117.4,-3.52
Transaction Fees,Data,Stocks,EUR,"2026-07-28, 20:20:00",SU,French Daily Trade Charge Tax,4,262.25,-4.2
Transaction Fees,Data,Total,,,,,,,-17.63
Transaction Fees,Data,Total in USD,,,,,,,-20.115127
Transaction Fees,Data,Stocks,GBP,"2026-06-29, 07:12:43",UUl,UK Stamp Tax,200,13.03,-13.03
Transaction Fees,Data,Stocks,GBP,"2026-06-29, 07:16:36",BARCl,UK Stamp Tax,150,5.093,-3.81975
Transaction Fees,Data,Stocks,GBP,"2026-07-28, 07:32:06",BARCl,UK Stamp Tax,3,5.033,-0.0755
Transaction Fees,Data,Stocks,GBP,"2026-07-28, 07:32:06",BARCl,UK Stamp Tax,176,5.033,-4.42904
Transaction Fees,Data,Stocks,GBP,"2026-08-24, 06:28:47",UUl,UK Stamp Tax,130,14.34,-9.321
Transaction Fees,Data,Stocks,GBP,"2026-08-26, 07:15:49",AAFl,UK Stamp Tax,835,3.398,-14.18665
Transaction Fees,Data,Total,,,,,,,-44.86194
Transaction Fees,Data,Total in USD,,,,,,,-60.322209836
Transaction Fees,Data,Stocks,HKD,"2026-06-25, 21:20:04",3069,CHINAAMC HS BIOTECH,-100,12.33,-0.0351405
Transaction Fees,Data,Stocks,HKD,"2026-06-25, 21:20:04",3069,CHINAAMC HS BIOTECH,-100,12.33,-0.0351405
Transaction Fees,Data,Stocks,HKD,"2026-06-25, 21:20:04",3110,GLOBAL X HS HIGH DIV YIE,-500,29.1,-0.414675
Transaction Fees,Data,Stocks,HKD,"2026-06-25, 21:20:04",3416,GLOBAL X HSCEI COVERED C,"-1,000",8.42,-0.23997
Transaction Fees,Data,Stocks,HKD,"2026-06-25, 21:30:05",3069,CHINAAMC HS BIOTECH,-500,12.33,-0.1757025
Transaction Fees,Data,Total,,,,,,,-0.9006285
Transaction Fees,Data,Total in USD,,,,,,,-0.114848146
Corporate Actions,Header,Asset Category,Currency,Report Date,Date/Time,Description,Quantity,Proceeds,Value,Realized P/L,Code
Corporate Actions,Data,Stocks,EUR,2026-05-21,"2026-05-20, 20:25:00","SHELL(GB00BP6MXD84) Dividend Rights Issue  1 for 1 (SHELL.DvR, SHELL PLC - DIVIDEND RIGHTS, NL00150743A0)",194,0,0,0
Corporate Actions,Data,Stocks,EUR,2026-06-30,"2026-06-29, 20:20:00","SHELL.DvR(NL00150743A0) Expire Dividend Right (SHELL.DvR, SHELL PLC - DIVIDEND RIGHTS, NL00150743A0)",-194,0,0,0
Corporate Actions,Data,Stocks,EUR,2026-08-13,"2026-08-12, 20:25:00","SHELL(GB00BP6MXD84) Dividend Rights Issue  1 for 1 (SHELL.2DR, SHELL PLC - DIVIDEND RIGHTS, NL0015074AB2)",194,0,0,0
Corporate Actions,Data,Total,,,,,,0,0,0
Corporate Actions,Data,Total in USD,,,,,,0,0,0
Corporate Actions,Data,Stocks,TWD,2026-07-23,"2026-07-22, 20:25:00","2890(TW0002890001) Spinoff  20 for 1000 (2890.SPO, SINOPAC FINANCIAL HOLDINGS - Spinoff, TW000289SPO9)",12,0,0,0
Corporate Actions,Data,Stocks,TWD,2026-08-25,"2026-08-21, 20:25:00","2890.SPO(TW000289SPO9) Merged(Acquisition) WITH TW0002890001 1 for 1 (2890, SINOPAC FINANCIAL HOLDINGS, TW0002890001)",12,0,471.6,0
Corporate Actions,Data,Stocks,TWD,2026-08-25,"2026-08-25, 04:13:04","Tax Charge (2890.SPO, SINOPAC FINANCIAL HOLDINGS - Spinoff, TW000289SPO9)",0,-25.2058824,0,0
Corporate Actions,Data,Stocks,TWD,2026-08-25,"2026-08-21, 20:25:00","2890.SPO(TW000289SPO9) Merged(Acquisition) WITH TW0002890001 1 for 1 (2890.SPO, SINOPAC FINANCIAL HOLDINGS - SPINOFF, TW000289SPO9)",-12,0,-462.352944,0
Corporate Actions,Data,Total,,,,,,-25.2058824,9.247056,0
Corporate Actions,Data,Total in USD,,,,,,-0.791414296,0.290339064,0
Corporate Actions,Data,Stocks,USD,2026-09-03,"2026-09-02, 20:25:00","APH(US0320951017) Split 2 for 1 (APH, AMPHENOL CORP-CL A, US0320951017)",12,0,0,0
Corporate Actions,Data,Total,,,,,,0,0,0
Deposits & Withdrawals,Header,Currency,Settle Date,Description,Amount
Deposits & Withdrawals,Data,USD,2026-06-29,Internal Transfer In From Account U20291582,20000
Deposits & Withdrawals,Data,USD,2026-07-01,Electronic Fund Transfer,52.5
Deposits & Withdrawals,Data,Total,,,20052.5
Fees,Header,Subtitle,Currency,Date,Description,Amount
Fees,Data,Advisor Fees,USD,2026-04-01,"FA Fee: Percent of Equity, Posted Monthly",-148.99
Fees,Data,Advisor Fees,USD,2026-05-01,"FA Fee: Percent of Equity, Posted Monthly",-148.68
Fees,Data,Advisor Fees,USD,2026-06-01,"FA Fee: Percent of Equity, Posted Monthly",-147.86
Fees,Data,Advisor Fees,USD,2026-07-01,"FA Fee: Percent of Equity, Posted Monthly",-122.97
Fees,Data,Advisor Fees,USD,2026-07-06,FA Fee: Percentage of Quarterly Profit,-1459.46
Fees,Data,Advisor Fees,USD,2026-07-15,FA Fee: Daily Portion of Percent of Equity,-5.89
Fees,Data,Advisor Fees,USD,2026-07-16,FA Fee: Daily Portion of Percent of Equity,-5.91
Fees,Data,Advisor Fees,USD,2026-07-17,FA Fee: Daily Portion of Percent of Equity,-5.85
Fees,Data,Advisor Fees,USD,2026-07-20,FA Fee: Daily Portion of Percent of Equity,-5.81
Fees,Data,Advisor Fees,USD,2026-07-21,FA Fee: Daily Portion of Percent of Equity,-5.81
Fees,Data,Advisor Fees,USD,2026-07-22,FA Fee: Daily Portion of Percent of Equity,-5.89
Fees,Data,Advisor Fees,USD,2026-07-23,FA Fee: Daily Portion of Percent of Equity,-5.89
Fees,Data,Advisor Fees,USD,2026-07-24,FA Fee: Daily Portion of Percent of Equity,-5.84
Fees,Data,Advisor Fees,USD,2026-07-27,FA Fee: Daily Portion of Percent of Equity,-5.82
Fees,Data,Advisor Fees,USD,2026-07-28,FA Fee: Daily Portion of Percent of Equity,-5.8
Fees,Data,Advisor Fees,USD,2026-07-29,FA Fee: Daily Portion of Percent of Equity,-5.78
Fees,Data,Advisor Fees,USD,2026-07-30,FA Fee: Daily Portion of Percent of Equity,-5.73
Fees,Data,Advisor Fees,USD,2026-07-31,FA Fee: Daily Portion of Percent of Equity,-5.9
Fees,Data,Advisor Fees,USD,2026-08-03,FA Fee: Daily Portion of Percent of Equity,-5.9
Fees,Data,Advisor Fees,USD,2026-08-04,FA Fee: Daily Portion of Percent of Equity,-5.94
Fees,Data,Advisor Fees,USD,2026-08-05,FA Fee: Daily Portion of Percent of Equity,-6.04
Fees,Data,Advisor Fees,USD,2026-08-06,FA Fee: Daily Portion of Percent of Equity,-6.05
Fees,Data,Advisor Fees,USD,2026-08-07,FA Fee: Daily Portion of Percent of Equity,-6.05
Fees,Data,Advisor Fees,USD,2026-08-10,FA Fee: Daily Portion of Percent of Equity,-6.1
Fees,Data,Advisor Fees,USD,2026-08-11,FA Fee: Daily Portion of Percent of Equity,-6.12
Fees,Data,Advisor Fees,USD,2026-08-12,FA Fee: Daily Portion of Percent of Equity,-6.16
Fees,Data,Advisor Fees,USD,2026-08-13,FA Fee: Daily Portion of Percent of Equity,-6.18
Fees,Data,Advisor Fees,USD,2026-08-14,FA Fee: Daily Portion of Percent of Equity,-6.17
Fees,Data,Advisor Fees,USD,2026-08-17,FA Fee: Daily Portion of Percent of Equity,-6.16
Fees,Data,Advisor Fees,USD,2026-08-18,FA Fee: Daily Portion of Percent of Equity,-6.17
Fees,Data,Advisor Fees,USD,2026-08-19,FA Fee: Daily Portion of Percent of Equity,-6.07
Fees,Data,Advisor Fees,USD,2026-08-20,FA Fee: Daily Portion of Percent of Equity,-6.08
Fees,Data,Advisor Fees,USD,2026-08-21,FA Fee: Daily Portion of Percent of Equity,-6.07
Fees,Data,Advisor Fees,USD,2026-08-24,FA Fee: Daily Portion of Percent of Equity,-6.11
Fees,Data,Advisor Fees,USD,2026-08-25,FA Fee: Daily Portion of Percent of Equity,-6.06
Fees,Data,Advisor Fees,USD,2026-08-26,FA Fee: Daily Portion of Percent of Equity,-6.11
Fees,Data,Advisor Fees,USD,2026-08-27,FA Fee: Daily Portion of Percent of Equity,-6.09
Fees,Data,Advisor Fees,USD,2026-08-28,FA Fee: Daily Portion of Percent of Equity,-6.11
Fees,Data,Advisor Fees,USD,2026-08-31,FA Fee: Daily Portion of Percent of Equity,-6.07
Fees,Data,Advisor Fees,USD,2026-09-01,FA Fee: Daily Portion of Percent of Equity,-6.03
Fees,Data,Advisor Fees,USD,2026-09-02,FA Fee: Daily Portion of Percent of Equity,-5.98
Fees,Data,Advisor Fees,USD,2026-09-03,FA Fee: Daily Portion of Percent of Equity,-6
Fees,Data,Advisor Fees,USD,2026-09-04,FA Fee: Daily Portion of Percent of Equity,-6.03
Fees,Data,Advisor Fees,USD,2026-09-08,FA Fee: Daily Portion of Percent of Equity,-6.07
Fees,Data,Total,,,,-2261.8
Fees,Data,Other Fees,TWD,2026-07-20,Custodian Safekeeping Fee for 2026-07-17,-0.01
Fees,Data,Other Fees,TWD,2026-07-20,Custodian Safekeeping Fee for 2026-07-18,-0.01
Fees,Data,Other Fees,TWD,2026-07-20,Custodian Safekeeping Fee for 2026-07-19,-0.01
Fees,Data,Other Fees,TWD,2026-07-21,Custodian Safekeeping Fee for 2026-07-20,-0.01
Fees,Data,Other Fees,TWD,2026-07-22,Custodian Safekeeping Fee for 2026-07-21,-0.01
Fees,Data,Other Fees,TWD,2026-07-23,Custodian Safekeeping Fee for 2026-07-22,-0.01
Fees,Data,Other Fees,TWD,2026-07-24,Custodian Safekeeping Fee for 2026-07-23,-0.01
Fees,Data,Other Fees,TWD,2026-07-27,Custodian Safekeeping Fee for 2026-07-24,-0.01
Fees,Data,Other Fees,TWD,2026-07-27,Custodian Safekeeping Fee for 2026-07-25,-0.01
Fees,Data,Other Fees,TWD,2026-07-27,Custodian Safekeeping Fee for 2026-07-26,-0.01
Fees,Data,Other Fees,TWD,2026-07-28,Custodian Safekeeping Fee for 2026-07-27,-0.01
Fees,Data,Other Fees,TWD,2026-07-29,Custodian Safekeeping Fee for 2026-07-28,-0.01
Fees,Data,Other Fees,TWD,2026-07-30,Custodian Safekeeping Fee for 2026-07-29,-0.01
Fees,Data,Other Fees,TWD,2026-07-31,Custodian Safekeeping Fee for 2026-07-30,-0.01
Fees,Data,Other Fees,TWD,2026-08-03,Custodian Safekeeping Fee for 2026-07-31,-0.01
Fees,Data,Other Fees,TWD,2026-08-03,Custodian Safekeeping Fee for 2026-08-01,-0.01
Fees,Data,Other Fees,TWD,2026-08-03,Custodian Safekeeping Fee for 2026-08-02,-0.01
Fees,Data,Other Fees,TWD,2026-08-04,Custodian Safekeeping Fee for 2026-08-03,-0.01
Fees,Data,Other Fees,TWD,2026-08-05,Custodian Safekeeping Fee for 2026-08-04,-0.01
Fees,Data,Other Fees,TWD,2026-08-06,Custodian Safekeeping Fee for 2026-08-05,-0.01
Fees,Data,Other Fees,TWD,2026-08-07,Custodian Safekeeping Fee for 2026-08-06,-0.01
Fees,Data,Other Fees,TWD,2026-08-10,Custodian Safekeeping Fee for 2026-08-07,-0.01
Fees,Data,Other Fees,TWD,2026-08-10,Custodian Safekeeping Fee for 2026-08-08,-0.01
Fees,Data,Other Fees,TWD,2026-08-10,Custodian Safekeeping Fee for 2026-08-09,-0.01
Fees,Data,Other Fees,TWD,2026-08-11,Custodian Safekeeping Fee for 2026-08-10,-0.01
Fees,Data,Other Fees,TWD,2026-08-12,Custodian Safekeeping Fee for 2026-08-11,-0.01
Fees,Data,Other Fees,TWD,2026-08-13,Custodian Safekeeping Fee for 2026-08-12,-0.01
Fees,Data,Other Fees,TWD,2026-08-14,Custodian Safekeeping Fee for 2026-08-13,-0.01
Fees,Data,Other Fees,TWD,2026-08-17,Custodian Safekeeping Fee for 2026-08-14,-0.01
Fees,Data,Other Fees,TWD,2026-08-17,Custodian Safekeeping Fee for 2026-08-15,-0.01
Fees,Data,Other Fees,TWD,2026-08-17,Custodian Safekeeping Fee for 2026-08-16,-0.01
Fees,Data,Other Fees,TWD,2026-08-18,Custodian Safekeeping Fee for 2026-08-17,-0.01
Fees,Data,Other Fees,TWD,2026-08-19,Custodian Safekeeping Fee for 2026-08-18,-0.01
Fees,Data,Other Fees,TWD,2026-08-20,Custodian Safekeeping Fee for 2026-08-19,-0.01
Fees,Data,Other Fees,TWD,2026-08-21,Custodian Safekeeping Fee for 2026-08-20,-0.01
Fees,Data,Other Fees,TWD,2026-08-24,Custodian Safekeeping Fee for 2026-08-21,-0.01
Fees,Data,Other Fees,TWD,2026-08-24,Custodian Safekeeping Fee for 2026-08-22,-0.01
Fees,Data,Other Fees,TWD,2026-08-24,Custodian Safekeeping Fee for 2026-08-23,-0.01
Fees,Data,Other Fees,TWD,2026-08-25,Custodian Safekeeping Fee for 2026-08-24,-0.01
Fees,Data,Other Fees,TWD,2026-08-26,Custodian Safekeeping Fee for 2026-08-25,-0.01
Fees,Data,Other Fees,TWD,2026-08-27,Custodian Safekeeping Fee for 2026-08-26,-0.01
Fees,Data,Other Fees,TWD,2026-08-28,Custodian Safekeeping Fee for 2026-08-27,-0.01
Fees,Data,Other Fees,TWD,2026-08-31,Custodian Safekeeping Fee for 2026-08-28,-0.01
Fees,Data,Other Fees,TWD,2026-08-31,Custodian Safekeeping Fee for 2026-08-29,-0.01
Fees,Data,Other Fees,TWD,2026-08-31,Custodian Safekeeping Fee for 2026-08-30,-0.01
Fees,Data,Other Fees,TWD,2026-09-01,Custodian Safekeeping Fee for 2026-08-31,-0.01
Fees,Data,Other Fees,TWD,2026-09-02,Custodian Safekeeping Fee for 2026-09-01,-0.01
Fees,Data,Other Fees,TWD,2026-09-03,Custodian Safekeeping Fee for 2026-09-02,-0.01
Fees,Data,Other Fees,TWD,2026-09-04,Custodian Safekeeping Fee for 2026-09-03,-0.01
Fees,Data,Other Fees,TWD,2026-09-08,Custodian Safekeeping Fee for 2026-09-04,-0.01
Fees,Data,Other Fees,TWD,2026-09-08,Custodian Safekeeping Fee for 2026-09-05,-0.01
Fees,Data,Other Fees,TWD,2026-09-08,Custodian Safekeeping Fee for 2026-09-06,-0.01
Fees,Data,Other Fees,TWD,2026-09-08,Custodian Safekeeping Fee for 2026-09-07,-0.01
Fees,Data,Total,,,,-0.53
Fees,Data,Total in USD,,,,-0.01654279
Dividends,Header,Currency,Date,Description,Amount
Dividends,Data,DKK,2026-08-18,NOVO B(DK0062498333) Cash Dividend DKK 3.75 per Share (Ordinary Dividend),112.5
Dividends,Data,Total,,,112.5
Dividends,Data,Total in USD,,,17.418375
Dividends,Data,EUR,2026-06-29,SHELL.DvR(NL00150743A0) Expire Dividend Right (Ordinary Dividend),65.59
Dividends,Data,Total,,,65.59
Dividends,Data,Total in USD,,,74.916898
Dividends,Data,HKD,2026-04-09,3416(HK0000978954) Cash Dividend HKD 0.14 per Share (Ordinary Dividend),140
Dividends,Data,HKD,2026-05-07,3416(HK0000978954) Cash Dividend HKD 0.14 per Share (Ordinary Dividend),140
Dividends,Data,HKD,2026-06-04,3416(HK0000978954) Cash Dividend HKD 0.15 per Share (Ordinary Dividend),150
Dividends,Data,Total,,,430
Dividends,Data,Total in USD,,,54.8908
Dividends,Data,JPY,2026-05-26,7203.T(JP3633400001) Cash Dividend JPY 50 per Share (Ordinary Dividend),5000
Dividends,Data,JPY,2026-06-23,4568.T(JP3475350009) Cash Dividend JPY 39 per Share (Ordinary Dividend),7800
Dividends,Data,JPY,2026-09-01,2914.T(JP3726800000) Cash Dividend JPY 136 per Share (Ordinary Dividend),13600
Dividends,Data,Total,,,26400
Dividends,Data,Total in USD,,,164.36156
Dividends,Data,TWD,2026-08-24,2890(TW0002890001) Cash Dividend TWD 1.1 per Share (Ordinary Dividend),660
Dividends,Data,Total,,,660
Dividends,Data,Total in USD,,,20.72532
Dividends,Data,USD,2026-04-08,LRCX(US5128073062) Cash Dividend USD 0.26 per Share (Ordinary Dividend),7.8
Dividends,Data,USD,2026-04-09,TSM(US8740391003) Cash Dividend USD 0.938972 per Share (Ordinary Div - NRA Withholding Exempt),42.25
Dividends,Data,USD,2026-04-22,CSCO(US17275R1023) Cash Dividend USD 0.42 per Share (Ordinary Dividend),8.4
Dividends,Data,USD,2026-04-27,GE(US3696043013) Cash Dividend USD 0.47 per Share (Ordinary Dividend),3.29
Dividends,Data,USD,2026-05-05,ASML(USN070592100) Cash Dividend USD 3.16845 per Share (Ordinary Dividend),19.01
Dividends,Data,USD,2026-05-06,TIP(US4642871762) Cash Dividend USD 0.560849 per Share (Ordinary Dividend),21.87
Dividends,Data,USD,2026-05-08,AXP(US0258161092) Cash Dividend USD 0.95 per Share (Ordinary Dividend),2.85
Dividends,Data,USD,2026-05-11,BX(US09260D1072) Cash Dividend USD 1.16 per Share (Ordinary Dividend),48.72
Dividends,Data,USD,2026-05-19,CAT(US1491231015) Cash Dividend USD 1.51 per Share (Ordinary Dividend),4.53
Dividends,Data,USD,2026-06-01,TGT(US87612E1064) Cash Dividend USD 1.14 per Share (Ordinary Dividend),34.2
Dividends,Data,USD,2026-06-04,TIP(US4642871762) Cash Dividend USD 1.277516 per Share (Ordinary Dividend),49.82
Dividends,Data,USD,2026-06-10,AEP(US0255371017) Cash Dividend USD 0.95 per Share (Ordinary Dividend),9.5
Dividends,Data,USD,2026-06-10,IBM(US4592001014) Cash Dividend USD 1.69 per Share (Ordinary Dividend),8.45
Dividends,Data,USD,2026-06-10,LLY(US5324571083) Cash Dividend USD 1.73 per Share (Ordinary Dividend),5.19
Dividends,Data,USD,2026-06-11,MSFT(US5949181045) Cash Dividend USD 0.91 per Share (Ordinary Dividend),2.73
Dividends,Data,USD,2026-06-18,EMXC(US46434G7640) Payment in Lieu of Dividend (Ordinary Dividend),44.1
Dividends,Data,USD,2026-06-26,BAC(US0605051046) Cash Dividend USD 0.28 per Share (Ordinary Dividend),45.36
Dividends,Data,USD,2026-06-29,DXJ(US97717W8516) Payment in Lieu of Dividend (Ordinary Dividend),18.48
Dividends,Data,USD,2026-06-29,DXJ(US97717W8516) Cash Dividend USD 1.155 per Share (Ordinary Dividend),9.24
Dividends,Data,USD,2026-06-30,AVGO(US11135F1012) Cash Dividend USD 0.65 per Share (Ordinary Dividend),5.85
Dividends,Data,USD,2026-07-08,LRCX(US5128073062) Cash Dividend USD 0.26 per Share (Ordinary Dividend),7.8
Dividends,Data,USD,2026-07-09,TSM(US8740391003) Cash Dividend USD 0.939325 per Share (Ordinary Div - NRA Withholding Exempt),42.27
Dividends,Data,USD,2026-07-22,CSCO(US17275R1023) Cash Dividend USD 0.42 per Share (Ordinary Dividend),8.4
Dividends,Data,USD,2026-07-27,GE(US3696043013) Cash Dividend USD 0.47 per Share (Ordinary Dividend),3.29
Dividends,Data,USD,2026-07-31,JPM(US46625H1005) Cash Dividend USD 1.50 per Share (Ordinary Dividend),9
Dividends,Data,USD,2026-08-05,ASML(USN070592100) Cash Dividend USD 2.137748 per Share (Ordinary Dividend),12.82
Dividends,Data,USD,2026-08-13,DHI(US23331A1097) Cash Dividend USD 0.45 per Share (Ordinary Dividend),5.94
Dividends,Data,USD,2026-08-19,CAT(US1491231015) Cash Dividend USD 1.63 per Share (Ordinary Dividend),4.89
Dividends,Data,Total,,,486.05
Dividends,Data,Total Dividends in USD,,,818.362953
Withholding Tax,Header,Currency,Date,Description,Amount,Code
Withholding Tax,Data,DKK,2026-08-18,NOVO B(DK0062498333) Cash Dividend DKK 3.75 per Share - DK Tax,-30.37
Withholding Tax,Data,Total,,,-30.37
Withholding Tax,Data,Total in USD,,,-4.7021871
Withholding Tax,Data,JPY,2026-05-26,7203.T(JP3633400001) Cash Dividend JPY 50 per Share - JP Tax,-766
Withholding Tax,Data,JPY,2026-06-23,4568.T(JP3475350009) Cash Dividend JPY 39 per Share - JP Tax,-1195
Withholding Tax,Data,JPY,2026-09-01,2914.T(JP3726800000) Cash Dividend JPY 136 per Share - JP Tax,-2083
Withholding Tax,Data,Total,,,-4044
Withholding Tax,Data,Total in USD,,,-25.1771924
Withholding Tax,Data,TWD,2026-08-24,2890(TW0002890001) Cash Dividend TWD 1.1 per Share - TW Tax,-138.6
Withholding Tax,Data,Total,,,-138.6
Withholding Tax,Data,Total in USD,,,-4.3523172
Withholding Tax,Data,USD,2026-04-08,LRCX(US5128073062) Cash Dividend USD 0.26 per Share - US Tax,-1.95
Withholding Tax,Data,USD,2026-04-09,TSM(US8740391003) Cash Dividend USD 0.938972 per Share - TW Tax,-8.87
Withholding Tax,Data,USD,2026-04-22,CSCO(US17275R1023) Cash Dividend USD 0.42 per Share - US Tax,-2.1
Withholding Tax,Data,USD,2026-04-27,GE(US3696043013) Cash Dividend USD 0.47 per Share - US Tax,-0.82
Withholding Tax,Data,USD,2026-05-05,ASML(USN070592100) Cash Dividend USD 3.16845 per Share - NL Tax,-2.85
Withholding Tax,Data,USD,2026-05-06,TIP(US4642871762) Cash Dividend USD 0.560849 per Share - US Tax,-5.47
Withholding Tax,Data,USD,2026-05-08,AXP(US0258161092) Cash Dividend USD 0.95 per Share - US Tax,-0.71
Withholding Tax,Data,USD,2026-05-11,BX(US09260D1072) Cash Dividend USD 1.16 per Share - US Tax,-12.18
Withholding Tax,Data,USD,2026-05-19,CAT(US1491231015) Cash Dividend USD 1.51 per Share - US Tax,-1.13
Withholding Tax,Data,USD,2026-06-01,TGT(US87612E1064) Cash Dividend USD 1.14 per Share - US Tax,-8.55
Withholding Tax,Data,USD,2026-06-04,TIP(US4642871762) Cash Dividend USD 1.277516 per Share - US Tax,-12.46
Withholding Tax,Data,USD,2026-06-10,AEP(US0255371017) Cash Dividend USD 0.95 per Share - US Tax,-2.38
Withholding Tax,Data,USD,2026-06-10,IBM(US4592001014) Cash Dividend USD 1.69 per Share - US Tax,-2.11
Withholding Tax,Data,USD,2026-06-10,LLY(US5324571083) Cash Dividend USD 1.73 per Share - US Tax,-1.3
Withholding Tax,Data,USD,2026-06-11,MSFT(US5949181045) Cash Dividend USD 0.91 per Share - US Tax,-0.68
Withholding Tax,Data,USD,2026-06-18,EMXC(US46434G7640) Payment in Lieu of Dividend - US Tax,-11.03
Withholding Tax,Data,USD,2026-06-26,BAC(US0605051046) Cash Dividend USD 0.28 per Share - US Tax,-11.34
Withholding Tax,Data,USD,2026-06-29,DXJ(US97717W8516) Payment in Lieu of Dividend - US Tax,-4.62
Withholding Tax,Data,USD,2026-06-29,DXJ(US97717W8516) Cash Dividend USD 1.155 per Share - US Tax,-2.31
Withholding Tax,Data,USD,2026-06-30,AVGO(US11135F1012) Cash Dividend USD 0.65 per Share - US Tax,-1.46
Withholding Tax,Data,USD,2026-07-08,LRCX(US5128073062) Cash Dividend USD 0.26 per Share - US Tax,-1.95
Withholding Tax,Data,USD,2026-07-09,TSM(US8740391003) Cash Dividend USD 0.939325 per Share - TW Tax,-8.88
Withholding Tax,Data,USD,2026-07-22,CSCO(US17275R1023) Cash Dividend USD 0.42 per Share - US Tax,-2.1
Withholding Tax,Data,USD,2026-07-27,GE(US3696043013) Cash Dividend USD 0.47 per Share - US Tax,-0.82
Withholding Tax,Data,USD,2026-07-31,JPM(US46625H1005) Cash Dividend USD 1.50 per Share - US Tax,-2.25
Withholding Tax,Data,USD,2026-08-05,ASML(USN070592100) Cash Dividend USD 2.137748 per Share - NL Tax,-1.92
Withholding Tax,Data,USD,2026-08-13,DHI(US23331A1097) Cash Dividend USD 0.45 per Share - US Tax,-1.49
Withholding Tax,Data,USD,2026-08-19,CAT(US1491231015) Cash Dividend USD 1.63 per Share - US Tax,-1.22
Withholding Tax,Data,Total,,,-114.95
Withholding Tax,Data,Total Withholding Tax in USD,,,-149.1816967
Interest,Header,Currency,Date,Description,Amount
Interest,Data,EUR,2026-06-03,EUR IBKR Managed Securities (SYEP) for May-2026,1.07
Interest,Data,EUR,2026-07-06,EUR IBKR Managed Securities (SYEP) for Jun-2026,1.07
Interest,Data,EUR,2026-08-05,EUR IBKR Managed Securities (SYEP) for Jul-2026,0.89
Interest,Data,EUR,2026-09-03,EUR IBKR Managed Securities (SYEP) for Aug-2026,0.33
Interest,Data,Total,,,3.36
Interest,Data,Total in USD,,,3.877048
Interest,Data,HKD,2026-04-06,HKD IBKR Managed Securities (SYEP) for Mar-2026,9.55
Interest,Data,HKD,2026-05-05,HKD IBKR Managed Securities (SYEP) for Apr-2026,15.85
Interest,Data,HKD,2026-06-03,HKD IBKR Managed Securities (SYEP) for May-2026,12.67
Interest,Data,HKD,2026-07-06,HKD IBKR Managed Securities (SYEP) for Jun-2026,9.78
Interest,Data,Total,,,47.85
Interest,Data,Total in USD,,,6.104745
Interest,Data,JPY,2026-08-05,JPY IBKR Managed Securities (SYEP) for Jul-2026,39
Interest,Data,JPY,2026-09-03,JPY IBKR Managed Securities (SYEP) for Aug-2026,95
Interest,Data,Total,,,134
Interest,Data,Total in USD,,,0.8569266
Interest,Data,USD,2026-04-06,USD IBKR Managed Securities (SYEP) for Mar-2026,0.96
Interest,Data,USD,2026-05-05,USD Debit Interest for Apr-2026,-0.04
Interest,Data,USD,2026-05-05,USD IBKR Managed Securities (SYEP) for Apr-2026,1.2
Interest,Data,USD,2026-06-03,USD Debit Interest for May-2026,-0.04
Interest,Data,USD,2026-06-03,USD IBKR Managed Securities (SYEP) for May-2026,0.34
Interest,Data,USD,2026-07-06,USD Credit Interest for Jun-2026,9.82
Interest,Data,USD,2026-07-06,USD Debit Interest for Jun-2026,-0.01
Interest,Data,USD,2026-07-06,USD IBKR Managed Securities (SYEP) for Jun-2026,0.94
Interest,Data,USD,2026-08-05,USD Credit Interest for Jul-2026,47.54
Interest,Data,USD,2026-08-05,USD IBKR Managed Securities (SYEP) for Jul-2026,3.29
Interest,Data,USD,2026-09-03,USD Credit Interest for Aug-2026,8.08
Interest,Data,USD,2026-09-03,USD IBKR Managed Securities (SYEP) for Aug-2026,4.85
Interest,Data,Total,,,76.93
Interest,Data,Total Interest in USD,,,87.7687196
Interest Accruals,Header,Currency,Field Name,Field Value
Interest Accruals,Data,Base Currency Summary,Starting Accrual Balance,1.0803485
Interest Accruals,Data,Base Currency Summary,Interest Accrued,86.6692148
Interest Accruals,Data,Base Currency Summary,Accrual Reversal,-87.7687196
Interest Accruals,Data,Base Currency Summary,FX Translation,0.0191563
Interest Accruals,Data,Base Currency Summary,Ending Accrual Balance,0
Interest Accruals,Data,EUR,Starting Accrual Balance,0
Interest Accruals,Data,EUR,Interest Accrued,3.36
Interest Accruals,Data,EUR,Accrual Reversal,-3.36
Interest Accruals,Data,EUR,Ending Accrual Balance,0
Interest Accruals,Data,EUR,Ending Accrual Balance in USD,0
Interest Accruals,Data,HKD,Starting Accrual Balance,8.47
Interest Accruals,Data,HKD,Interest Accrued,39.38
Interest Accruals,Data,HKD,Accrual Reversal,-47.85
Interest Accruals,Data,HKD,Ending Accrual Balance,0
Interest Accruals,Data,HKD,Ending Accrual Balance in USD,0
Interest Accruals,Data,JPY,Starting Accrual Balance,0
Interest Accruals,Data,JPY,Interest Accrued,134
Interest Accruals,Data,JPY,Accrual Reversal,-134
Interest Accruals,Data,JPY,Ending Accrual Balance,0
Interest Accruals,Data,JPY,Ending Accrual Balance in USD,0
Interest Accruals,Data,USD,Starting Accrual Balance,0
Interest Accruals,Data,USD,Interest Accrued,76.93
Interest Accruals,Data,USD,Accrual Reversal,-76.93
Interest Accruals,Data,USD,Ending Accrual Balance,0
Commission Adjustments,Header,Currency,Date,Description,Amount,Code
Commission Adjustments,Data,USD,2026-07-10,"Refund (DXJ, -24, 2026-07-10)",1.09181584
Commission Adjustments,Data,USD,2026-08-31,"Refund (DXJ, 15, 2026-07-30)",1.000045
Commission Adjustments,Data,Total,,,2.09186084
Change in Dividend Accruals,Header,Asset Category,Currency,Symbol,Date,Ex Date,Pay Date,Quantity,Tax,Fee,Gross Rate,Gross Amount,Net Amount,Code
Change in Dividend Accruals,Data,Starting Dividend Accruals in USD,,,,,,,,,,,128.4470356
Change in Dividend Accruals,Data,Stocks,DKK,NOVOBc,2026-08-13,2026-08-14,2026-08-18,30,30.38,0,3.75,112.5,82.12,Po
Change in Dividend Accruals,Data,Stocks,DKK,NOVOBc,2026-08-13,2026-08-14,2026-08-18,30,-30.38,0,3.75,-112.51,-82.13,Re
Change in Dividend Accruals,Data,Total,,,,,,,0,0,,-0.01,-0.01
Change in Dividend Accruals,Data,Total in USD,,,,,,,-0.001519,0,,-0.0071733,-0.0056543
Change in Dividend Accruals,Data,Stocks,GBP,BARCl,2026-08-05,2026-08-06,2026-09-15,329,0,0,0.059,19.41,19.41,Po
Change in Dividend Accruals,Data,Total,,,,,,,0,0,,19.41,19.41
Change in Dividend Accruals,Data,Total in USD,,,,,,,0,0,,26.114214,26.114214
Change in Dividend Accruals,Data,Stocks,HKD,3416,2026-04-09,2026-03-31,2026-04-09,1000,0,0,0.14,-140,-140,Re
Change in Dividend Accruals,Data,Stocks,HKD,3416,2026-04-29,2026-04-30,2026-05-07,1000,0,0,0.14,140,140,Po
Change in Dividend Accruals,Data,Stocks,HKD,3416,2026-05-07,2026-04-30,2026-05-07,1000,0,0,0.14,-140,-140,Re
Change in Dividend Accruals,Data,Stocks,HKD,3416,2026-05-28,2026-05-29,2026-06-04,1000,0,0,0.15,150,150,Po
Change in Dividend Accruals,Data,Stocks,HKD,3416,2026-06-04,2026-05-29,2026-06-04,1000,0,0,0.15,-150,-150,Re
Change in Dividend Accruals,Data,Total,,,,,,,0,0,,-140,-140
Change in Dividend Accruals,Data,Total in USD,,,,,,,0,0,,-17.8756,-17.8756
Change in Dividend Accruals,Data,Stocks,JPY,2914.T,2026-06-26,2026-06-29,-,100,1852,0,121,12099,10247,Po
Change in Dividend Accruals,Data,Stocks,JPY,2914.T,2026-06-26,2026-06-29,2026-09-01,100,2083,0,136,13600,11517,Po
Change in Dividend Accruals,Data,Stocks,JPY,2914.T,2026-06-26,2026-06-29,2026-09-01,100,-1853,0,136,-12100,-10247,Re
Change in Dividend Accruals,Data,Stocks,JPY,2914.T,2026-09-01,2026-06-29,2026-09-01,100,-2083,0,136,-13600,-11517,Re
Change in Dividend Accruals,Data,Stocks,JPY,4568.T,2026-06-23,2026-03-30,2026-06-23,200,-1195,0,39,-7800,-6605,Re
Change in Dividend Accruals,Data,Stocks,JPY,7203.T,2026-05-26,2026-03-30,2026-05-26,100,-766,0,50,-5000,-4234,Re
Change in Dividend Accruals,Data,Total,,,,,,,-1962,0,,-12801,-10839
Change in Dividend Accruals,Data,Total in USD,,,,,,,-12.2990142,0,,-80.2453751,-67.9463609
Change in Dividend Accruals,Data,Stocks,TWD,2890,2026-07-22,2026-07-23,2026-08-24,600,138.6,0,1.1,660,521.4,Po
Change in Dividend Accruals,Data,Stocks,TWD,2890,2026-08-24,2026-07-23,2026-08-24,600,-138.6,0,1.1,-660,-521.4,Re
Change in Dividend Accruals,Data,Total,,,,,,,0,0,,0,0
Change in Dividend Accruals,Data,Total in USD,,,,,,,-0.0632016,0,,-0.30096,-0.2377584
Change in Dividend Accruals,Data,Stocks,USD,AEP,2026-05-07,2026-05-08,2026-06-10,10,2.38,0,0.95,9.5,7.12,Po
Change in Dividend Accruals,Data,Stocks,USD,AEP,2026-06-10,2026-05-08,2026-06-10,10,-2.38,0,0.95,-9.5,-7.12,Re
Change in Dividend Accruals,Data,Stocks,USD,ASML,2026-04-24,2026-04-27,2026-05-05,6,2.86,0,3.17709,19.06,16.2,Po
Change in Dividend Accruals,Data,Stocks,USD,ASML,2026-04-24,2026-04-27,2026-05-05,6,2.85,0,3.16845,19.01,16.16,Po
Change in Dividend Accruals,Data,Stocks,USD,ASML,2026-04-24,2026-04-27,2026-05-05,6,-2.86,0,3.16845,-19.06,-16.2,Re
Change in Dividend Accruals,Data,Stocks,USD,ASML,2026-05-05,2026-04-27,2026-05-05,6,-2.85,0,3.16845,-19.01,-16.16,Re
Change in Dividend Accruals,Data,Stocks,USD,ASML,2026-07-27,2026-07-28,2026-08-05,6,1.92,0,2.137748,12.82,10.9,Po
Change in Dividend Accruals,Data,Stocks,USD,ASML,2026-08-05,2026-07-28,2026-08-05,6,-1.92,0,2.137748,-12.82,-10.9,Re
Change in Dividend Accruals,Data,Stocks,USD,AVGO,2026-06-19,2026-06-22,2026-06-30,9,1.46,0,0.65,5.85,4.39,Po
Change in Dividend Accruals,Data,Stocks,USD,AVGO,2026-06-30,2026-06-22,2026-06-30,9,-1.46,0,0.65,-5.85,-4.39,Re
Change in Dividend Accruals,Data,Stocks,USD,AXP,2026-04-01,2026-04-02,2026-05-08,3,0.71,0,0.95,2.85,2.14,Po
Change in Dividend Accruals,Data,Stocks,USD,AXP,2026-05-08,2026-04-02,2026-05-08,3,-0.71,0,0.95,-2.85,-2.14,Re
Change in Dividend Accruals,Data,Stocks,USD,BAC,2026-06-04,2026-06-05,2026-06-26,162,11.34,0,0.28,45.36,34.02,Po
Change in Dividend Accruals,Data,Stocks,USD,BAC,2026-06-26,2026-06-05,2026-06-26,162,-11.34,0,0.28,-45.36,-34.02,Re
Change in Dividend Accruals,Data,Stocks,USD,BX,2026-05-01,2026-05-04,2026-05-11,42,12.18,0,1.16,48.72,36.54,Po
Change in Dividend Accruals,Data,Stocks,USD,BX,2026-05-11,2026-05-04,2026-05-11,42,-12.18,0,1.16,-48.72,-36.54,Re
Change in Dividend Accruals,Data,Stocks,USD,CAT,2026-04-17,2026-04-20,2026-05-19,3,1.14,0,1.51,4.53,3.39,Po
Change in Dividend Accruals,Data,Stocks,USD,CAT,2026-05-19,2026-04-20,2026-05-19,3,-1.13,0,1.51,-4.53,-3.4,Re
Change in Dividend Accruals,Data,Stocks,USD,CAT,2026-07-17,2026-07-20,2026-08-19,3,1.23,0,1.63,4.89,3.66,Po
Change in Dividend Accruals,Data,Stocks,USD,CAT,2026-08-19,2026-07-20,2026-08-19,3,-1.22,0,1.63,-4.89,-3.67,Re
Change in Dividend Accruals,Data,Stocks,USD,CSCO,2026-04-01,2026-04-02,2026-04-22,20,2.11,0,0.42,8.4,6.29,Po
Change in Dividend Accruals,Data,Stocks,USD,CSCO,2026-04-22,2026-04-02,2026-04-22,20,-2.1,0,0.42,-8.4,-6.3,Re
Change in Dividend Accruals,Data,Stocks,USD,CSCO,2026-07-03,2026-07-06,2026-07-22,20,2.1,0,0.42,8.4,6.3,Po
Change in Dividend Accruals,Data,Stocks,USD,CSCO,2026-07-22,2026-07-06,2026-07-22,20,-2.1,0,0.42,-8.4,-6.3,Re
Change in Dividend Accruals,Data,Stocks,USD,DHI,2026-08-05,2026-08-06,2026-08-13,13.2,1.49,0,0.45,5.94,4.45,Po
Change in Dividend Accruals,Data,Stocks,USD,DHI,2026-08-13,2026-08-06,2026-08-13,13.2,-1.49,0,0.45,-5.94,-4.45,Re
Change in Dividend Accruals,Data,Stocks,USD,DXJ,2026-06-24,2026-06-25,2026-06-29,24,6.93,0,1.155,27.72,20.79,Po
Change in Dividend Accruals,Data,Stocks,USD,DXJ,2026-06-29,2026-06-25,2026-06-29,24,-6.93,0,1.155,-27.72,-20.79,Re
Change in Dividend Accruals,Data,Stocks,USD,EMXC,2026-06-12,2026-06-15,2026-06-18,75,11.02,0,0.588008,44.1,33.08,Po
Change in Dividend Accruals,Data,Stocks,USD,EMXC,2026-06-18,2026-06-15,2026-06-18,75,-11.03,0,0.588008,-44.1,-33.07,Re
Change in Dividend Accruals,Data,Stocks,USD,GE,2026-04-27,2026-03-09,2026-04-27,7,-0.82,0,0.47,-3.29,-2.47,Re
Change in Dividend Accruals,Data,Stocks,USD,GE,2026-07-03,2026-07-06,2026-07-27,7,0.82,0,0.47,3.29,2.47,Po
Change in Dividend Accruals,Data,Stocks,USD,GE,2026-07-27,2026-07-06,2026-07-27,7,-0.82,0,0.47,-3.29,-2.47,Re
Change in Dividend Accruals,Data,Stocks,USD,IBM,2026-05-07,2026-05-08,2026-06-10,5,2.11,0,1.69,8.45,6.34,Po
Change in Dividend Accruals,Data,Stocks,USD,IBM,2026-06-10,2026-05-08,2026-06-10,5,-2.11,0,1.69,-8.45,-6.34,Re
Change in Dividend Accruals,Data,Stocks,USD,IBM,2026-08-07,2026-08-10,2026-09-10,3,1.27,0,1.69,5.07,3.8,Po
Change in Dividend Accruals,Data,Stocks,USD,JPM,2026-07-03,2026-07-06,2026-07-31,6,2.26,0,1.5,9,6.74,Po
Change in Dividend Accruals,Data,Stocks,USD,JPM,2026-07-31,2026-07-06,2026-07-31,6,-2.25,0,1.5,-9,-6.75,Re
Change in Dividend Accruals,Data,Stocks,USD,LLY,2026-05-14,2026-05-15,2026-06-10,3,1.3,0,1.73,5.19,3.89,Po
Change in Dividend Accruals,Data,Stocks,USD,LLY,2026-06-10,2026-05-15,2026-06-10,3,-1.3,0,1.73,-5.19,-3.89,Re
Change in Dividend Accruals,Data,Stocks,USD,LLY,2026-08-13,2026-08-14,2026-09-10,4.7,2.03,0,1.73,8.13,6.1,Po
Change in Dividend Accruals,Data,Stocks,USD,LRCX,2026-04-08,2026-03-04,2026-04-08,30,-1.95,0,0.26,-7.8,-5.85,Re
Change in Dividend Accruals,Data,Stocks,USD,LRCX,2026-06-16,2026-06-17,2026-07-08,30,1.95,0,0.26,7.8,5.85,Po
Change in Dividend Accruals,Data,Stocks,USD,LRCX,2026-07-08,2026-06-17,2026-07-08,30,-1.95,0,0.26,-7.8,-5.85,Re
Change in Dividend Accruals,Data,Stocks,USD,MSFT,2026-05-20,2026-05-21,2026-06-11,3,0.68,0,0.91,2.73,2.05,Po
Change in Dividend Accruals,Data,Stocks,USD,MSFT,2026-06-11,2026-05-21,2026-06-11,3,-0.68,0,0.91,-2.73,-2.05,Re
Change in Dividend Accruals,Data,Stocks,USD,MSFT,2026-08-19,2026-08-20,2026-09-10,6,1.37,0,0.91,5.46,4.09,Po
Change in Dividend Accruals,Data,Stocks,USD,RYAAY,2026-08-05,2026-08-06,2026-09-28,45,4.99,0.9,0.44343,19.96,14.07,Po
Change in Dividend Accruals,Data,Stocks,USD,SE,2026-09-02,2026-09-03,2026-10-13,33,0,0.66,0.02,0,-0.66,ADR;Po
Change in Dividend Accruals,Data,Stocks,USD,TGT,2026-05-12,2026-05-13,2026-06-01,30,8.56,0,1.14,34.2,25.64,Po
Change in Dividend Accruals,Data,Stocks,USD,TGT,2026-06-01,2026-05-13,2026-06-01,30,-8.55,0,1.14,-34.2,-25.65,Re
Change in Dividend Accruals,Data,Stocks,USD,TIP,2026-04-30,2026-05-01,2026-05-06,39,5.47,0,0.560849,21.87,16.4,Po
Change in Dividend Accruals,Data,Stocks,USD,TIP,2026-05-06,2026-05-01,2026-05-06,39,-5.47,0,0.560849,-21.87,-16.4,Re
Change in Dividend Accruals,Data,Stocks,USD,TIP,2026-05-29,2026-06-01,2026-06-04,39,12.46,0,1.277516,49.82,37.36,Po
Change in Dividend Accruals,Data,Stocks,USD,TIP,2026-06-04,2026-06-01,2026-06-04,39,-12.46,0,1.277516,-49.82,-37.36,Re
Change in Dividend Accruals,Data,Stocks,USD,TSM,2026-03-16,2026-03-17,2026-04-09,45,8.87,0,0.938972,42.25,33.38,Po
Change in Dividend Accruals,Data,Stocks,USD,TSM,2026-03-16,2026-03-17,2026-04-09,45,-9.03,0,0.938972,-43.01,-33.98,Re
Change in Dividend Accruals,Data,Stocks,USD,TSM,2026-04-09,2026-03-17,2026-04-09,45,-8.87,0,0.938972,-42.25,-33.38,Re
Change in Dividend Accruals,Data,Stocks,USD,TSM,2026-06-10,2026-06-11,2026-07-09,45,8.88,0,0.939325,42.27,33.39,Po
Change in Dividend Accruals,Data,Stocks,USD,TSM,2026-06-10,2026-06-11,2026-07-09,45,9.03,0,0.955085,42.98,33.95,Po
Change in Dividend Accruals,Data,Stocks,USD,TSM,2026-06-10,2026-06-11,2026-07-09,45,-9.03,0,0.939325,-42.98,-33.95,Re
Change in Dividend Accruals,Data,Stocks,USD,TSM,2026-07-09,2026-06-11,2026-07-09,45,-8.88,0,0.939325,-42.27,-33.39,Re
Change in Dividend Accruals,Data,Total,,,,,,,-2.1,1.56,,-15.48,-14.94
Change in Dividend Accruals,Data,Total Stocks in USD,,,,,,,-14.4637348,1.56,,-87.7948944,-74.8911596
Change in Dividend Accruals,Data,Ending Dividend Accruals in USD,,,,,,,,,,,53.68114
Stock Yield Enhancement Program Securities Lent,Header,Asset Category,Currency,Symbol,Transaction ID,Quantity,SYEP Rate on Customer Collateral (%),Collateral Amount
Stock Yield Enhancement Program Securities Lent,Data,Stocks,JPY,4543.T,SLB.126719260,-187,0.38,466036.724926741
Stock Yield Enhancement Program Securities Lent,Data,Total,,,,,,466036.724926741
Stock Yield Enhancement Program Securities Lent,Data,Total in USD,,,,,,3019.358733455
Stock Yield Enhancement Program Securities Lent,Data,Stocks,USD,PICK,SLB.126760005,-29,1.39,1943
Stock Yield Enhancement Program Securities Lent,Data,Stocks,USD,RACE,SLB.126761104,-10,0.12,4190
Stock Yield Enhancement Program Securities Lent,Data,Total,,,,,,6133
Stock Yield Enhancement Program Securities Collateral Held at IBKRSS,Header,Asset Category,Currency,Symbol,Quantity,Price,Value
Stock Yield Enhancement Program Securities Collateral Held at IBKRSS,Data,Securities,USD,T 4 02/15/34,"9,557.1034",95.76,"9,152.36"
Stock Yield Enhancement Program Securities Collateral Held at IBKRSS,Data,Total,,,,,9152.36
Stock Yield Enhancement Program Securities Lent Activity,Header,Asset Category,Currency,Symbol,Date,Description, ,Transaction ID,Quantity,Collateral Amount
Stock Yield Enhancement Program Securities Lent Activity,Data,Stocks,HKD,3069,2026-04-01,Loan Return Allocation, ,SLB.118913082,471,-7225.375497659
Stock Yield Enhancement Program Securities Lent Activity,Data,Stocks,HKD,3069,2026-04-01,New Loan Allocation, ,SLB.118985283,-440,6772.92
Stock Yield Enhancement Program Securities Lent Activity,Data,Stocks,HKD,3069,2026-04-02,Loan Return Allocation, ,SLB.118985283,440,-6772.92
Stock Yield Enhancement Program Securities Lent Activity,Data,Stocks,HKD,3069,2026-04-02,New Loan Allocation, ,SLB.119055960,-431,7055.254501718
Stock Yield Enhancement Program Securities Lent Activity,Data,Stocks,HKD,3069,2026-04-03,Loan Return Allocation, ,SLB.119055960,431,-7055.254501718
Stock Yield Enhancement Program Securities Lent Activity,Data,Stocks,HKD,3069,2026-04-03,New Loan Allocation, ,SLB.119121944,-445,7284.427496542
Stock Yield Enhancement Program Securities Lent Activity,Data,Stocks,HKD,3069,2026-04-06,Loan Return Allocation, ,SLB.119121944,445,-7284.427496542
Stock Yield Enhancement Program Securities Lent Activity,Data,Stocks,HKD,3069,2026-04-06,New Loan Allocation, ,SLB.119162901,-471,7710.034497409
Stock Yield Enhancement Program Securities Lent Activity,Data,Stocks,HKD,3069,2026-04-07,Loan Return Allocation, ,SLB.119162901,471,-7710.034497409
Stock Yield Enhancement Program Securities Lent Activity,Data,Stocks,HKD,3069,2026-04-07,New Loan Allocation, ,SLB.119224730,-476,7791.881997834
Stock Yield Enhancement Program Securities Lent Activity,Data,Stocks,HKD,3069,2026-04-08,Loan Return Allocation, ,SLB.119224730,476,-7791.881997834
Stock Yield Enhancement Program Securities Lent Activity,Data,Stocks,HKD,3069,2026-04-08,New Loan Allocation, ,SLB.119292557,-534,8791.776
Stock Yield Enhancement Program Securities Lent Activity,Data,Stocks,HKD,3069,2026-04-09,Loan Return Allocation, ,SLB.119292557,534,-8791.776
Stock Yield Enhancement Program Securities Lent Activity,Data,Stocks,HKD,3069,2026-04-09,New Loan Allocation, ,SLB.119362081,-470,7668.990002499
Stock Yield Enhancement Program Securities Lent Activity,Data,Stocks,HKD,3069,2026-04-10,Loan Return Allocation, ,SLB.119362081,470,-7668.990002499
Stock Yield Enhancement Program Securities Lent Activity,Data,Stocks,HKD,3069,2026-04-10,New Loan Allocation, ,SLB.119429007,-463,7496.433004066
Stock Yield Enhancement Program Securities Lent Activity,Data,Stocks,HKD,3069,2026-04-13,Loan Return Allocation, ,SLB.119429007,463,-7496.433004066
Stock Yield Enhancement Program Securities Lent Activity,Data,Stocks,HKD,3069,2026-04-13,New Loan Allocation, ,SLB.119498517,-407,6623.925
Stock Yield Enhancement Program Securities Lent Activity,Data,Stocks,HKD,3069,2026-04-14,Loan Return Allocation, ,SLB.119498517,407,-6623.925
Stock Yield Enhancement Program Securities Lent Activity,Data,Stocks,HKD,3069,2026-04-14,New Loan Allocation, ,SLB.119564695,-394,6317.199002002
Stock Yield Enhancement Program Securities Lent Activity,Data,Stocks,HKD,3069,2026-04-15,Loan Return Allocation, ,SLB.119564695,394,-6317.199002002
Stock Yield Enhancement Program Securities Lent Activity,Data,Stocks,HKD,3069,2026-04-15,New Loan Allocation, ,SLB.119632550,-379,6128.43
Stock Yield Enhancement Program Securities Lent Activity,Data,Stocks,HKD,3069,2026-04-16,Loan Return Allocation, ,SLB.119632550,379,-6128.43
Stock Yield Enhancement Program Securities Lent Activity,Data,Stocks,HKD,3069,2026-04-16,New Loan Allocation, ,SLB.119701582,-399,6703.2
Stock Yield Enhancement Program Securities Lent Activity,Data,Stocks,HKD,3069,2026-04-17,Loan Return Allocation, ,SLB.119701582,399,-6703.2
Stock Yield Enhancement Program Securities Lent Activity,Data,Stocks,HKD,3069,2026-04-17,New Loan Allocation, ,SLB.119767069,-416,7098
Stock Yield Enhancement Program Securities Lent Activity,Data,Stocks,HKD,3069,2026-04-20,Loan Return Allocation, ,SLB.119767069,416,-7098
Stock Yield Enhancement Program Securities Lent Activity,Data,Stocks,HKD,3069,2026-04-20,New Loan Allocation, ,SLB.119835870,-347,5825.9565
Stock Yield Enhancement Program Securities Lent Activity,Data,Stocks,HKD,3069,2026-04-21,Loan Return Allocation, ,SLB.119835870,347,-5825.9565
Stock Yield Enhancement Program Securities Lent Activity,Data,Stocks,HKD,3069,2026-04-21,New Loan Allocation, ,SLB.119905001,-303,5029.951503369
Stock Yield Enhancement Program Securities Lent Activity,Data,Stocks,HKD,3069,2026-04-22,Loan Return Allocation, ,SLB.119905001,303,-5029.951503369
Stock Yield Enhancement Program Securities Lent Activity,Data,Stocks,HKD,3069,2026-04-22,New Loan Allocation, ,SLB.119972762,-379,6227.9175
Stock Yield Enhancement Program Securities Lent Activity,Data,Stocks,HKD,3069,2026-04-23,Loan Return Allocation, ,SLB.119972762,379,-6227.9175
Stock Yield Enhancement Program Securities Lent Activity,Data,Stocks,HKD,3069,2026-04-23,New Loan Allocation, ,SLB.120040908,-385,6269.917504404
Stock Yield Enhancement Program Securities Lent Activity,Data,Stocks,HKD,3069,2026-04-24,Loan Return Allocation, ,SLB.120040908,385,-6269.917504404
Stock Yield Enhancement Program Securities Lent Activity,Data,Stocks,HKD,3069,2026-04-24,New Loan Allocation, ,SLB.120107546,-394,6143.445002461
Stock Yield Enhancement Program Securities Lent Activity,Data,Stocks,HKD,3069,2026-04-27,Loan Return Allocation, ,SLB.120107546,394,-6143.445002461
Stock Yield Enhancement Program Securities Lent Activity,Data,Stocks,HKD,3069,2026-04-27,New Loan Allocation, ,SLB.120174926,-327,5184.58500499
Stock Yield Enhancement Program Securities Lent Activity,Data,Stocks,HKD,3069,2026-04-28,Loan Return Allocation, ,SLB.120174926,327,-5184.58500499
Stock Yield Enhancement Program Securities Lent Activity,Data,Stocks,HKD,3069,2026-04-28,New Loan Allocation, ,SLB.120244400,-337,5236.98
Stock Yield Enhancement Program Securities Lent Activity,Data,Stocks,HKD,3069,2026-04-29,Loan Return Allocation, ,SLB.120244400,337,-5236.98
Stock Yield Enhancement Program Securities Lent Activity,Data,Stocks,HKD,3069,2026-04-29,New Loan Allocation, ,SLB.120309142,-419,6520.058998998
Stock Yield Enhancement Program Securities Lent Activity,Data,Stocks,HKD,3069,2026-04-30,Loan Return Allocation, ,SLB.120309142,419,-6520.058998998
Stock Yield Enhancement Program Securities Lent Activity,Data,Stocks,HKD,3069,2026-04-30,New Loan Allocation, ,SLB.120376909,-486,7567.74899749
Stock Yield Enhancement Program Securities Lent Activity,Data,Stocks,HKD,3069,2026-05-01,Loan Return Allocation, ,SLB.120376909,486,-7567.74899749
Stock Yield Enhancement Program Securities Lent Activity,Data,Stocks,HKD,3069,2026-05-01,New Loan Allocation, ,SLB.120444775,-444,6913.746003964
Stock Yield Enhancement Program Securities Lent Activity,Data,Stocks,HKD,3069,2026-05-04,Loan Return Allocation, ,SLB.120444775,444,-6913.746003964
Stock Yield Enhancement Program Securities Lent Activity,Data,Stocks,HKD,3069,2026-05-04,New Loan Allocation, ,SLB.120507131,-196,3041.724001632
Stock Yield Enhancement Program Securities Lent Activity,Data,Stocks,HKD,3069,2026-05-05,Loan Return Allocation, ,SLB.120507131,196,-3041.724001632
Stock Yield Enhancement Program Securities Lent Activity,Data,Stocks,HKD,3069,2026-05-05,New Loan Allocation, ,SLB.120573736,-223,3481.810500404
Stock Yield Enhancement Program Securities Lent Activity,Data,Stocks,HKD,3069,2026-05-06,Loan Return Allocation, ,SLB.120573736,223,-3481.810500404
Stock Yield Enhancement Program Securities Lent Activity,Data,Stocks,HKD,3069,2026-05-06,New Loan Allocation, ,SLB.120641310,-153,2366.374498502
Stock Yield Enhancement Program Securities Lent Activity,Data,Stocks,HKD,3069,2026-05-07,Loan Return Allocation, ,SLB.120641310,153,-2366.374498502
Stock Yield Enhancement Program Securities Lent Activity,Data,Stocks,HKD,3069,2026-05-07,New Loan Allocation, ,SLB.120707070,-110,1697.85
Stock Yield Enhancement Program Securities Lent Activity,Data,Stocks,HKD,3069,2026-05-08,Loan Return Allocation, ,SLB.120707070,110,-1697.85
Stock Yield Enhancement Program Securities Lent Activity,Data,Stocks,HKD,3069,2026-05-08,New Loan Allocation, ,SLB.120776063,-289,4548.71549587
Stock Yield Enhancement Program Securities Lent Activity,Data,Stocks,HKD,3069,2026-05-11,Loan Return Allocation, ,SLB.120776063,289,-4548.71549587
Stock Yield Enhancement Program Securities Lent Activity,Data,Stocks,HKD,3069,2026-05-11,New Loan Allocation, ,SLB.120844743,-290,4497.465002655
Stock Yield Enhancement Program Securities Lent Activity,Data,Stocks,HKD,3069,2026-05-12,Loan Return Allocation, ,SLB.120844743,290,-4497.465002655
Stock Yield Enhancement Program Securities Lent Activity,Data,Stocks,HKD,3069,2026-05-12,New Loan Allocation, ,SLB.120912428,-306,4739.17499734
Stock Yield Enhancement Program Securities Lent Activity,Data,Stocks,HKD,3069,2026-05-13,Loan Return Allocation, ,SLB.120912428,306,-4739.17499734
Stock Yield Enhancement Program Securities Lent Activity,Data,Stocks,HKD,3069,2026-05-13,New Loan Allocation, ,SLB.120977472,-296,4568.76
Stock Yield Enhancement Program Securities Lent Activity,Data,Stocks,HKD,3069,2026-05-14,Loan Return Allocation, ,SLB.120977472,296,-4568.76
Stock Yield Enhancement Program Securities Lent Activity,Data,Stocks,HKD,3069,2026-05-14,New Loan Allocation, ,SLB.121045204,-301,4592.206498819
Stock Yield Enhancement Program Securities Lent Activity,Data,Stocks,HKD,3069,2026-05-15,Loan Return Allocation, ,SLB.121045204,301,-4592.206498819
Stock Yield Enhancement Program Securities Lent Activity,Data,Stocks,HKD,3069,2026-05-15,New Loan Allocation, ,SLB.121114868,-308,4598.74800237
Stock Yield Enhancement Program Securities Lent Activity,Data,Stocks,HKD,3069,2026-05-18,Loan Return Allocation, ,SLB.121114868,308,-4598.74800237
Stock Yield Enhancement Program Securities Lent Activity,Data,Stocks,HKD,3069,2026-05-18,New Loan Allocation, ,SLB.121182923,-304,4452.84
Stock Yield Enhancement Program Securities Lent Activity,Data,Stocks,HKD,3069,2026-05-19,Loan Return Allocation, ,SLB.121182923,304,-4452.84
Stock Yield Enhancement Program Securities Lent Activity,Data,Stocks,HKD,3069,2026-05-19,New Loan Allocation, ,SLB.121249707,-314,4500.405002836
Stock Yield Enhancement Program Securities Lent Activity,Data,Stocks,HKD,3069,2026-05-20,Loan Return Allocation, ,SLB.121249707,314,-4500.405002836
Stock Yield Enhancement Program Securities Lent Activity,Data,Stocks,HKD,3069,2026-05-20,New Loan Allocation, ,SLB.121317201,-416,5892.432004676
Stock Yield Enhancement Program Securities Lent Activity,Data,Stocks,HKD,3069,2026-05-21,Loan Return Allocation, ,SLB.121317201,416,-5892.432004676
Stock Yield Enhancement Program Securities Lent Activity,Data,Stocks,HKD,3069,2026-05-21,New Loan Allocation, ,SLB.121387058,-434,6165.621004552
Stock Yield Enhancement Program Securities Lent Activity,Data,Stocks,HKD,3069,2026-05-22,Loan Return Allocation, ,SLB.121387058,434,-6165.621004552
Stock Yield Enhancement Program Securities Lent Activity,Data,Stocks,HKD,3069,2026-05-22,New Loan Allocation, ,SLB.121454487,-432,6227.928
Stock Yield Enhancement Program Securities Lent Activity,Data,Stocks,HKD,3069,2026-05-25,Loan Return Allocation, ,SLB.121454487,432,-6227.928
Stock Yield Enhancement Program Securities Lent Activity,Data,Stocks,HKD,3069,2026-05-25,New Loan Allocation, ,SLB.121518764,-429,6184.678495491
Stock Yield Enhancement Program Securities Lent Activity,Data,Stocks,HKD,3069,2026-05-26,Loan Return Allocation, ,SLB.121518764,429,-6184.678495491
Stock Yield Enhancement Program Securities Lent Activity,Data,Stocks,HKD,3069,2026-05-26,New Loan Allocation, ,SLB.121564086,-431,6222.562497128
Stock Yield Enhancement Program Securities Lent Activity,Data,Stocks,HKD,3069,2026-05-26,New Loan Allocation, ,SLB.121564101,-1,14.437504655
Stock Yield Enhancement Program Securities Lent Activity,Data,Stocks,HKD,3069,2026-05-27,Loan Return Allocation, ,SLB.121564086,431,-6222.562497128
Stock Yield Enhancement Program Securities Lent Activity,Data,Stocks,HKD,3069,2026-05-27,Loan Return Allocation, ,SLB.121564101,1,-14.437504655
Stock Yield Enhancement Program Securities Lent Activity,Data,Stocks,HKD,3069,2026-05-27,New Loan Allocation, ,SLB.121631715,-493,7076.27550057
Stock Yield Enhancement Program Securities Lent Activity,Data,Stocks,HKD,3069,2026-05-28,Loan Return Allocation, ,SLB.121631715,493,-7076.27550057
Stock Yield Enhancement Program Securities Lent Activity,Data,Stocks,HKD,3069,2026-05-28,New Loan Allocation, ,SLB.121699421,-455,6454.402497208
Stock Yield Enhancement Program Securities Lent Activity,Data,Stocks,HKD,3069,2026-05-29,Loan Return Allocation, ,SLB.121699421,455,-6454.402497208
Stock Yield Enhancement Program Securities Lent Activity,Data,Stocks,HKD,3069,2026-05-29,New Loan Allocation, ,SLB.121764964,-485,6620.25
Stock Yield Enhancement Program Securities Lent Activity,Data,Stocks,HKD,3069,2026-06-01,Loan Return Allocation, ,SLB.121764964,485,-6620.25
Stock Yield Enhancement Program Securities Lent Activity,Data,Stocks,HKD,3069,2026-06-01,New Loan Allocation, ,SLB.121833269,-502,7189.643995897
Stock Yield Enhancement Program Securities Lent Activity,Data,Stocks,HKD,3069,2026-06-02,Loan Return Allocation, ,SLB.121833269,502,-7189.643995897
Stock Yield Enhancement Program Securities Lent Activity,Data,Stocks,HKD,3069,2026-06-02,New Loan Allocation, ,SLB.121904185,-321,4502.98800404
Stock Yield Enhancement Program Securities Lent Activity,Data,Stocks,HKD,3069,2026-06-03,Loan Return Allocation, ,SLB.121904185,321,-4502.98800404
Stock Yield Enhancement Program Securities Lent Activity,Data,Stocks,HKD,3069,2026-06-03,New Loan Allocation, ,SLB.121975404,-2,27.572995745
Stock Yield Enhancement Program Securities Lent Activity,Data,Stocks,HKD,3069,2026-06-03,New Loan Allocation, ,SLB.121975387,-320,4411.680002501
Stock Yield Enhancement Program Securities Lent Activity,Data,Stocks,HKD,3069,2026-06-04,Loan Return Allocation, ,SLB.121975404,2,-27.572995745
Stock Yield Enhancement Program Securities Lent Activity,Data,Stocks,HKD,3069,2026-06-04,Loan Return Allocation, ,SLB.121975387,320,-4411.680002501
Stock Yield Enhancement Program Securities Lent Activity,Data,Stocks,HKD,3069,2026-06-04,New Loan Allocation, ,SLB.122051272,-326,4371.171003011
Stock Yield Enhancement Program Securities Lent Activity,Data,Stocks,HKD,3069,2026-06-05,Loan Return Allocation, ,SLB.122051272,326,-4371.171003011
Stock Yield Enhancement Program Securities Lent Activity,Data,Stocks,HKD,3069,2026-06-05,New Loan Allocation, ,SLB.122121787,-328,4332.551995952
Stock Yield Enhancement Program Securities Lent Activity,Data,Stocks,HKD,3069,2026-06-08,Loan Return Allocation, ,SLB.122121787,328,-4332.551995952
Stock Yield Enhancement Program Securities Lent Activity,Data,Stocks,HKD,3069,2026-06-08,New Loan Allocation, ,SLB.122191030,-339,4467.172497399
Stock Yield Enhancement Program Securities Lent Activity,Data,Stocks,HKD,3069,2026-06-09,Loan Return Allocation, ,SLB.122191030,339,-4467.172497399
Stock Yield Enhancement Program Securities Lent Activity,Data,Stocks,HKD,3069,2026-06-09,New Loan Allocation, ,SLB.122257244,-343,4361.416503185
Stock Yield Enhancement Program Securities Lent Activity,Data,Stocks,HKD,3069,2026-06-10,Loan Return Allocation, ,SLB.122257244,343,-4361.416503185
Stock Yield Enhancement Program Securities Lent Activity,Data,Stocks,HKD,3069,2026-06-10,New Loan Allocation, ,SLB.122329827,-339,4257.162004259
Stock Yield Enhancement Program Securities Lent Activity,Data,Stocks,HKD,3069,2026-06-10,New Loan Allocation, ,SLB.122329841,-2,25.115997559
Stock Yield Enhancement Program Securities Lent Activity,Data,Stocks,HKD,3069,2026-06-11,Loan Return Allocation, ,SLB.122329827,339,-4257.162004259
Stock Yield Enhancement Program Securities Lent Activity,Data,Stocks,HKD,3069,2026-06-11,Loan Return Allocation, ,SLB.122329841,2,-25.115997559
Stock Yield Enhancement Program Securities Lent Activity,Data,Stocks,HKD,3069,2026-06-11,New Loan Allocation, ,SLB.122399210,-346,4406.829004239
Stock Yield Enhancement Program Securities Lent Activity,Data,Stocks,HKD,3069,2026-06-12,Loan Return Allocation, ,SLB.122399210,346,-4406.829004239
Stock Yield Enhancement Program Securities Lent Activity,Data,Stocks,HKD,3069,2026-06-12,New Loan Allocation, ,SLB.122467671,-339,4335.471005343
Stock Yield Enhancement Program Securities Lent Activity,Data,Stocks,HKD,3069,2026-06-15,Loan Return Allocation, ,SLB.122467671,339,-4335.471005343
Stock Yield Enhancement Program Securities Lent Activity,Data,Stocks,HKD,3069,2026-06-15,New Loan Allocation, ,SLB.122538367,-348,4538.267995848
Stock Yield Enhancement Program Securities Lent Activity,Data,Stocks,HKD,3069,2026-06-16,Loan Return Allocation, ,SLB.122538367,348,-4538.267995848
Stock Yield Enhancement Program Securities Lent Activity,Data,Stocks,HKD,3069,2026-06-16,New Loan Allocation, ,SLB.122607256,-338,4407.857997946
Stock Yield Enhancement Program Securities Lent Activity,Data,Stocks,HKD,3069,2026-06-17,Loan Return Allocation, ,SLB.122607256,338,-4407.857997946
Stock Yield Enhancement Program Securities Lent Activity,Data,Stocks,HKD,3069,2026-06-17,New Loan Allocation, ,SLB.122674306,-325,4132.53749852
Stock Yield Enhancement Program Securities Lent Activity,Data,Stocks,HKD,3069,2026-06-18,Loan Return Allocation, ,SLB.122674306,325,-4132.53749852
Stock Yield Enhancement Program Securities Lent Activity,Data,Stocks,HKD,3069,2026-06-18,New Loan Allocation, ,SLB.122750723,-327,4103.0325
Stock Yield Enhancement Program Securities Lent Activity,Data,Stocks,HKD,3069,2026-06-19,Loan Return Allocation, ,SLB.122750723,327,-4103.0325
Stock Yield Enhancement Program Securities Lent Activity,Data,Stocks,HKD,3069,2026-06-19,New Loan Allocation, ,SLB.122814327,-329,4128.127502376
Stock Yield Enhancement Program Securities Lent Activity,Data,Stocks,HKD,3069,2026-06-22,Loan Return Allocation, ,SLB.122814327,329,-4128.127502376
Stock Yield Enhancement Program Securities Lent Activity,Data,Stocks,HKD,3069,2026-06-22,New Loan Allocation, ,SLB.122863929,-335,4266.727495725
Stock Yield Enhancement Program Securities Lent Activity,Data,Stocks,HKD,3069,2026-06-22,New Loan Allocation, ,SLB.122863945,-2,25.472998035
Stock Yield Enhancement Program Securities Lent Activity,Data,Stocks,HKD,3069,2026-06-23,Loan Return Allocation, ,SLB.122863929,335,-4266.727495725
Stock Yield Enhancement Program Securities Lent Activity,Data,Stocks,HKD,3069,2026-06-23,Loan Return Allocation, ,SLB.122863945,2,-25.472998035
Stock Yield Enhancement Program Securities Lent Activity,Data,Stocks,HKD,3069,2026-06-23,New Loan Allocation, ,SLB.122938554,-332,4197.144
Stock Yield Enhancement Program Securities Lent Activity,Data,Stocks,HKD,3069,2026-06-24,Loan Return Allocation, ,SLB.122938554,332,-4197.144
Stock Yield Enhancement Program Securities Lent Activity,Data,Stocks,HKD,3069,2026-06-24,New Loan Allocation, ,SLB.123010548,-356,4511.765997142
Stock Yield Enhancement Program Securities Lent Activity,Data,Stocks,HKD,3069,2026-06-25,Loan Return Allocation, ,SLB.123010548,356,-4511.765997142
Stock Yield Enhancement Program Securities Lent Activity,Data,Stocks,HKD,3069,2026-06-25,New Loan Allocation, ,SLB.123079441,-273,3551.593501882
Stock Yield Enhancement Program Securities Lent Activity,Data,Stocks,HKD,3069,2026-06-26,Loan Return Allocation, ,SLB.123079441,273,-3551.593501882
Stock Yield Enhancement Program Securities Lent Activity,Data,Stocks,HKD,3069,2026-06-26,New Loan Allocation, ,SLB.123148762,-257,3327.250502362
Stock Yield Enhancement Program Securities Lent Activity,Data,Stocks,HKD,3069,2026-06-29,Loan Return Allocation, ,SLB.123148762,257,-3327.250502362
Stock Yield Enhancement Program Securities Lent Activity,Data,Stocks,HKD,3069,2026-06-29,New Loan Allocation, ,SLB.123226473,-335,4280.797498037
Stock Yield Enhancement Program Securities Lent Activity,Data,Stocks,HKD,3069,2026-06-29,New Loan Allocation, ,SLB.123226491,-2,25.556997732
Stock Yield Enhancement Program Securities Lent Activity,Data,Stocks,HKD,3069,2026-06-30,Loan Return Allocation, ,SLB.123226473,335,-4280.797498037
Stock Yield Enhancement Program Securities Lent Activity,Data,Stocks,HKD,3069,2026-06-30,Loan Return Allocation, ,SLB.123226491,2,-25.556997732
Stock Yield Enhancement Program Securities Lent Activity,Data,Total,,,,,,,,-7225.375497659
Stock Yield Enhancement Program Securities Lent Activity,Data,Total in USD,,,,,,,,-921.770830486
Stock Yield Enhancement Program Securities Lent Activity,Data,Stocks,JPY,4543.T,2026-07-23,New Loan Allocation, ,SLB.124464408,-170,392521.5
Stock Yield Enhancement Program Securities Lent Activity,Data,Stocks,JPY,4543.T,2026-07-24,Loan Return Allocation, ,SLB.124464408,170,-392521.5
Stock Yield Enhancement Program Securities Lent Activity,Data,Stocks,JPY,4543.T,2026-07-24,New Loan Allocation, ,SLB.124531372,-175,396532.5
Stock Yield Enhancement Program Securities Lent Activity,Data,Stocks,JPY,4543.T,2026-07-27,Loan Return Allocation, ,SLB.124531372,175,-396532.5
Stock Yield Enhancement Program Securities Lent Activity,Data,Stocks,JPY,4543.T,2026-07-27,New Loan Allocation, ,SLB.124597552,-161,365908.725
Stock Yield Enhancement Program Securities Lent Activity,Data,Stocks,JPY,4543.T,2026-07-28,Loan Return Allocation, ,SLB.124597552,161,-365908.725
Stock Yield Enhancement Program Securities Lent Activity,Data,Stocks,JPY,4543.T,2026-07-28,New Loan Allocation, ,SLB.124665116,-200,472290
Stock Yield Enhancement Program Securities Lent Activity,Data,Stocks,JPY,4543.T,2026-07-29,Loan Return Allocation, ,SLB.124665116,200,-472290
Stock Yield Enhancement Program Securities Lent Activity,Data,Stocks,JPY,4543.T,2026-07-29,New Loan Allocation, ,SLB.124732352,-198,475883.1
Stock Yield Enhancement Program Securities Lent Activity,Data,Stocks,JPY,4543.T,2026-07-30,Loan Return Allocation, ,SLB.124732352,198,-475883.1
Stock Yield Enhancement Program Securities Lent Activity,Data,Stocks,JPY,4543.T,2026-07-30,New Loan Allocation, ,SLB.124798238,-191,477810.375
Stock Yield Enhancement Program Securities Lent Activity,Data,Stocks,JPY,4543.T,2026-07-31,Loan Return Allocation, ,SLB.124798238,191,-477810.375
Stock Yield Enhancement Program Securities Lent Activity,Data,Stocks,JPY,4543.T,2026-07-31,New Loan Allocation, ,SLB.124866172,-164,415949.1
Stock Yield Enhancement Program Securities Lent Activity,Data,Stocks,JPY,4543.T,2026-08-03,Loan Return Allocation, ,SLB.124866172,164,-415949.1
Stock Yield Enhancement Program Securities Lent Activity,Data,Stocks,JPY,4543.T,2026-08-03,New Loan Allocation, ,SLB.124936616,-200,488040
Stock Yield Enhancement Program Securities Lent Activity,Data,Stocks,JPY,4543.T,2026-08-04,Loan Return Allocation, ,SLB.124936616,200,-488040
Stock Yield Enhancement Program Securities Lent Activity,Data,Stocks,JPY,4543.T,2026-08-04,New Loan Allocation, ,SLB.125001753,-196,475706.699937544
Stock Yield Enhancement Program Securities Lent Activity,Data,Stocks,JPY,4543.T,2026-08-05,Loan Return Allocation, ,SLB.125001753,196,-475706.699937544
Stock Yield Enhancement Program Securities Lent Activity,Data,Stocks,JPY,4543.T,2026-08-05,New Loan Allocation, ,SLB.125071851,-182,443925.3
Stock Yield Enhancement Program Securities Lent Activity,Data,Stocks,JPY,4543.T,2026-08-06,Loan Return Allocation, ,SLB.125071851,182,-443925.3
Stock Yield Enhancement Program Securities Lent Activity,Data,Stocks,JPY,4543.T,2026-08-06,New Loan Allocation, ,SLB.125144659,-188,451651.2
Stock Yield Enhancement Program Securities Lent Activity,Data,Stocks,JPY,4543.T,2026-08-07,Loan Return Allocation, ,SLB.125144659,188,-451651.2
Stock Yield Enhancement Program Securities Lent Activity,Data,Stocks,JPY,4543.T,2026-08-07,New Loan Allocation, ,SLB.125213137,-172,417547.2
Stock Yield Enhancement Program Securities Lent Activity,Data,Stocks,JPY,4543.T,2026-08-10,Loan Return Allocation, ,SLB.125213137,172,-417547.2
Stock Yield Enhancement Program Securities Lent Activity,Data,Stocks,JPY,4543.T,2026-08-10,New Loan Allocation, ,SLB.125282236,-175,436038.75
Stock Yield Enhancement Program Securities Lent Activity,Data,Stocks,JPY,4543.T,2026-08-11,Loan Return Allocation, ,SLB.125282236,175,-436038.75
Stock Yield Enhancement Program Securities Lent Activity,Data,Stocks,JPY,4543.T,2026-08-11,New Loan Allocation, ,SLB.125351305,-160,432684
Stock Yield Enhancement Program Securities Lent Activity,Data,Stocks,JPY,4543.T,2026-08-12,Loan Return Allocation, ,SLB.125351305,160,-432684
Stock Yield Enhancement Program Securities Lent Activity,Data,Stocks,JPY,4543.T,2026-08-12,New Loan Allocation, ,SLB.125421072,-180,486769.5
Stock Yield Enhancement Program Securities Lent Activity,Data,Stocks,JPY,4543.T,2026-08-13,Loan Return Allocation, ,SLB.125421072,180,-486769.5
Stock Yield Enhancement Program Securities Lent Activity,Data,Stocks,JPY,4543.T,2026-08-13,New Loan Allocation, ,SLB.125491674,-169,461103.825
Stock Yield Enhancement Program Securities Lent Activity,Data,Stocks,JPY,4543.T,2026-08-14,Loan Return Allocation, ,SLB.125491674,169,-461103.825
Stock Yield Enhancement Program Securities Lent Activity,Data,Stocks,JPY,4543.T,2026-08-14,New Loan Allocation, ,SLB.125559540,-181,498026.025063487
Stock Yield Enhancement Program Securities Lent Activity,Data,Stocks,JPY,4543.T,2026-08-17,Loan Return Allocation, ,SLB.125559540,181,-498026.025063487
Stock Yield Enhancement Program Securities Lent Activity,Data,Stocks,JPY,4543.T,2026-08-17,New Loan Allocation, ,SLB.125629457,-9,25255.125059603
Stock Yield Enhancement Program Securities Lent Activity,Data,Stocks,JPY,4543.T,2026-08-17,New Loan Allocation, ,SLB.125629463,-187,524745.375
Stock Yield Enhancement Program Securities Lent Activity,Data,Stocks,JPY,4543.T,2026-08-17,New Loan Allocation, ,SLB.125629470,-4,11224.5
Stock Yield Enhancement Program Securities Lent Activity,Data,Stocks,JPY,4543.T,2026-08-18,Loan Return Allocation, ,SLB.125629457,9,-25255.125059603
Stock Yield Enhancement Program Securities Lent Activity,Data,Stocks,JPY,4543.T,2026-08-18,Loan Return Allocation, ,SLB.125629463,187,-524745.375
Stock Yield Enhancement Program Securities Lent Activity,Data,Stocks,JPY,4543.T,2026-08-18,Loan Return Allocation, ,SLB.125629470,4,-11224.5
Stock Yield Enhancement Program Securities Lent Activity,Data,Stocks,JPY,4543.T,2026-08-31,New Loan Allocation, ,SLB.126321446,-200,533190
Stock Yield Enhancement Program Securities Lent Activity,Data,Stocks,JPY,4543.T,2026-09-01,Loan Return Allocation, ,SLB.126321446,200,-533190
Stock Yield Enhancement Program Securities Lent Activity,Data,Stocks,JPY,4543.T,2026-09-02,New Loan Allocation, ,SLB.126461643,-200,534345.000074267
Stock Yield Enhancement Program Securities Lent Activity,Data,Stocks,JPY,4543.T,2026-09-03,Loan Return Allocation, ,SLB.126461643,200,-534345.000074267
Stock Yield Enhancement Program Securities Lent Activity,Data,Stocks,JPY,4543.T,2026-09-03,New Loan Allocation, ,SLB.126531597,-80,207396
Stock Yield Enhancement Program Securities Lent Activity,Data,Stocks,JPY,4543.T,2026-09-04,Loan Return Allocation, ,SLB.126531597,80,-207396
Stock Yield Enhancement Program Securities Lent Activity,Data,Stocks,JPY,4543.T,2026-09-04,New Loan Allocation, ,SLB.126601388,-181,468948.374922617
Stock Yield Enhancement Program Securities Lent Activity,Data,Stocks,JPY,4543.T,2026-09-07,Loan Return Allocation, ,SLB.126601388,181,-468948.374922617
Stock Yield Enhancement Program Securities Lent Activity,Data,Stocks,JPY,4543.T,2026-09-07,New Loan Allocation, ,SLB.126669949,-191,487737.6
Stock Yield Enhancement Program Securities Lent Activity,Data,Stocks,JPY,4543.T,2026-09-08,Loan Return Allocation, ,SLB.126669949,191,-487737.6
Stock Yield Enhancement Program Securities Lent Activity,Data,Stocks,JPY,4543.T,2026-09-08,New Loan Allocation, ,SLB.126719260,-187,466036.724926741
Stock Yield Enhancement Program Securities Lent Activity,Data,Total,,,,,,,,466036.724926741
Stock Yield Enhancement Program Securities Lent Activity,Data,Total in USD,,,,,,,,2860.659468493
Stock Yield Enhancement Program Securities Lent Activity,Data,Stocks,EUR,CNUA,2026-05-22,New Loan Allocation, ,SLB.121418452,-8,1293.6
Stock Yield Enhancement Program Securities Lent Activity,Data,Stocks,EUR,CNUA,2026-05-25,Loan Return Allocation, ,SLB.121418452,8,-1293.6
Stock Yield Enhancement Program Securities Lent Activity,Data,Stocks,EUR,CNUA,2026-05-25,New Loan Allocation, ,SLB.121418452,-8,1305.192
Stock Yield Enhancement Program Securities Lent Activity,Data,Stocks,EUR,CNUA,2026-05-26,Loan Return Allocation, ,SLB.121418452,8,-1305.192
Stock Yield Enhancement Program Securities Lent Activity,Data,Stocks,EUR,CNUA,2026-05-26,New Loan Allocation, ,SLB.121418452,-8,1319.472
Stock Yield Enhancement Program Securities Lent Activity,Data,Stocks,EUR,CNUA,2026-05-27,Loan Return Allocation, ,SLB.121418452,8,-1319.472
Stock Yield Enhancement Program Securities Lent Activity,Data,Stocks,EUR,CNUA,2026-05-27,New Loan Allocation, ,SLB.121418452,-8,1324.68
Stock Yield Enhancement Program Securities Lent Activity,Data,Stocks,EUR,CNUA,2026-05-28,Loan Return Allocation, ,SLB.121418452,8,-1324.68
Stock Yield Enhancement Program Securities Lent Activity,Data,Stocks,EUR,CNUA,2026-05-28,New Loan Allocation, ,SLB.121418452,-8,1315.944
Stock Yield Enhancement Program Securities Lent Activity,Data,Stocks,EUR,CNUA,2026-05-29,Loan Return Allocation, ,SLB.121418452,8,-1315.944
Stock Yield Enhancement Program Securities Lent Activity,Data,Stocks,EUR,CNUA,2026-05-29,New Loan Allocation, ,SLB.121728638,-8,1320.984
Stock Yield Enhancement Program Securities Lent Activity,Data,Stocks,EUR,CNUA,2026-06-01,Loan Return Allocation, ,SLB.121728638,8,-1320.984
Stock Yield Enhancement Program Securities Lent Activity,Data,Stocks,EUR,CNUA,2026-06-01,New Loan Allocation, ,SLB.121728638,-8,1316.952
Stock Yield Enhancement Program Securities Lent Activity,Data,Stocks,EUR,CNUA,2026-06-02,Loan Return Allocation, ,SLB.121728638,8,-1316.952
Stock Yield Enhancement Program Securities Lent Activity,Data,Stocks,EUR,CNUA,2026-06-02,New Loan Allocation, ,SLB.121728638,-8,1305.696
Stock Yield Enhancement Program Securities Lent Activity,Data,Stocks,EUR,CNUA,2026-06-03,Loan Return Allocation, ,SLB.121728638,8,-1305.696
Stock Yield Enhancement Program Securities Lent Activity,Data,Stocks,EUR,CNUA,2026-06-03,New Loan Allocation, ,SLB.121936510,-8,1321.152
Stock Yield Enhancement Program Securities Lent Activity,Data,Stocks,EUR,CNUA,2026-06-04,Loan Return Allocation, ,SLB.121936510,8,-1321.152
Stock Yield Enhancement Program Securities Lent Activity,Data,Stocks,EUR,CNUA,2026-06-04,New Loan Allocation, ,SLB.121936510,-8,1319.472
Stock Yield Enhancement Program Securities Lent Activity,Data,Stocks,EUR,CNUA,2026-06-05,Loan Return Allocation, ,SLB.121936510,8,-1319.472
Stock Yield Enhancement Program Securities Lent Activity,Data,Stocks,EUR,CNUA,2026-06-05,New Loan Allocation, ,SLB.121936510,-8,1319.136
Stock Yield Enhancement Program Securities Lent Activity,Data,Stocks,EUR,CNUA,2026-06-08,Loan Return Allocation, ,SLB.121936510,8,-1319.136
Stock Yield Enhancement Program Securities Lent Activity,Data,Stocks,EUR,CNUA,2026-06-08,New Loan Allocation, ,SLB.121936510,-8,1291.92
Stock Yield Enhancement Program Securities Lent Activity,Data,Stocks,EUR,CNUA,2026-06-09,Loan Return Allocation, ,SLB.121936510,8,-1291.92
Stock Yield Enhancement Program Securities Lent Activity,Data,Stocks,EUR,CNUA,2026-06-09,New Loan Allocation, ,SLB.121936510,-8,1278.648
Stock Yield Enhancement Program Securities Lent Activity,Data,Stocks,EUR,CNUA,2026-06-10,Loan Return Allocation, ,SLB.121936510,8,-1278.648
Stock Yield Enhancement Program Securities Lent Activity,Data,Stocks,EUR,CNUA,2026-06-10,New Loan Allocation, ,SLB.121936510,-8,1284.192
Stock Yield Enhancement Program Securities Lent Activity,Data,Stocks,EUR,CNUA,2026-06-11,Loan Return Allocation, ,SLB.121936510,8,-1284.192
Stock Yield Enhancement Program Securities Lent Activity,Data,Stocks,EUR,CNUA,2026-07-09,New Loan Allocation, ,SLB.123747038,-8,1302.336
Stock Yield Enhancement Program Securities Lent Activity,Data,Stocks,EUR,CNUA,2026-07-10,Loan Return Allocation, ,SLB.123747038,8,-1302.336
Stock Yield Enhancement Program Securities Lent Activity,Data,Stocks,EUR,CNUA,2026-07-10,New Loan Allocation, ,SLB.123747038,-8,1347.696
Stock Yield Enhancement Program Securities Lent Activity,Data,Stocks,EUR,CNUA,2026-07-13,Loan Return Allocation, ,SLB.123747038,8,-1347.696
Stock Yield Enhancement Program Securities Lent Activity,Data,Stocks,EUR,QUTM,2026-07-03,New Loan Allocation, ,SLB.123474055,-48,1329.552
Stock Yield Enhancement Program Securities Lent Activity,Data,Stocks,EUR,QUTM,2026-07-06,Loan Return Allocation, ,SLB.123474055,48,-1329.552
Stock Yield Enhancement Program Securities Lent Activity,Data,Stocks,EUR,QUTM,2026-07-06,New Loan Allocation, ,SLB.123474055,-48,1334.088
Stock Yield Enhancement Program Securities Lent Activity,Data,Stocks,EUR,QUTM,2026-07-07,Loan Return Allocation, ,SLB.123474055,48,-1334.088
Stock Yield Enhancement Program Securities Lent Activity,Data,Stocks,EUR,QUTM,2026-07-07,New Loan Allocation, ,SLB.123607024,-48,1348.704
Stock Yield Enhancement Program Securities Lent Activity,Data,Stocks,EUR,QUTM,2026-07-08,Loan Return Allocation, ,SLB.123607024,48,-1348.704
Stock Yield Enhancement Program Securities Lent Activity,Data,Stocks,EUR,QUTM,2026-07-08,New Loan Allocation, ,SLB.123607024,-48,1292.76
Stock Yield Enhancement Program Securities Lent Activity,Data,Stocks,EUR,QUTM,2026-07-09,Loan Return Allocation, ,SLB.123607024,48,-1292.76
Stock Yield Enhancement Program Securities Lent Activity,Data,Stocks,EUR,QUTM,2026-07-09,New Loan Allocation, ,SLB.123607024,-48,1278.648
Stock Yield Enhancement Program Securities Lent Activity,Data,Stocks,EUR,QUTM,2026-07-10,Loan Return Allocation, ,SLB.123607024,48,-1278.648
Stock Yield Enhancement Program Securities Lent Activity,Data,Stocks,EUR,QUTM,2026-07-10,New Loan Allocation, ,SLB.123814019,-50,1351.615
Stock Yield Enhancement Program Securities Lent Activity,Data,Stocks,EUR,QUTM,2026-07-13,Loan Return Allocation, ,SLB.123814019,50,-1351.615
Stock Yield Enhancement Program Securities Lent Activity,Data,Stocks,EUR,QUTM,2026-07-24,New Loan Allocation, ,SLB.124498754,-34,839.8442
Stock Yield Enhancement Program Securities Lent Activity,Data,Stocks,EUR,QUTM,2026-07-27,Loan Return Allocation, ,SLB.124498754,34,-839.8442
Stock Yield Enhancement Program Securities Lent Activity,Data,Stocks,EUR,QUTM,2026-07-30,New Loan Allocation, ,SLB.124809407,-16,389.1728
Stock Yield Enhancement Program Securities Lent Activity,Data,Stocks,EUR,QUTM,2026-07-30,New Loan Allocation, ,SLB.124768173,-9,218.9097
Stock Yield Enhancement Program Securities Lent Activity,Data,Stocks,EUR,QUTM,2026-07-30,New Loan Allocation, ,SLB.124730538,-4,97.2932
Stock Yield Enhancement Program Securities Lent Activity,Data,Stocks,EUR,QUTM,2026-07-31,Loan Return Allocation, ,SLB.124809407,16,-389.1728
Stock Yield Enhancement Program Securities Lent Activity,Data,Stocks,EUR,QUTM,2026-07-31,Loan Return Allocation, ,SLB.124768173,9,-218.9097
Stock Yield Enhancement Program Securities Lent Activity,Data,Stocks,EUR,QUTM,2026-07-31,Loan Return Allocation, ,SLB.124730538,4,-97.2932
Stock Yield Enhancement Program Securities Lent Activity,Data,Stocks,EUR,QUTM,2026-07-31,New Loan Allocation, ,SLB.124832562,-28,701.3384
Stock Yield Enhancement Program Securities Lent Activity,Data,Stocks,EUR,QUTM,2026-08-03,Loan Return Allocation, ,SLB.124832562,28,-701.3384
Stock Yield Enhancement Program Securities Lent Activity,Data,Stocks,EUR,QUTM,2026-08-03,New Loan Allocation, ,SLB.124832562,-28,712.656
Stock Yield Enhancement Program Securities Lent Activity,Data,Stocks,EUR,QUTM,2026-08-04,Loan Return Allocation, ,SLB.124832562,28,-712.656
Stock Yield Enhancement Program Securities Lent Activity,Data,Stocks,EUR,QUTM,2026-08-04,New Loan Allocation, ,SLB.124832562,-25,653.3625
Stock Yield Enhancement Program Securities Lent Activity,Data,Stocks,EUR,QUTM,2026-08-05,Loan Return Allocation, ,SLB.124832562,25,-653.3625
Stock Yield Enhancement Program Securities Lent Activity,Data,Stocks,EUR,QUTM,2026-08-06,New Loan Allocation, ,SLB.124832562,-26,696.15
Stock Yield Enhancement Program Securities Lent Activity,Data,Stocks,EUR,QUTM,2026-08-06,New Loan Allocation, ,SLB.125161075,-23,615.825
Stock Yield Enhancement Program Securities Lent Activity,Data,Stocks,EUR,QUTM,2026-08-07,Loan Return Allocation, ,SLB.124832562,26,-696.15
Stock Yield Enhancement Program Securities Lent Activity,Data,Stocks,EUR,QUTM,2026-08-07,Loan Return Allocation, ,SLB.125161075,23,-615.825
Stock Yield Enhancement Program Securities Lent Activity,Data,Stocks,EUR,QUTM,2026-08-07,New Loan Allocation, ,SLB.125180948,-53,1411.0084
Stock Yield Enhancement Program Securities Lent Activity,Data,Stocks,EUR,QUTM,2026-08-07,New Loan Allocation, ,SLB.125212347,-13,346.0964
Stock Yield Enhancement Program Securities Lent Activity,Data,Stocks,EUR,QUTM,2026-08-10,Loan Return Allocation, ,SLB.125180948,53,-1411.0084
Stock Yield Enhancement Program Securities Lent Activity,Data,Stocks,EUR,QUTM,2026-08-10,Loan Return Allocation, ,SLB.125212347,13,-346.0964
Stock Yield Enhancement Program Securities Lent Activity,Data,Stocks,EUR,QUTM,2026-08-26,New Loan Allocation, ,SLB.126081301,-74,1937.061
Stock Yield Enhancement Program Securities Lent Activity,Data,Stocks,EUR,QUTM,2026-08-27,Loan Return Allocation, ,SLB.126081301,74,-1937.061
Stock Yield Enhancement Program Securities Lent Activity,Data,Stocks,EUR,QUTM,2026-08-27,New Loan Allocation, ,SLB.126081301,-70,1831.991
Stock Yield Enhancement Program Securities Lent Activity,Data,Stocks,EUR,QUTM,2026-08-28,Loan Return Allocation, ,SLB.126081301,70,-1831.991
Stock Yield Enhancement Program Securities Lent Activity,Data,Total,,,,,,,,0
Stock Yield Enhancement Program Securities Lent Activity,Data,Total in USD,,,,,,,,12.34824784
Stock Yield Enhancement Program Securities Lent Activity,Data,Stocks,USD,BBJP,2026-07-30,New Loan Allocation, ,SLB.124770418,-25,1850
Stock Yield Enhancement Program Securities Lent Activity,Data,Stocks,USD,BBJP,2026-07-31,Loan Return Allocation, ,SLB.124770418,25,-1850
Stock Yield Enhancement Program Securities Lent Activity,Data,Stocks,USD,DXJ,2026-04-17,New Loan Allocation, ,SLB.119805022,-9,1530
Stock Yield Enhancement Program Securities Lent Activity,Data,Stocks,USD,DXJ,2026-04-20,Loan Return Allocation, ,SLB.119805022,9,-1530
Stock Yield Enhancement Program Securities Lent Activity,Data,Stocks,USD,DXJ,2026-04-20,New Loan Allocation, ,SLB.119805022,-9,1530
Stock Yield Enhancement Program Securities Lent Activity,Data,Stocks,USD,DXJ,2026-04-21,Loan Return Allocation, ,SLB.119805022,9,-1530
Stock Yield Enhancement Program Securities Lent Activity,Data,Stocks,USD,DXJ,2026-04-21,New Loan Allocation, ,SLB.119937236,-10,1690
Stock Yield Enhancement Program Securities Lent Activity,Data,Stocks,USD,DXJ,2026-04-22,Loan Return Allocation, ,SLB.119937236,10,-1690
Stock Yield Enhancement Program Securities Lent Activity,Data,Stocks,USD,DXJ,2026-04-22,New Loan Allocation, ,SLB.119937236,-9,1485
Stock Yield Enhancement Program Securities Lent Activity,Data,Stocks,USD,DXJ,2026-04-23,Loan Return Allocation, ,SLB.119937236,9,-1485
Stock Yield Enhancement Program Securities Lent Activity,Data,Stocks,USD,DXJ,2026-04-23,New Loan Allocation, ,SLB.120073779,-10,1650
Stock Yield Enhancement Program Securities Lent Activity,Data,Stocks,USD,DXJ,2026-04-24,Loan Return Allocation, ,SLB.120073779,10,-1650
Stock Yield Enhancement Program Securities Lent Activity,Data,Stocks,USD,DXJ,2026-04-24,New Loan Allocation, ,SLB.120141028,-10,1640
Stock Yield Enhancement Program Securities Lent Activity,Data,Stocks,USD,DXJ,2026-04-27,Loan Return Allocation, ,SLB.120141028,10,-1640
Stock Yield Enhancement Program Securities Lent Activity,Data,Stocks,USD,DXJ,2026-04-27,New Loan Allocation, ,SLB.120141028,-11,1804
Stock Yield Enhancement Program Securities Lent Activity,Data,Stocks,USD,DXJ,2026-04-28,Loan Return Allocation, ,SLB.120141028,11,-1804
Stock Yield Enhancement Program Securities Lent Activity,Data,Stocks,USD,DXJ,2026-04-28,New Loan Allocation, ,SLB.120277201,-10,1650
Stock Yield Enhancement Program Securities Lent Activity,Data,Stocks,USD,DXJ,2026-04-29,Loan Return Allocation, ,SLB.120277201,10,-1650
Stock Yield Enhancement Program Securities Lent Activity,Data,Stocks,USD,DXJ,2026-04-29,New Loan Allocation, ,SLB.120343480,-24,3984
Stock Yield Enhancement Program Securities Lent Activity,Data,Stocks,USD,DXJ,2026-04-30,Loan Return Allocation, ,SLB.120343480,24,-3984
Stock Yield Enhancement Program Securities Lent Activity,Data,Stocks,USD,DXJ,2026-04-30,New Loan Allocation, ,SLB.120412722,-24,3960
Stock Yield Enhancement Program Securities Lent Activity,Data,Stocks,USD,DXJ,2026-05-01,Loan Return Allocation, ,SLB.120412722,24,-3960
Stock Yield Enhancement Program Securities Lent Activity,Data,Stocks,USD,DXJ,2026-05-01,New Loan Allocation, ,SLB.120412722,-11,1826
Stock Yield Enhancement Program Securities Lent Activity,Data,Stocks,USD,DXJ,2026-05-04,Loan Return Allocation, ,SLB.120412722,11,-1826
Stock Yield Enhancement Program Securities Lent Activity,Data,Stocks,USD,DXJ,2026-05-04,New Loan Allocation, ,SLB.120540998,-10,1650
Stock Yield Enhancement Program Securities Lent Activity,Data,Stocks,USD,DXJ,2026-05-05,Loan Return Allocation, ,SLB.120540998,10,-1650
Stock Yield Enhancement Program Securities Lent Activity,Data,Stocks,USD,DXJ,2026-05-05,New Loan Allocation, ,SLB.120608531,-13,2145
Stock Yield Enhancement Program Securities Lent Activity,Data,Stocks,USD,DXJ,2026-05-06,Loan Return Allocation, ,SLB.120608531,13,-2145
Stock Yield Enhancement Program Securities Lent Activity,Data,Stocks,USD,DXJ,2026-05-06,New Loan Allocation, ,SLB.120608531,-12,2004
Stock Yield Enhancement Program Securities Lent Activity,Data,Stocks,USD,DXJ,2026-05-07,Loan Return Allocation, ,SLB.120608531,12,-2004
Stock Yield Enhancement Program Securities Lent Activity,Data,Stocks,USD,DXJ,2026-05-13,New Loan Allocation, ,SLB.121013742,-24,4152
Stock Yield Enhancement Program Securities Lent Activity,Data,Stocks,USD,DXJ,2026-05-14,Loan Return Allocation, ,SLB.121013742,24,-4152
Stock Yield Enhancement Program Securities Lent Activity,Data,Stocks,USD,DXJ,2026-05-14,New Loan Allocation, ,SLB.121013742,-24,4200
Stock Yield Enhancement Program Securities Lent Activity,Data,Stocks,USD,DXJ,2026-05-15,Loan Return Allocation, ,SLB.121013742,24,-4200
Stock Yield Enhancement Program Securities Lent Activity,Data,Stocks,USD,DXJ,2026-05-15,New Loan Allocation, ,SLB.121013742,-23,4048
Stock Yield Enhancement Program Securities Lent Activity,Data,Stocks,USD,DXJ,2026-05-18,Loan Return Allocation, ,SLB.121013742,23,-4048
Stock Yield Enhancement Program Securities Lent Activity,Data,Stocks,USD,DXJ,2026-06-04,New Loan Allocation, ,SLB.122087003,-22,3872
Stock Yield Enhancement Program Securities Lent Activity,Data,Stocks,USD,DXJ,2026-06-05,Loan Return Allocation, ,SLB.122087003,22,-3872
Stock Yield Enhancement Program Securities Lent Activity,Data,Stocks,USD,DXJ,2026-06-08,New Loan Allocation, ,SLB.122224884,-17,2941
Stock Yield Enhancement Program Securities Lent Activity,Data,Stocks,USD,DXJ,2026-06-09,Loan Return Allocation, ,SLB.122224884,17,-2941
Stock Yield Enhancement Program Securities Lent Activity,Data,Stocks,USD,DXJ,2026-06-10,New Loan Allocation, ,SLB.122345142,-14,2422
Stock Yield Enhancement Program Securities Lent Activity,Data,Stocks,USD,DXJ,2026-06-11,Loan Return Allocation, ,SLB.122345142,14,-2422
Stock Yield Enhancement Program Securities Lent Activity,Data,Stocks,USD,DXJ,2026-06-23,New Loan Allocation, ,SLB.122975356,-18,3312
Stock Yield Enhancement Program Securities Lent Activity,Data,Stocks,USD,DXJ,2026-06-24,Loan Return Allocation, ,SLB.122975356,18,-3312
Stock Yield Enhancement Program Securities Lent Activity,Data,Stocks,USD,DXJ,2026-06-25,New Loan Allocation, ,SLB.123117960,-16,2848
Stock Yield Enhancement Program Securities Lent Activity,Data,Stocks,USD,DXJ,2026-06-26,Loan Return Allocation, ,SLB.123117960,16,-2848
Stock Yield Enhancement Program Securities Lent Activity,Data,Stocks,USD,EMXC,2026-04-01,Loan Return Allocation, ,SLB.118947656,73,-5694
Stock Yield Enhancement Program Securities Lent Activity,Data,Stocks,USD,EMXC,2026-04-01,New Loan Allocation, ,SLB.118947656,-61,4941
Stock Yield Enhancement Program Securities Lent Activity,Data,Stocks,USD,EMXC,2026-04-02,Loan Return Allocation, ,SLB.118947656,61,-4941
Stock Yield Enhancement Program Securities Lent Activity,Data,Stocks,USD,EMXC,2026-04-02,New Loan Allocation, ,SLB.118947656,-41,3362
Stock Yield Enhancement Program Securities Lent Activity,Data,Stocks,USD,EMXC,2026-04-03,Loan Return Allocation, ,SLB.118947656,41,-3362
Stock Yield Enhancement Program Securities Lent Activity,Data,Stocks,USD,EMXC,2026-04-03,New Loan Allocation, ,SLB.118947656,-41,3280
Stock Yield Enhancement Program Securities Lent Activity,Data,Stocks,USD,EMXC,2026-04-06,Loan Return Allocation, ,SLB.118947656,41,-3280
Stock Yield Enhancement Program Securities Lent Activity,Data,Stocks,USD,EMXC,2026-04-06,New Loan Allocation, ,SLB.119189892,-52,4160
Stock Yield Enhancement Program Securities Lent Activity,Data,Stocks,USD,EMXC,2026-04-07,Loan Return Allocation, ,SLB.119189892,52,-4160
Stock Yield Enhancement Program Securities Lent Activity,Data,Stocks,USD,EMXC,2026-04-07,New Loan Allocation, ,SLB.119189892,-10,810
Stock Yield Enhancement Program Securities Lent Activity,Data,Stocks,USD,EMXC,2026-04-08,Loan Return Allocation, ,SLB.119189892,10,-810
Stock Yield Enhancement Program Securities Lent Activity,Data,Stocks,USD,EMXC,2026-04-08,New Loan Allocation, ,SLB.119325522,-25,2050
Stock Yield Enhancement Program Securities Lent Activity,Data,Stocks,USD,EMXC,2026-04-09,Loan Return Allocation, ,SLB.119325522,25,-2050
Stock Yield Enhancement Program Securities Lent Activity,Data,Stocks,USD,EMXC,2026-04-09,New Loan Allocation, ,SLB.119325522,-20,1740
Stock Yield Enhancement Program Securities Lent Activity,Data,Stocks,USD,EMXC,2026-04-10,Loan Return Allocation, ,SLB.119325522,20,-1740
Stock Yield Enhancement Program Securities Lent Activity,Data,Stocks,USD,EMXC,2026-04-14,New Loan Allocation, ,SLB.119575837,-61,5368
Stock Yield Enhancement Program Securities Lent Activity,Data,Stocks,USD,EMXC,2026-04-15,Loan Return Allocation, ,SLB.119575837,61,-5368
Stock Yield Enhancement Program Securities Lent Activity,Data,Stocks,USD,EMXC,2026-04-16,New Loan Allocation, ,SLB.119709892,-60,5400
Stock Yield Enhancement Program Securities Lent Activity,Data,Stocks,USD,EMXC,2026-04-17,Loan Return Allocation, ,SLB.119709892,60,-5400
Stock Yield Enhancement Program Securities Lent Activity,Data,Stocks,USD,EMXC,2026-04-17,New Loan Allocation, ,SLB.119709892,-18,1620
Stock Yield Enhancement Program Securities Lent Activity,Data,Stocks,USD,EMXC,2026-04-20,Loan Return Allocation, ,SLB.119709892,18,-1620
Stock Yield Enhancement Program Securities Lent Activity,Data,Stocks,USD,EMXC,2026-04-21,New Loan Allocation, ,SLB.119938386,-53,4823
Stock Yield Enhancement Program Securities Lent Activity,Data,Stocks,USD,EMXC,2026-04-22,Loan Return Allocation, ,SLB.119938386,53,-4823
Stock Yield Enhancement Program Securities Lent Activity,Data,Stocks,USD,EMXC,2026-05-14,New Loan Allocation, ,SLB.121057123,-26,2574
Stock Yield Enhancement Program Securities Lent Activity,Data,Stocks,USD,EMXC,2026-05-15,Loan Return Allocation, ,SLB.121057123,26,-2574
Stock Yield Enhancement Program Securities Lent Activity,Data,Stocks,USD,EMXC,2026-05-27,New Loan Allocation, ,SLB.121666768,-65,6630
Stock Yield Enhancement Program Securities Lent Activity,Data,Stocks,USD,EMXC,2026-05-28,Loan Return Allocation, ,SLB.121666768,65,-6630
Stock Yield Enhancement Program Securities Lent Activity,Data,Stocks,USD,EMXC,2026-05-28,New Loan Allocation, ,SLB.121733204,-66,6798
Stock Yield Enhancement Program Securities Lent Activity,Data,Stocks,USD,EMXC,2026-05-29,Loan Return Allocation, ,SLB.121733204,66,-6798
Stock Yield Enhancement Program Securities Lent Activity,Data,Stocks,USD,EMXC,2026-05-29,New Loan Allocation, ,SLB.121733204,-21,2184
Stock Yield Enhancement Program Securities Lent Activity,Data,Stocks,USD,EMXC,2026-06-01,Loan Return Allocation, ,SLB.121733204,21,-2184
Stock Yield Enhancement Program Securities Lent Activity,Data,Stocks,USD,EMXC,2026-06-01,New Loan Allocation, ,SLB.121869958,-35,3640
Stock Yield Enhancement Program Securities Lent Activity,Data,Stocks,USD,EMXC,2026-06-02,Loan Return Allocation, ,SLB.121869958,35,-3640
Stock Yield Enhancement Program Securities Lent Activity,Data,Stocks,USD,EMXC,2026-06-02,New Loan Allocation, ,SLB.121941215,-45,4770
Stock Yield Enhancement Program Securities Lent Activity,Data,Stocks,USD,EMXC,2026-06-03,Loan Return Allocation, ,SLB.121941215,45,-4770
Stock Yield Enhancement Program Securities Lent Activity,Data,Stocks,USD,EMXC,2026-06-03,New Loan Allocation, ,SLB.122018419,-50,5350
Stock Yield Enhancement Program Securities Lent Activity,Data,Stocks,USD,EMXC,2026-06-04,Loan Return Allocation, ,SLB.122018419,50,-5350
Stock Yield Enhancement Program Securities Lent Activity,Data,Stocks,USD,EMXC,2026-06-04,New Loan Allocation, ,SLB.122088067,-40,4240
Stock Yield Enhancement Program Securities Lent Activity,Data,Stocks,USD,EMXC,2026-06-05,Loan Return Allocation, ,SLB.122088067,40,-4240
Stock Yield Enhancement Program Securities Lent Activity,Data,Stocks,USD,EMXC,2026-06-05,New Loan Allocation, ,SLB.122160253,-75,7800
Stock Yield Enhancement Program Securities Lent Activity,Data,Stocks,USD,EMXC,2026-06-08,Loan Return Allocation, ,SLB.122160253,75,-7800
Stock Yield Enhancement Program Securities Lent Activity,Data,Stocks,USD,EMXC,2026-06-08,New Loan Allocation, ,SLB.122160253,-46,4416
Stock Yield Enhancement Program Securities Lent Activity,Data,Stocks,USD,EMXC,2026-06-09,Loan Return Allocation, ,SLB.122160253,46,-4416
Stock Yield Enhancement Program Securities Lent Activity,Data,Stocks,USD,EMXC,2026-06-09,New Loan Allocation, ,SLB.122295128,-73,7227
Stock Yield Enhancement Program Securities Lent Activity,Data,Stocks,USD,EMXC,2026-06-10,Loan Return Allocation, ,SLB.122295128,73,-7227
Stock Yield Enhancement Program Securities Lent Activity,Data,Stocks,USD,EMXC,2026-06-10,New Loan Allocation, ,SLB.122365166,-75,7425
Stock Yield Enhancement Program Securities Lent Activity,Data,Stocks,USD,EMXC,2026-06-11,Loan Return Allocation, ,SLB.122365166,75,-7425
Stock Yield Enhancement Program Securities Lent Activity,Data,Stocks,USD,EMXC,2026-06-11,New Loan Allocation, ,SLB.122365166,-62,6014
Stock Yield Enhancement Program Securities Lent Activity,Data,Stocks,USD,EMXC,2026-06-12,Loan Return Allocation, ,SLB.122365166,62,-6014
Stock Yield Enhancement Program Securities Lent Activity,Data,Stocks,USD,EMXC,2026-06-12,New Loan Allocation, ,SLB.122365166,-68,6936
Stock Yield Enhancement Program Securities Lent Activity,Data,Stocks,USD,EMXC,2026-06-15,Loan Return Allocation, ,SLB.122365166,68,-6936
Stock Yield Enhancement Program Securities Lent Activity,Data,Stocks,USD,EMXC,2026-06-15,New Loan Allocation, ,SLB.122573459,-75,7650
Stock Yield Enhancement Program Securities Lent Activity,Data,Stocks,USD,EMXC,2026-06-16,Loan Return Allocation, ,SLB.122573459,75,-7650
Stock Yield Enhancement Program Securities Lent Activity,Data,Stocks,USD,EMXC,2026-06-16,New Loan Allocation, ,SLB.122573459,-25,2650
Stock Yield Enhancement Program Securities Lent Activity,Data,Stocks,USD,EMXC,2026-06-17,Loan Return Allocation, ,SLB.122573459,25,-2650
Stock Yield Enhancement Program Securities Lent Activity,Data,Stocks,USD,EMXC,2026-06-18,New Loan Allocation, ,SLB.122759837,-20,2080
Stock Yield Enhancement Program Securities Lent Activity,Data,Stocks,USD,EMXC,2026-06-19,Loan Return Allocation, ,SLB.122759837,20,-2080
Stock Yield Enhancement Program Securities Lent Activity,Data,Stocks,USD,EMXC,2026-06-19,New Loan Allocation, ,SLB.122759837,-17,1836
Stock Yield Enhancement Program Securities Lent Activity,Data,Stocks,USD,EMXC,2026-06-22,Loan Return Allocation, ,SLB.122759837,17,-1836
Stock Yield Enhancement Program Securities Lent Activity,Data,Stocks,USD,EMXC,2026-06-22,New Loan Allocation, ,SLB.122875388,-13,1404
Stock Yield Enhancement Program Securities Lent Activity,Data,Stocks,USD,EMXC,2026-06-23,Loan Return Allocation, ,SLB.122875388,13,-1404
Stock Yield Enhancement Program Securities Lent Activity,Data,Stocks,USD,EMXC,2026-06-23,New Loan Allocation, ,SLB.122947850,-20,2180
Stock Yield Enhancement Program Securities Lent Activity,Data,Stocks,USD,EMXC,2026-06-24,Loan Return Allocation, ,SLB.122947850,20,-2180
Stock Yield Enhancement Program Securities Lent Activity,Data,Stocks,USD,EMXC,2026-06-24,New Loan Allocation, ,SLB.123046117,-71,7242
Stock Yield Enhancement Program Securities Lent Activity,Data,Stocks,USD,EMXC,2026-06-25,Loan Return Allocation, ,SLB.123046117,71,-7242
Stock Yield Enhancement Program Securities Lent Activity,Data,Stocks,USD,EMXC,2026-06-25,New Loan Allocation, ,SLB.123046117,-18,1836
Stock Yield Enhancement Program Securities Lent Activity,Data,Stocks,USD,EMXC,2026-06-26,Loan Return Allocation, ,SLB.123046117,18,-1836
Stock Yield Enhancement Program Securities Lent Activity,Data,Stocks,USD,PICK,2026-07-01,New Loan Allocation, ,SLB.123418666,-25,1500
Stock Yield Enhancement Program Securities Lent Activity,Data,Stocks,USD,PICK,2026-07-02,Loan Return Allocation, ,SLB.123418666,25,-1500
Stock Yield Enhancement Program Securities Lent Activity,Data,Stocks,USD,PICK,2026-07-07,New Loan Allocation, ,SLB.123663138,-57,3420
Stock Yield Enhancement Program Securities Lent Activity,Data,Stocks,USD,PICK,2026-07-08,Loan Return Allocation, ,SLB.123663138,57,-3420
Stock Yield Enhancement Program Securities Lent Activity,Data,Stocks,USD,PICK,2026-07-08,New Loan Allocation, ,SLB.123750862,-54,3132
Stock Yield Enhancement Program Securities Lent Activity,Data,Stocks,USD,PICK,2026-07-09,Loan Return Allocation, ,SLB.123750862,54,-3132
Stock Yield Enhancement Program Securities Lent Activity,Data,Stocks,USD,PICK,2026-07-10,New Loan Allocation, ,SLB.123890057,-12,696
Stock Yield Enhancement Program Securities Lent Activity,Data,Stocks,USD,PICK,2026-07-13,Loan Return Allocation, ,SLB.123890057,12,-696
Stock Yield Enhancement Program Securities Lent Activity,Data,Stocks,USD,PICK,2026-07-13,New Loan Allocation, ,SLB.123956082,-31,1829
Stock Yield Enhancement Program Securities Lent Activity,Data,Stocks,USD,PICK,2026-07-14,Loan Return Allocation, ,SLB.123956082,31,-1829
Stock Yield Enhancement Program Securities Lent Activity,Data,Stocks,USD,PICK,2026-07-14,New Loan Allocation, ,SLB.124024358,-79,4582
Stock Yield Enhancement Program Securities Lent Activity,Data,Stocks,USD,PICK,2026-07-15,Loan Return Allocation, ,SLB.124024358,79,-4582
Stock Yield Enhancement Program Securities Lent Activity,Data,Stocks,USD,PICK,2026-07-15,New Loan Allocation, ,SLB.124090787,-77,4620
Stock Yield Enhancement Program Securities Lent Activity,Data,Stocks,USD,PICK,2026-07-16,Loan Return Allocation, ,SLB.124090787,77,-4620
Stock Yield Enhancement Program Securities Lent Activity,Data,Stocks,USD,PICK,2026-07-16,New Loan Allocation, ,SLB.124159531,-73,4380
Stock Yield Enhancement Program Securities Lent Activity,Data,Stocks,USD,PICK,2026-07-17,Loan Return Allocation, ,SLB.124159531,73,-4380
Stock Yield Enhancement Program Securities Lent Activity,Data,Stocks,USD,PICK,2026-07-17,New Loan Allocation, ,SLB.124231309,-76,4408
Stock Yield Enhancement Program Securities Lent Activity,Data,Stocks,USD,PICK,2026-07-20,Loan Return Allocation, ,SLB.124231309,76,-4408
Stock Yield Enhancement Program Securities Lent Activity,Data,Stocks,USD,PICK,2026-07-20,New Loan Allocation, ,SLB.124231309,-68,3944
Stock Yield Enhancement Program Securities Lent Activity,Data,Stocks,USD,PICK,2026-07-21,Loan Return Allocation, ,SLB.124231309,68,-3944
Stock Yield Enhancement Program Securities Lent Activity,Data,Stocks,USD,PICK,2026-07-21,New Loan Allocation, ,SLB.124364804,-65,3770
Stock Yield Enhancement Program Securities Lent Activity,Data,Stocks,USD,PICK,2026-07-22,Loan Return Allocation, ,SLB.124364804,65,-3770
Stock Yield Enhancement Program Securities Lent Activity,Data,Stocks,USD,PICK,2026-07-22,New Loan Allocation, ,SLB.124434673,-75,4425
Stock Yield Enhancement Program Securities Lent Activity,Data,Stocks,USD,PICK,2026-07-23,Loan Return Allocation, ,SLB.124434673,75,-4425
Stock Yield Enhancement Program Securities Lent Activity,Data,Stocks,USD,PICK,2026-07-24,New Loan Allocation, ,SLB.124570099,-13,780
Stock Yield Enhancement Program Securities Lent Activity,Data,Stocks,USD,PICK,2026-07-27,Loan Return Allocation, ,SLB.124570099,13,-780
Stock Yield Enhancement Program Securities Lent Activity,Data,Stocks,USD,PICK,2026-07-27,New Loan Allocation, ,SLB.124636544,-71,4260
Stock Yield Enhancement Program Securities Lent Activity,Data,Stocks,USD,PICK,2026-07-28,Loan Return Allocation, ,SLB.124636544,71,-4260
Stock Yield Enhancement Program Securities Lent Activity,Data,Stocks,USD,PICK,2026-07-28,New Loan Allocation, ,SLB.124636544,-70,4200
Stock Yield Enhancement Program Securities Lent Activity,Data,Stocks,USD,PICK,2026-07-29,Loan Return Allocation, ,SLB.124636544,70,-4200
Stock Yield Enhancement Program Securities Lent Activity,Data,Stocks,USD,PICK,2026-07-29,New Loan Allocation, ,SLB.124770330,-42,2520
Stock Yield Enhancement Program Securities Lent Activity,Data,Stocks,USD,PICK,2026-07-30,Loan Return Allocation, ,SLB.124770330,42,-2520
Stock Yield Enhancement Program Securities Lent Activity,Data,Stocks,USD,PICK,2026-07-30,New Loan Allocation, ,SLB.124835937,-50,2950
Stock Yield Enhancement Program Securities Lent Activity,Data,Stocks,USD,PICK,2026-07-31,Loan Return Allocation, ,SLB.124835937,50,-2950
Stock Yield Enhancement Program Securities Lent Activity,Data,Stocks,USD,PICK,2026-07-31,New Loan Allocation, ,SLB.124835937,-33,2013
Stock Yield Enhancement Program Securities Lent Activity,Data,Stocks,USD,PICK,2026-08-03,Loan Return Allocation, ,SLB.124835937,33,-2013
Stock Yield Enhancement Program Securities Lent Activity,Data,Stocks,USD,PICK,2026-08-03,New Loan Allocation, ,SLB.124972485,-35,2135
Stock Yield Enhancement Program Securities Lent Activity,Data,Stocks,USD,PICK,2026-08-04,Loan Return Allocation, ,SLB.124972485,35,-2135
Stock Yield Enhancement Program Securities Lent Activity,Data,Stocks,USD,PICK,2026-08-04,New Loan Allocation, ,SLB.125044979,-46,2806
Stock Yield Enhancement Program Securities Lent Activity,Data,Stocks,USD,PICK,2026-08-05,Loan Return Allocation, ,SLB.125044979,46,-2806
Stock Yield Enhancement Program Securities Lent Activity,Data,Stocks,USD,PICK,2026-08-05,New Loan Allocation, ,SLB.125044979,-28,1792
Stock Yield Enhancement Program Securities Lent Activity,Data,Stocks,USD,PICK,2026-08-06,Loan Return Allocation, ,SLB.125044979,28,-1792
Stock Yield Enhancement Program Securities Lent Activity,Data,Stocks,USD,PICK,2026-08-06,New Loan Allocation, ,SLB.125184140,-42,2730
Stock Yield Enhancement Program Securities Lent Activity,Data,Stocks,USD,PICK,2026-08-07,Loan Return Allocation, ,SLB.125184140,42,-2730
Stock Yield Enhancement Program Securities Lent Activity,Data,Stocks,USD,PICK,2026-08-07,New Loan Allocation, ,SLB.125252330,-43,2752
Stock Yield Enhancement Program Securities Lent Activity,Data,Stocks,USD,PICK,2026-08-10,Loan Return Allocation, ,SLB.125252330,43,-2752
Stock Yield Enhancement Program Securities Lent Activity,Data,Stocks,USD,PICK,2026-08-10,New Loan Allocation, ,SLB.125322334,-60,3900
Stock Yield Enhancement Program Securities Lent Activity,Data,Stocks,USD,PICK,2026-08-11,Loan Return Allocation, ,SLB.125322334,60,-3900
Stock Yield Enhancement Program Securities Lent Activity,Data,Stocks,USD,PICK,2026-08-11,New Loan Allocation, ,SLB.125391389,-62,4092
Stock Yield Enhancement Program Securities Lent Activity,Data,Stocks,USD,PICK,2026-08-12,Loan Return Allocation, ,SLB.125391389,62,-4092
Stock Yield Enhancement Program Securities Lent Activity,Data,Stocks,USD,PICK,2026-08-12,New Loan Allocation, ,SLB.125391389,-47,3055
Stock Yield Enhancement Program Securities Lent Activity,Data,Stocks,USD,PICK,2026-08-13,Loan Return Allocation, ,SLB.125391389,47,-3055
Stock Yield Enhancement Program Securities Lent Activity,Data,Stocks,USD,PICK,2026-08-13,New Loan Allocation, ,SLB.125391389,-23,1495
Stock Yield Enhancement Program Securities Lent Activity,Data,Stocks,USD,PICK,2026-08-14,Loan Return Allocation, ,SLB.125391389,23,-1495
Stock Yield Enhancement Program Securities Lent Activity,Data,Stocks,USD,PICK,2026-08-14,New Loan Allocation, ,SLB.125602801,-60,3840
Stock Yield Enhancement Program Securities Lent Activity,Data,Stocks,USD,PICK,2026-08-17,Loan Return Allocation, ,SLB.125602801,60,-3840
Stock Yield Enhancement Program Securities Lent Activity,Data,Stocks,USD,PICK,2026-08-17,New Loan Allocation, ,SLB.125668508,-70,4480
Stock Yield Enhancement Program Securities Lent Activity,Data,Stocks,USD,PICK,2026-08-18,Loan Return Allocation, ,SLB.125668508,70,-4480
Stock Yield Enhancement Program Securities Lent Activity,Data,Stocks,USD,PICK,2026-08-18,New Loan Allocation, ,SLB.125668508,-12,780
Stock Yield Enhancement Program Securities Lent Activity,Data,Stocks,USD,PICK,2026-08-19,Loan Return Allocation, ,SLB.125668508,12,-780
Stock Yield Enhancement Program Securities Lent Activity,Data,Stocks,USD,PICK,2026-08-21,New Loan Allocation, ,SLB.125949559,-80,5200
Stock Yield Enhancement Program Securities Lent Activity,Data,Stocks,USD,PICK,2026-08-24,Loan Return Allocation, ,SLB.125949559,80,-5200
Stock Yield Enhancement Program Securities Lent Activity,Data,Stocks,USD,PICK,2026-08-24,New Loan Allocation, ,SLB.125949559,-33,2244
Stock Yield Enhancement Program Securities Lent Activity,Data,Stocks,USD,PICK,2026-08-25,Loan Return Allocation, ,SLB.125949559,33,-2244
Stock Yield Enhancement Program Securities Lent Activity,Data,Stocks,USD,PICK,2026-08-25,New Loan Allocation, ,SLB.126084813,-71,4828
Stock Yield Enhancement Program Securities Lent Activity,Data,Stocks,USD,PICK,2026-08-26,Loan Return Allocation, ,SLB.126084813,71,-4828
Stock Yield Enhancement Program Securities Lent Activity,Data,Stocks,USD,PICK,2026-08-26,New Loan Allocation, ,SLB.126152807,-76,5244
Stock Yield Enhancement Program Securities Lent Activity,Data,Stocks,USD,PICK,2026-08-27,Loan Return Allocation, ,SLB.126152807,76,-5244
Stock Yield Enhancement Program Securities Lent Activity,Data,Stocks,USD,PICK,2026-08-27,New Loan Allocation, ,SLB.126221343,-72,4896
Stock Yield Enhancement Program Securities Lent Activity,Data,Stocks,USD,PICK,2026-08-28,Loan Return Allocation, ,SLB.126221343,72,-4896
Stock Yield Enhancement Program Securities Lent Activity,Data,Stocks,USD,PICK,2026-08-28,New Loan Allocation, ,SLB.126293882,-78,5304
Stock Yield Enhancement Program Securities Lent Activity,Data,Stocks,USD,PICK,2026-08-31,Loan Return Allocation, ,SLB.126293882,78,-5304
Stock Yield Enhancement Program Securities Lent Activity,Data,Stocks,USD,PICK,2026-08-31,New Loan Allocation, ,SLB.126293882,-11,748
Stock Yield Enhancement Program Securities Lent Activity,Data,Stocks,USD,PICK,2026-09-01,Loan Return Allocation, ,SLB.126293882,11,-748
Stock Yield Enhancement Program Securities Lent Activity,Data,Stocks,USD,PICK,2026-09-01,New Loan Allocation, ,SLB.126430806,-22,1474
Stock Yield Enhancement Program Securities Lent Activity,Data,Stocks,USD,PICK,2026-09-02,Loan Return Allocation, ,SLB.126430806,22,-1474
Stock Yield Enhancement Program Securities Lent Activity,Data,Stocks,USD,PICK,2026-09-03,New Loan Allocation, ,SLB.126572330,-78,5226
Stock Yield Enhancement Program Securities Lent Activity,Data,Stocks,USD,PICK,2026-09-04,Loan Return Allocation, ,SLB.126572330,78,-5226
Stock Yield Enhancement Program Securities Lent Activity,Data,Stocks,USD,PICK,2026-09-04,New Loan Allocation, ,SLB.126572330,-28,1876
Stock Yield Enhancement Program Securities Lent Activity,Data,Stocks,USD,PICK,2026-09-07,Loan Return Allocation, ,SLB.126572330,28,-1876
Stock Yield Enhancement Program Securities Lent Activity,Data,Stocks,USD,PICK,2026-09-07,New Loan Allocation, ,SLB.126572330,-28,1876
Stock Yield Enhancement Program Securities Lent Activity,Data,Stocks,USD,PICK,2026-09-08,Loan Return Allocation, ,SLB.126572330,28,-1876
Stock Yield Enhancement Program Securities Lent Activity,Data,Stocks,USD,PICK,2026-09-08,New Loan Allocation, ,SLB.126760005,-29,1943
Stock Yield Enhancement Program Securities Lent Activity,Data,Stocks,USD,POW,2026-07-20,New Loan Allocation, ,SLB.124296539,-70,1960
Stock Yield Enhancement Program Securities Lent Activity,Data,Stocks,USD,POW,2026-07-21,Loan Return Allocation, ,SLB.124296539,70,-1960
Stock Yield Enhancement Program Securities Lent Activity,Data,Stocks,USD,POW,2026-07-22,New Loan Allocation, ,SLB.124410683,-24,672
Stock Yield Enhancement Program Securities Lent Activity,Data,Stocks,USD,POW,2026-07-23,Loan Return Allocation, ,SLB.124410683,24,-672
Stock Yield Enhancement Program Securities Lent Activity,Data,Stocks,USD,POW,2026-08-18,New Loan Allocation, ,SLB.125710401,-10,290
Stock Yield Enhancement Program Securities Lent Activity,Data,Stocks,USD,POW,2026-08-19,Loan Return Allocation, ,SLB.125710401,10,-290
Stock Yield Enhancement Program Securities Lent Activity,Data,Stocks,USD,POW,2026-08-28,New Loan Allocation, ,SLB.126259967,-20,540
Stock Yield Enhancement Program Securities Lent Activity,Data,Stocks,USD,POW,2026-08-31,Loan Return Allocation, ,SLB.126259967,20,-540
Stock Yield Enhancement Program Securities Lent Activity,Data,Stocks,USD,POW,2026-08-31,New Loan Allocation, ,SLB.126259967,-19,513
Stock Yield Enhancement Program Securities Lent Activity,Data,Stocks,USD,POW,2026-09-01,Loan Return Allocation, ,SLB.126259967,19,-513
Stock Yield Enhancement Program Securities Lent Activity,Data,Stocks,USD,RACE,2026-07-01,New Loan Allocation, ,SLB.123419905,-3,1140
Stock Yield Enhancement Program Securities Lent Activity,Data,Stocks,USD,RACE,2026-07-02,Loan Return Allocation, ,SLB.123419905,3,-1140
Stock Yield Enhancement Program Securities Lent Activity,Data,Stocks,USD,RACE,2026-07-02,New Loan Allocation, ,SLB.123490581,-3,1149
Stock Yield Enhancement Program Securities Lent Activity,Data,Stocks,USD,RACE,2026-07-03,Loan Return Allocation, ,SLB.123490581,3,-1149
Stock Yield Enhancement Program Securities Lent Activity,Data,Stocks,USD,RACE,2026-07-06,New Loan Allocation, ,SLB.123610873,-3,1179
Stock Yield Enhancement Program Securities Lent Activity,Data,Stocks,USD,RACE,2026-07-07,Loan Return Allocation, ,SLB.123610873,3,-1179
Stock Yield Enhancement Program Securities Lent Activity,Data,Stocks,USD,RACE,2026-07-07,New Loan Allocation, ,SLB.123610873,-3,1200
Stock Yield Enhancement Program Securities Lent Activity,Data,Stocks,USD,RACE,2026-07-08,Loan Return Allocation, ,SLB.123610873,3,-1200
Stock Yield Enhancement Program Securities Lent Activity,Data,Stocks,USD,RACE,2026-07-10,New Loan Allocation, ,SLB.123890850,-3,1149
Stock Yield Enhancement Program Securities Lent Activity,Data,Stocks,USD,RACE,2026-07-13,Loan Return Allocation, ,SLB.123890850,3,-1149
Stock Yield Enhancement Program Securities Lent Activity,Data,Stocks,USD,RACE,2026-07-14,New Loan Allocation, ,SLB.124024664,-3,1143
Stock Yield Enhancement Program Securities Lent Activity,Data,Stocks,USD,RACE,2026-07-15,Loan Return Allocation, ,SLB.124024664,3,-1143
Stock Yield Enhancement Program Securities Lent Activity,Data,Stocks,USD,RACE,2026-07-15,New Loan Allocation, ,SLB.124092211,-7,2639
Stock Yield Enhancement Program Securities Lent Activity,Data,Stocks,USD,RACE,2026-07-16,Loan Return Allocation, ,SLB.124092211,7,-2639
Stock Yield Enhancement Program Securities Lent Activity,Data,Stocks,USD,RACE,2026-07-16,New Loan Allocation, ,SLB.124159690,-7,2688
Stock Yield Enhancement Program Securities Lent Activity,Data,Stocks,USD,RACE,2026-07-17,Loan Return Allocation, ,SLB.124159690,7,-2688
Stock Yield Enhancement Program Securities Lent Activity,Data,Stocks,USD,RACE,2026-07-17,New Loan Allocation, ,SLB.124230718,-7,2737
Stock Yield Enhancement Program Securities Lent Activity,Data,Stocks,USD,RACE,2026-07-20,Loan Return Allocation, ,SLB.124230718,7,-2737
Stock Yield Enhancement Program Securities Lent Activity,Data,Stocks,USD,RACE,2026-07-20,New Loan Allocation, ,SLB.124296519,-7,2695
Stock Yield Enhancement Program Securities Lent Activity,Data,Stocks,USD,RACE,2026-07-21,Loan Return Allocation, ,SLB.124296519,7,-2695
Stock Yield Enhancement Program Securities Lent Activity,Data,Stocks,USD,RACE,2026-07-21,New Loan Allocation, ,SLB.124296519,-7,2653
Stock Yield Enhancement Program Securities Lent Activity,Data,Stocks,USD,RACE,2026-07-22,Loan Return Allocation, ,SLB.124296519,7,-2653
Stock Yield Enhancement Program Securities Lent Activity,Data,Stocks,USD,RACE,2026-07-22,New Loan Allocation, ,SLB.124434194,-7,2646
Stock Yield Enhancement Program Securities Lent Activity,Data,Stocks,USD,RACE,2026-07-23,Loan Return Allocation, ,SLB.124434194,7,-2646
Stock Yield Enhancement Program Securities Lent Activity,Data,Stocks,USD,RACE,2026-07-23,New Loan Allocation, ,SLB.124501254,-7,2660
Stock Yield Enhancement Program Securities Lent Activity,Data,Stocks,USD,RACE,2026-07-24,Loan Return Allocation, ,SLB.124501254,7,-2660
Stock Yield Enhancement Program Securities Lent Activity,Data,Stocks,USD,RACE,2026-07-27,New Loan Allocation, ,SLB.124635899,-7,2576
Stock Yield Enhancement Program Securities Lent Activity,Data,Stocks,USD,RACE,2026-07-28,Loan Return Allocation, ,SLB.124635899,7,-2576
Stock Yield Enhancement Program Securities Lent Activity,Data,Stocks,USD,RACE,2026-07-29,New Loan Allocation, ,SLB.124770086,-7,2786
Stock Yield Enhancement Program Securities Lent Activity,Data,Stocks,USD,RACE,2026-07-30,Loan Return Allocation, ,SLB.124770086,7,-2786
Stock Yield Enhancement Program Securities Lent Activity,Data,Stocks,USD,RACE,2026-07-30,New Loan Allocation, ,SLB.124770086,-7,2758
Stock Yield Enhancement Program Securities Lent Activity,Data,Stocks,USD,RACE,2026-07-31,Loan Return Allocation, ,SLB.124770086,7,-2758
Stock Yield Enhancement Program Securities Lent Activity,Data,Stocks,USD,RACE,2026-07-31,New Loan Allocation, ,SLB.124907694,-7,2842
Stock Yield Enhancement Program Securities Lent Activity,Data,Stocks,USD,RACE,2026-08-03,Loan Return Allocation, ,SLB.124907694,7,-2842
Stock Yield Enhancement Program Securities Lent Activity,Data,Stocks,USD,RACE,2026-08-05,New Loan Allocation, ,SLB.125113285,-9,3699
Stock Yield Enhancement Program Securities Lent Activity,Data,Stocks,USD,RACE,2026-08-06,Loan Return Allocation, ,SLB.125113285,9,-3699
Stock Yield Enhancement Program Securities Lent Activity,Data,Stocks,USD,RACE,2026-08-06,New Loan Allocation, ,SLB.125184722,-10,4150
Stock Yield Enhancement Program Securities Lent Activity,Data,Stocks,USD,RACE,2026-08-07,Loan Return Allocation, ,SLB.125184722,10,-4150
Stock Yield Enhancement Program Securities Lent Activity,Data,Stocks,USD,RACE,2026-08-07,New Loan Allocation, ,SLB.125253845,-10,4160
Stock Yield Enhancement Program Securities Lent Activity,Data,Stocks,USD,RACE,2026-08-10,Loan Return Allocation, ,SLB.125253845,10,-4160
Stock Yield Enhancement Program Securities Lent Activity,Data,Stocks,USD,RACE,2026-08-17,New Loan Allocation, ,SLB.125668432,-8,3392
Stock Yield Enhancement Program Securities Lent Activity,Data,Stocks,USD,RACE,2026-08-18,Loan Return Allocation, ,SLB.125668432,8,-3392
Stock Yield Enhancement Program Securities Lent Activity,Data,Stocks,USD,RACE,2026-08-18,New Loan Allocation, ,SLB.125737044,-10,4260
Stock Yield Enhancement Program Securities Lent Activity,Data,Stocks,USD,RACE,2026-08-19,Loan Return Allocation, ,SLB.125737044,10,-4260
Stock Yield Enhancement Program Securities Lent Activity,Data,Stocks,USD,RACE,2026-08-19,New Loan Allocation, ,SLB.125807691,-8,3368
Stock Yield Enhancement Program Securities Lent Activity,Data,Stocks,USD,RACE,2026-08-20,Loan Return Allocation, ,SLB.125807691,8,-3368
Stock Yield Enhancement Program Securities Lent Activity,Data,Stocks,USD,RACE,2026-08-20,New Loan Allocation, ,SLB.125876260,-10,4340
Stock Yield Enhancement Program Securities Lent Activity,Data,Stocks,USD,RACE,2026-08-21,Loan Return Allocation, ,SLB.125876260,10,-4340
Stock Yield Enhancement Program Securities Lent Activity,Data,Stocks,USD,RACE,2026-08-21,New Loan Allocation, ,SLB.125948642,-10,4370
Stock Yield Enhancement Program Securities Lent Activity,Data,Stocks,USD,RACE,2026-08-24,Loan Return Allocation, ,SLB.125948642,10,-4370
Stock Yield Enhancement Program Securities Lent Activity,Data,Stocks,USD,RACE,2026-08-24,New Loan Allocation, ,SLB.125948642,-10,4460
Stock Yield Enhancement Program Securities Lent Activity,Data,Stocks,USD,RACE,2026-08-25,Loan Return Allocation, ,SLB.125948642,10,-4460
Stock Yield Enhancement Program Securities Lent Activity,Data,Stocks,USD,RACE,2026-08-25,New Loan Allocation, ,SLB.126084737,-10,4330
Stock Yield Enhancement Program Securities Lent Activity,Data,Stocks,USD,RACE,2026-08-26,Loan Return Allocation, ,SLB.126084737,10,-4330
Stock Yield Enhancement Program Securities Lent Activity,Data,Stocks,USD,RACE,2026-08-26,New Loan Allocation, ,SLB.126084737,-10,4310
Stock Yield Enhancement Program Securities Lent Activity,Data,Stocks,USD,RACE,2026-08-27,Loan Return Allocation, ,SLB.126084737,10,-4310
Stock Yield Enhancement Program Securities Lent Activity,Data,Stocks,USD,RACE,2026-08-27,New Loan Allocation, ,SLB.126221177,-10,4220
Stock Yield Enhancement Program Securities Lent Activity,Data,Stocks,USD,RACE,2026-08-28,Loan Return Allocation, ,SLB.126221177,10,-4220
Stock Yield Enhancement Program Securities Lent Activity,Data,Stocks,USD,RACE,2026-08-28,New Loan Allocation, ,SLB.126293639,-10,4230
Stock Yield Enhancement Program Securities Lent Activity,Data,Stocks,USD,RACE,2026-08-31,Loan Return Allocation, ,SLB.126293639,10,-4230
Stock Yield Enhancement Program Securities Lent Activity,Data,Stocks,USD,RACE,2026-08-31,New Loan Allocation, ,SLB.126293639,-10,4290
Stock Yield Enhancement Program Securities Lent Activity,Data,Stocks,USD,RACE,2026-09-01,Loan Return Allocation, ,SLB.126293639,10,-4290
Stock Yield Enhancement Program Securities Lent Activity,Data,Stocks,USD,RACE,2026-09-01,New Loan Allocation, ,SLB.126293639,-9,3888
Stock Yield Enhancement Program Securities Lent Activity,Data,Stocks,USD,RACE,2026-09-02,Loan Return Allocation, ,SLB.126293639,9,-3888
Stock Yield Enhancement Program Securities Lent Activity,Data,Stocks,USD,RACE,2026-09-02,New Loan Allocation, ,SLB.126502640,-10,4190
Stock Yield Enhancement Program Securities Lent Activity,Data,Stocks,USD,RACE,2026-09-03,Loan Return Allocation, ,SLB.126502640,10,-4190
Stock Yield Enhancement Program Securities Lent Activity,Data,Stocks,USD,RACE,2026-09-03,New Loan Allocation, ,SLB.126502640,-9,3798
Stock Yield Enhancement Program Securities Lent Activity,Data,Stocks,USD,RACE,2026-09-04,Loan Return Allocation, ,SLB.126502640,9,-3798
Stock Yield Enhancement Program Securities Lent Activity,Data,Stocks,USD,RACE,2026-09-04,New Loan Allocation, ,SLB.126644208,-10,4270
Stock Yield Enhancement Program Securities Lent Activity,Data,Stocks,USD,RACE,2026-09-07,Loan Return Allocation, ,SLB.126644208,10,-4270
Stock Yield Enhancement Program Securities Lent Activity,Data,Stocks,USD,RACE,2026-09-07,New Loan Allocation, ,SLB.126644208,-10,4190
Stock Yield Enhancement Program Securities Lent Activity,Data,Stocks,USD,RACE,2026-09-08,Loan Return Allocation, ,SLB.126644208,10,-4190
Stock Yield Enhancement Program Securities Lent Activity,Data,Stocks,USD,RACE,2026-09-08,New Loan Allocation, ,SLB.126761104,-10,4190
Stock Yield Enhancement Program Securities Lent Activity,Data,Stocks,USD,TIP,2026-06-22,New Loan Allocation, ,SLB.122901348,-39,4368
Stock Yield Enhancement Program Securities Lent Activity,Data,Stocks,USD,TIP,2026-06-23,Loan Return Allocation, ,SLB.122901348,39,-4368
Stock Yield Enhancement Program Securities Lent Activity,Data,Total,,,,,,,,439
Stock Yield Enhancement Program Securities Lent Activity,Notes,"Important Notice re: SIPC Protection for Loans of Fully Paid and Excess Margin Securities:  Please be aware that if you execute loans of your fully paid or excess margin securities, the  provisions of the Securities Investor Protection Act of 1970 may not protect you with respect to the securities loan transaction.  Therefore, the collateral value credited to your account by Interactive Brokers (see above) may constitute the only source of satisfaction in the event that Interactive Brokers cannot return the securities."
Stock Yield Enhancement Program Securities Lent Fee Earned Details,Header,Currency,Value Date,Symbol,Start Date,Quantity,Collateral Amount,Market-based Rate (%),SYEP Rate on Customer Collateral (%),SYEP Fee Earned by Customer,Code
Stock Yield Enhancement Program Securities Lent Fee Earned Details,Data,EUR,2026-05-22,CNUA,2026-05-22,-8,1293.6,5.66,2.83,0.1,Po
Stock Yield Enhancement Program Securities Lent Fee Earned Details,Data,EUR,2026-05-23,CNUA,2026-05-22,-8,1293.6,5.66,2.83,0.1,Po
Stock Yield Enhancement Program Securities Lent Fee Earned Details,Data,EUR,2026-05-24,CNUA,2026-05-22,-8,1293.6,5.66,2.83,0.1,Po
Stock Yield Enhancement Program Securities Lent Fee Earned Details,Data,EUR,2026-05-25,CNUA,2026-05-25,-8,1305.192,5.66,2.83,0.11,Po
Stock Yield Enhancement Program Securities Lent Fee Earned Details,Data,EUR,2026-05-26,CNUA,2026-05-26,-8,1319.472,5.66,2.83,0.11,Po
Stock Yield Enhancement Program Securities Lent Fee Earned Details,Data,EUR,2026-05-27,CNUA,2026-05-27,-8,1324.68,5.66,2.83,0.11,Po
Stock Yield Enhancement Program Securities Lent Fee Earned Details,Data,EUR,2026-05-28,CNUA,2026-05-28,-8,1315.944,5.66,2.83,0.11,Po
Stock Yield Enhancement Program Securities Lent Fee Earned Details,Data,EUR,2026-05-29,CNUA,2026-05-29,-8,1320.984,5.66,2.83,0.11,Po
Stock Yield Enhancement Program Securities Lent Fee Earned Details,Data,EUR,2026-05-30,CNUA,2026-05-29,-8,1320.984,5.66,2.83,0.11,Po
Stock Yield Enhancement Program Securities Lent Fee Earned Details,Data,EUR,2026-05-31,CNUA,2026-05-29,-8,1320.984,5.66,2.83,0.11,Po
Stock Yield Enhancement Program Securities Lent Fee Earned Details,Data,EUR,2026-06-01,CNUA,2026-06-01,-8,1316.952,5.66,2.83,0.11,Po
Stock Yield Enhancement Program Securities Lent Fee Earned Details,Data,EUR,2026-06-02,CNUA,2026-06-02,-8,1305.696,5.66,2.83,0.11,Po
Stock Yield Enhancement Program Securities Lent Fee Earned Details,Data,EUR,2026-06-03,CNUA,2026-06-03,-8,1321.152,5.66,2.83,0.11,Po
Stock Yield Enhancement Program Securities Lent Fee Earned Details,Data,EUR,2026-06-04,CNUA,2026-06-04,-8,1319.472,5.66,2.83,0.11,Po
Stock Yield Enhancement Program Securities Lent Fee Earned Details,Data,EUR,2026-06-05,CNUA,2026-06-05,-8,1319.136,5.66,2.83,0.11,Po
Stock Yield Enhancement Program Securities Lent Fee Earned Details,Data,EUR,2026-06-06,CNUA,2026-06-05,-8,1319.136,5.66,2.83,0.11,Po
Stock Yield Enhancement Program Securities Lent Fee Earned Details,Data,EUR,2026-06-07,CNUA,2026-06-05,-8,1319.136,5.66,2.83,0.11,Po
Stock Yield Enhancement Program Securities Lent Fee Earned Details,Data,EUR,2026-06-08,CNUA,2026-06-08,-8,1291.92,5.66,2.83,0.1,Po
Stock Yield Enhancement Program Securities Lent Fee Earned Details,Data,EUR,2026-06-09,CNUA,2026-06-09,-8,1278.648,5.66,2.83,0.1,Po
Stock Yield Enhancement Program Securities Lent Fee Earned Details,Data,EUR,2026-06-10,CNUA,2026-06-10,-8,1284.192,5.66,2.83,0.1,Po
Stock Yield Enhancement Program Securities Lent Fee Earned Details,Data,EUR,2026-07-03,QUTM,2026-07-03,-48,1329.552,1.84,0.92,0.04,Po
Stock Yield Enhancement Program Securities Lent Fee Earned Details,Data,EUR,2026-07-04,QUTM,2026-07-03,-48,1329.552,1.84,0.92,0.04,Po
Stock Yield Enhancement Program Securities Lent Fee Earned Details,Data,EUR,2026-07-05,QUTM,2026-07-03,-48,1329.552,1.84,0.92,0.04,Po
Stock Yield Enhancement Program Securities Lent Fee Earned Details,Data,EUR,2026-07-06,QUTM,2026-07-06,-48,1334.088,1.84,0.92,0.04,Po
Stock Yield Enhancement Program Securities Lent Fee Earned Details,Data,EUR,2026-07-07,QUTM,2026-07-07,-48,1348.704,1.84,0.92,0.04,Po
Stock Yield Enhancement Program Securities Lent Fee Earned Details,Data,EUR,2026-07-08,QUTM,2026-07-08,-48,1292.76,1.81,0.91,0.03,Po
Stock Yield Enhancement Program Securities Lent Fee Earned Details,Data,EUR,2026-07-09,CNUA,2026-07-09,-8,1302.336,5.66,2.83,0.1,Po
Stock Yield Enhancement Program Securities Lent Fee Earned Details,Data,EUR,2026-07-09,QUTM,2026-07-09,-48,1278.648,1.83,0.92,0.03,Po
Stock Yield Enhancement Program Securities Lent Fee Earned Details,Data,EUR,2026-07-10,CNUA,2026-07-10,-8,1347.696,5.66,2.83,0.11,Po
Stock Yield Enhancement Program Securities Lent Fee Earned Details,Data,EUR,2026-07-10,QUTM,2026-07-10,-50,1351.615,1.83,0.92,0.04,Po
Stock Yield Enhancement Program Securities Lent Fee Earned Details,Data,EUR,2026-07-11,CNUA,2026-07-10,-8,1347.696,5.66,2.83,0.11,Po
Stock Yield Enhancement Program Securities Lent Fee Earned Details,Data,EUR,2026-07-11,QUTM,2026-07-10,-50,1351.615,1.83,0.92,0.04,Po
Stock Yield Enhancement Program Securities Lent Fee Earned Details,Data,EUR,2026-07-12,CNUA,2026-07-10,-8,1347.696,5.66,2.83,0.11,Po
Stock Yield Enhancement Program Securities Lent Fee Earned Details,Data,EUR,2026-07-12,QUTM,2026-07-10,-50,1351.615,1.83,0.92,0.04,Po
Stock Yield Enhancement Program Securities Lent Fee Earned Details,Data,EUR,2026-07-24,QUTM,2026-07-24,-34,839.8442,1.04,0.52,0.01,Po
Stock Yield Enhancement Program Securities Lent Fee Earned Details,Data,EUR,2026-07-25,QUTM,2026-07-24,-34,839.8442,1.04,0.52,0.01,Po
Stock Yield Enhancement Program Securities Lent Fee Earned Details,Data,EUR,2026-07-26,QUTM,2026-07-24,-34,839.8442,1.04,0.52,0.01,Po
Stock Yield Enhancement Program Securities Lent Fee Earned Details,Data,EUR,2026-07-30,QUTM,2026-07-30,-4,97.2932,1.43,0.72,0.01,Po
Stock Yield Enhancement Program Securities Lent Fee Earned Details,Data,EUR,2026-07-30,QUTM,2026-07-30,-9,218.9097,1.43,0.72,0.01,Po
Stock Yield Enhancement Program Securities Lent Fee Earned Details,Data,EUR,2026-07-30,QUTM,2026-07-30,-16,389.1728,1.43,0.72,0.01,Po
Stock Yield Enhancement Program Securities Lent Fee Earned Details,Data,EUR,2026-07-31,QUTM,2026-07-31,-28,701.3384,1.43,0.72,0.02,Po
Stock Yield Enhancement Program Securities Lent Fee Earned Details,Data,EUR,2026-08-01,QUTM,2026-07-31,-28,701.3384,1.43,0.72,0.02,Po
Stock Yield Enhancement Program Securities Lent Fee Earned Details,Data,EUR,2026-08-02,QUTM,2026-07-31,-28,701.3384,1.43,0.72,0.02,Po
Stock Yield Enhancement Program Securities Lent Fee Earned Details,Data,EUR,2026-08-03,QUTM,2026-08-03,-28,712.656,1.43,0.72,0.02,Po
Stock Yield Enhancement Program Securities Lent Fee Earned Details,Data,EUR,2026-08-04,QUTM,2026-08-04,-25,653.3625,1.43,0.72,0.02,Po
Stock Yield Enhancement Program Securities Lent Fee Earned Details,Data,EUR,2026-08-06,QUTM,2026-08-06,-26,696.15,1.54,0.77,0.02,Po
Stock Yield Enhancement Program Securities Lent Fee Earned Details,Data,EUR,2026-08-06,QUTM,2026-08-06,-23,615.825,1.54,0.77,0.02,Po
Stock Yield Enhancement Program Securities Lent Fee Earned Details,Data,EUR,2026-08-07,QUTM,2026-08-07,-53,1411.0084,1.58,0.79,0.03,Po
Stock Yield Enhancement Program Securities Lent Fee Earned Details,Data,EUR,2026-08-07,QUTM,2026-08-07,-13,346.0964,1.58,0.79,0.01,Po
Stock Yield Enhancement Program Securities Lent Fee Earned Details,Data,EUR,2026-08-08,QUTM,2026-08-07,-53,1411.0084,1.58,0.79,0.03,Po
Stock Yield Enhancement Program Securities Lent Fee Earned Details,Data,EUR,2026-08-08,QUTM,2026-08-07,-13,346.0964,1.58,0.79,0.01,Po
Stock Yield Enhancement Program Securities Lent Fee Earned Details,Data,EUR,2026-08-09,QUTM,2026-08-07,-53,1411.0084,1.58,0.79,0.03,Po
Stock Yield Enhancement Program Securities Lent Fee Earned Details,Data,EUR,2026-08-09,QUTM,2026-08-07,-13,346.0964,1.58,0.79,0.01,Po
Stock Yield Enhancement Program Securities Lent Fee Earned Details,Data,EUR,2026-08-26,QUTM,2026-08-26,-74,1937.061,1.61,0.81,0.05,Po
Stock Yield Enhancement Program Securities Lent Fee Earned Details,Data,EUR,2026-08-27,QUTM,2026-08-27,-70,1831.991,1.58,0.79,0.04,Po
Stock Yield Enhancement Program Securities Lent Fee Earned Details,Data,Total,,,,,,,,3.36
Stock Yield Enhancement Program Securities Lent Fee Earned Details,Data,Total in USD,,,,,,,,3.872986
Stock Yield Enhancement Program Securities Lent Fee Earned Details,Data,HKD,2026-03-30,3069,2026-03-30,-458,7040.376002,5.21,2.61,0.51,Po
Stock Yield Enhancement Program Securities Lent Fee Earned Details,Data,HKD,2026-03-31,3069,2026-03-31,-471,7225.375498,5.62,2.81,0.57,Po
Stock Yield Enhancement Program Securities Lent Fee Earned Details,Data,HKD,2026-04-01,3069,2026-04-01,-440,6772.92,5.79,2.9,0.55,Po
Stock Yield Enhancement Program Securities Lent Fee Earned Details,Data,HKD,2026-04-02,3069,2026-04-02,-431,7055.254502,5.64,2.82,0.56,Po
Stock Yield Enhancement Program Securities Lent Fee Earned Details,Data,HKD,2026-04-03,3069,2026-04-03,-445,7284.427497,5.64,2.82,0.57,Po
Stock Yield Enhancement Program Securities Lent Fee Earned Details,Data,HKD,2026-04-04,3069,2026-04-03,-445,7284.427497,5.64,2.82,0.57,Po
Stock Yield Enhancement Program Securities Lent Fee Earned Details,Data,HKD,2026-04-05,3069,2026-04-03,-445,7284.427497,5.64,2.82,0.57,Po
Stock Yield Enhancement Program Securities Lent Fee Earned Details,Data,HKD,2026-04-06,3069,2026-04-06,-471,7710.034497,5.64,2.82,0.61,Po
Stock Yield Enhancement Program Securities Lent Fee Earned Details,Data,HKD,2026-04-07,3069,2026-04-07,-476,7791.881998,5.64,2.82,0.61,Po
Stock Yield Enhancement Program Securities Lent Fee Earned Details,Data,HKD,2026-04-08,3069,2026-04-08,-534,8791.776,5.24,2.62,0.64,Po
Stock Yield Enhancement Program Securities Lent Fee Earned Details,Data,HKD,2026-04-09,3069,2026-04-09,-470,7668.990002,5.56,2.78,0.59,Po
Stock Yield Enhancement Program Securities Lent Fee Earned Details,Data,HKD,2026-04-10,3069,2026-04-10,-463,7496.433004,5.63,2.82,0.59,Po
Stock Yield Enhancement Program Securities Lent Fee Earned Details,Data,HKD,2026-04-11,3069,2026-04-10,-463,7496.433004,5.63,2.82,0.59,Po
Stock Yield Enhancement Program Securities Lent Fee Earned Details,Data,HKD,2026-04-12,3069,2026-04-10,-463,7496.433004,5.63,2.82,0.59,Po
Stock Yield Enhancement Program Securities Lent Fee Earned Details,Data,HKD,2026-04-13,3069,2026-04-13,-407,6623.925,5.52,2.76,0.51,Po
Stock Yield Enhancement Program Securities Lent Fee Earned Details,Data,HKD,2026-04-14,3069,2026-04-14,-394,6317.199002,5.65,2.83,0.5,Po
Stock Yield Enhancement Program Securities Lent Fee Earned Details,Data,HKD,2026-04-15,3069,2026-04-15,-379,6128.43,5.83,2.92,0.5,Po
Stock Yield Enhancement Program Securities Lent Fee Earned Details,Data,HKD,2026-04-16,3069,2026-04-16,-399,6703.2,5.54,2.77,0.52,Po
Stock Yield Enhancement Program Securities Lent Fee Earned Details,Data,HKD,2026-04-17,3069,2026-04-17,-416,7098,5.52,2.76,0.55,Po
Stock Yield Enhancement Program Securities Lent Fee Earned Details,Data,HKD,2026-04-18,3069,2026-04-17,-416,7098,5.52,2.76,0.55,Po
Stock Yield Enhancement Program Securities Lent Fee Earned Details,Data,HKD,2026-04-19,3069,2026-04-17,-416,7098,5.52,2.76,0.55,Po
Stock Yield Enhancement Program Securities Lent Fee Earned Details,Data,HKD,2026-04-20,3069,2026-04-20,-347,5825.9565,5.55,2.78,0.45,Po
Stock Yield Enhancement Program Securities Lent Fee Earned Details,Data,HKD,2026-04-21,3069,2026-04-21,-303,5029.951503,5.56,2.78,0.39,Po
Stock Yield Enhancement Program Securities Lent Fee Earned Details,Data,HKD,2026-04-22,3069,2026-04-22,-379,6227.9175,5.56,2.78,0.48,Po
Stock Yield Enhancement Program Securities Lent Fee Earned Details,Data,HKD,2026-04-23,3069,2026-04-23,-385,6269.917504,5.37,2.69,0.47,Po
Stock Yield Enhancement Program Securities Lent Fee Earned Details,Data,HKD,2026-04-24,3069,2026-04-24,-394,6143.445002,5.71,2.86,0.49,Po
Stock Yield Enhancement Program Securities Lent Fee Earned Details,Data,HKD,2026-04-25,3069,2026-04-24,-394,6143.445002,5.71,2.86,0.49,Po
Stock Yield Enhancement Program Securities Lent Fee Earned Details,Data,HKD,2026-04-26,3069,2026-04-24,-394,6143.445002,5.71,2.86,0.49,Po
Stock Yield Enhancement Program Securities Lent Fee Earned Details,Data,HKD,2026-04-27,3069,2026-04-27,-327,5184.585005,5.5,2.75,0.4,Po
Stock Yield Enhancement Program Securities Lent Fee Earned Details,Data,HKD,2026-04-28,3069,2026-04-28,-337,5236.98,5.63,2.82,0.41,Po
Stock Yield Enhancement Program Securities Lent Fee Earned Details,Data,HKD,2026-04-29,3069,2026-04-29,-419,6520.058999,5.12,2.56,0.47,Po
Stock Yield Enhancement Program Securities Lent Fee Earned Details,Data,HKD,2026-04-30,3069,2026-04-30,-486,7567.748997,5.6,2.8,0.59,Po
Stock Yield Enhancement Program Securities Lent Fee Earned Details,Data,HKD,2026-05-01,3069,2026-05-01,-444,6913.746004,5.6,2.8,0.54,Po
Stock Yield Enhancement Program Securities Lent Fee Earned Details,Data,HKD,2026-05-02,3069,2026-05-01,-444,6913.746004,5.6,2.8,0.54,Po
Stock Yield Enhancement Program Securities Lent Fee Earned Details,Data,HKD,2026-05-03,3069,2026-05-01,-444,6913.746004,5.6,2.8,0.54,Po
Stock Yield Enhancement Program Securities Lent Fee Earned Details,Data,HKD,2026-05-04,3069,2026-05-04,-196,3041.724002,5.65,2.83,0.24,Po
Stock Yield Enhancement Program Securities Lent Fee Earned Details,Data,HKD,2026-05-05,3069,2026-05-05,-223,3481.8105,5.56,2.78,0.27,Po
Stock Yield Enhancement Program Securities Lent Fee Earned Details,Data,HKD,2026-05-06,3069,2026-05-06,-153,2366.374499,5.61,2.81,0.19,Po
Stock Yield Enhancement Program Securities Lent Fee Earned Details,Data,HKD,2026-05-07,3069,2026-05-07,-110,1697.85,5.63,2.82,0.14,Po
Stock Yield Enhancement Program Securities Lent Fee Earned Details,Data,HKD,2026-05-08,3069,2026-05-08,-289,4548.715496,5.53,2.77,0.35,Po
Stock Yield Enhancement Program Securities Lent Fee Earned Details,Data,HKD,2026-05-09,3069,2026-05-08,-289,4548.715496,5.53,2.77,0.35,Po
Stock Yield Enhancement Program Securities Lent Fee Earned Details,Data,HKD,2026-05-10,3069,2026-05-08,-289,4548.715496,5.53,2.77,0.35,Po
Stock Yield Enhancement Program Securities Lent Fee Earned Details,Data,HKD,2026-05-11,3069,2026-05-11,-290,4497.465003,5.61,2.81,0.35,Po
Stock Yield Enhancement Program Securities Lent Fee Earned Details,Data,HKD,2026-05-12,3069,2026-05-12,-306,4739.174997,5.6,2.8,0.37,Po
Stock Yield Enhancement Program Securities Lent Fee Earned Details,Data,HKD,2026-05-13,3069,2026-05-13,-296,4568.76,5.55,2.78,0.35,Po
Stock Yield Enhancement Program Securities Lent Fee Earned Details,Data,HKD,2026-05-14,3069,2026-05-14,-301,4592.206499,5.49,2.75,0.35,Po
Stock Yield Enhancement Program Securities Lent Fee Earned Details,Data,HKD,2026-05-15,3069,2026-05-15,-308,4598.748002,5.51,2.76,0.35,Po
Stock Yield Enhancement Program Securities Lent Fee Earned Details,Data,HKD,2026-05-16,3069,2026-05-15,-308,4598.748002,5.51,2.76,0.35,Po
Stock Yield Enhancement Program Securities Lent Fee Earned Details,Data,HKD,2026-05-17,3069,2026-05-15,-308,4598.748002,5.51,2.76,0.35,Po
Stock Yield Enhancement Program Securities Lent Fee Earned Details,Data,HKD,2026-05-18,3069,2026-05-18,-304,4452.84,5.49,2.75,0.34,Po
Stock Yield Enhancement Program Securities Lent Fee Earned Details,Data,HKD,2026-05-19,3069,2026-05-19,-314,4500.405003,5.55,2.78,0.35,Po
Stock Yield Enhancement Program Securities Lent Fee Earned Details,Data,HKD,2026-05-20,3069,2026-05-20,-416,5892.432005,5.63,2.82,0.46,Po
Stock Yield Enhancement Program Securities Lent Fee Earned Details,Data,HKD,2026-05-21,3069,2026-05-21,-434,6165.621005,5.7,2.85,0.49,Po
Stock Yield Enhancement Program Securities Lent Fee Earned Details,Data,HKD,2026-05-22,3069,2026-05-22,-432,6227.928,5.62,2.81,0.49,Po
Stock Yield Enhancement Program Securities Lent Fee Earned Details,Data,HKD,2026-05-23,3069,2026-05-22,-432,6227.928,5.62,2.81,0.49,Po
Stock Yield Enhancement Program Securities Lent Fee Earned Details,Data,HKD,2026-05-24,3069,2026-05-22,-432,6227.928,5.62,2.81,0.49,Po
Stock Yield Enhancement Program Securities Lent Fee Earned Details,Data,HKD,2026-05-25,3069,2026-05-25,-429,6184.678495,5.62,2.81,0.49,Po
Stock Yield Enhancement Program Securities Lent Fee Earned Details,Data,HKD,2026-05-26,3069,2026-05-26,-431,6222.562497,5.58,2.79,0.48,Po
Stock Yield Enhancement Program Securities Lent Fee Earned Details,Data,HKD,2026-05-26,3069,2026-05-26,-1,14.437505,5.58,2.79,0.01,Po
Stock Yield Enhancement Program Securities Lent Fee Earned Details,Data,HKD,2026-05-27,3069,2026-05-27,-493,7076.275501,5.54,2.77,0.55,Po
Stock Yield Enhancement Program Securities Lent Fee Earned Details,Data,HKD,2026-05-28,3069,2026-05-28,-455,6454.402497,4.8,2.4,0.43,Po
Stock Yield Enhancement Program Securities Lent Fee Earned Details,Data,HKD,2026-05-29,3069,2026-05-29,-485,6620.25,5.9,2.95,0.54,Po
Stock Yield Enhancement Program Securities Lent Fee Earned Details,Data,HKD,2026-05-30,3069,2026-05-29,-485,6620.25,5.9,2.95,0.54,Po
Stock Yield Enhancement Program Securities Lent Fee Earned Details,Data,HKD,2026-05-31,3069,2026-05-29,-485,6620.25,5.9,2.95,0.54,Po
Stock Yield Enhancement Program Securities Lent Fee Earned Details,Data,HKD,2026-06-01,3069,2026-06-01,-502,7189.643996,5.5,2.75,0.55,Po
Stock Yield Enhancement Program Securities Lent Fee Earned Details,Data,HKD,2026-06-02,3069,2026-06-02,-321,4502.988004,5.52,2.76,0.35,Po
Stock Yield Enhancement Program Securities Lent Fee Earned Details,Data,HKD,2026-06-03,3069,2026-06-03,-320,4411.680003,5.46,2.73,0.34,Po
Stock Yield Enhancement Program Securities Lent Fee Earned Details,Data,HKD,2026-06-03,3069,2026-06-03,-2,27.572996,5.46,2.73,0.01,Po
Stock Yield Enhancement Program Securities Lent Fee Earned Details,Data,HKD,2026-06-04,3069,2026-06-04,-326,4371.171003,5.53,2.77,0.34,Po
Stock Yield Enhancement Program Securities Lent Fee Earned Details,Data,HKD,2026-06-05,3069,2026-06-05,-328,4332.551996,5.6,2.8,0.34,Po
Stock Yield Enhancement Program Securities Lent Fee Earned Details,Data,HKD,2026-06-06,3069,2026-06-05,-328,4332.551996,5.6,2.8,0.34,Po
Stock Yield Enhancement Program Securities Lent Fee Earned Details,Data,HKD,2026-06-07,3069,2026-06-05,-328,4332.551996,5.6,2.8,0.34,Po
Stock Yield Enhancement Program Securities Lent Fee Earned Details,Data,HKD,2026-06-08,3069,2026-06-08,-339,4467.172497,5.42,2.71,0.34,Po
Stock Yield Enhancement Program Securities Lent Fee Earned Details,Data,HKD,2026-06-09,3069,2026-06-09,-343,4361.416503,5.55,2.78,0.34,Po
Stock Yield Enhancement Program Securities Lent Fee Earned Details,Data,HKD,2026-06-10,3069,2026-06-10,-339,4257.162004,5.7,2.85,0.34,Po
Stock Yield Enhancement Program Securities Lent Fee Earned Details,Data,HKD,2026-06-10,3069,2026-06-10,-2,25.115998,5.7,2.85,0.01,Po
Stock Yield Enhancement Program Securities Lent Fee Earned Details,Data,HKD,2026-06-11,3069,2026-06-11,-346,4406.829004,5.64,2.82,0.35,Po
Stock Yield Enhancement Program Securities Lent Fee Earned Details,Data,HKD,2026-06-12,3069,2026-06-12,-339,4335.471005,5.73,2.87,0.35,Po
Stock Yield Enhancement Program Securities Lent Fee Earned Details,Data,HKD,2026-06-13,3069,2026-06-12,-339,4335.471005,5.73,2.87,0.35,Po
Stock Yield Enhancement Program Securities Lent Fee Earned Details,Data,HKD,2026-06-14,3069,2026-06-12,-339,4335.471005,5.73,2.87,0.35,Po
Stock Yield Enhancement Program Securities Lent Fee Earned Details,Data,HKD,2026-06-15,3069,2026-06-15,-348,4538.267996,5.61,2.81,0.36,Po
Stock Yield Enhancement Program Securities Lent Fee Earned Details,Data,HKD,2026-06-16,3069,2026-06-16,-338,4407.857998,5.47,2.74,0.34,Po
Stock Yield Enhancement Program Securities Lent Fee Earned Details,Data,HKD,2026-06-17,3069,2026-06-17,-325,4132.537499,5.54,2.77,0.32,Po
Stock Yield Enhancement Program Securities Lent Fee Earned Details,Data,HKD,2026-06-18,3069,2026-06-18,-327,4103.0325,5.7,2.85,0.33,Po
Stock Yield Enhancement Program Securities Lent Fee Earned Details,Data,HKD,2026-06-19,3069,2026-06-19,-329,4128.127502,5.7,2.85,0.33,Po
Stock Yield Enhancement Program Securities Lent Fee Earned Details,Data,HKD,2026-06-20,3069,2026-06-19,-329,4128.127502,5.7,2.85,0.33,Po
Stock Yield Enhancement Program Securities Lent Fee Earned Details,Data,HKD,2026-06-21,3069,2026-06-19,-329,4128.127502,5.7,2.85,0.33,Po
Stock Yield Enhancement Program Securities Lent Fee Earned Details,Data,HKD,2026-06-22,3069,2026-06-22,-335,4266.727496,5.57,2.79,0.33,Po
Stock Yield Enhancement Program Securities Lent Fee Earned Details,Data,HKD,2026-06-22,3069,2026-06-22,-2,25.472998,5.57,2.79,0.01,Po
Stock Yield Enhancement Program Securities Lent Fee Earned Details,Data,HKD,2026-06-23,3069,2026-06-23,-332,4197.144,5.63,2.82,0.33,Po
Stock Yield Enhancement Program Securities Lent Fee Earned Details,Data,HKD,2026-06-24,3069,2026-06-24,-356,4511.765997,5.77,2.89,0.36,Po
Stock Yield Enhancement Program Securities Lent Fee Earned Details,Data,HKD,2026-06-25,3069,2026-06-25,-273,3551.593502,5.59,2.8,0.28,Po
Stock Yield Enhancement Program Securities Lent Fee Earned Details,Data,HKD,2026-06-26,3069,2026-06-26,-257,3327.250502,5.57,2.79,0.26,Po
Stock Yield Enhancement Program Securities Lent Fee Earned Details,Data,HKD,2026-06-27,3069,2026-06-26,-257,3327.250502,5.57,2.79,0.26,Po
Stock Yield Enhancement Program Securities Lent Fee Earned Details,Data,HKD,2026-06-28,3069,2026-06-26,-257,3327.250502,5.57,2.79,0.26,Po
Stock Yield Enhancement Program Securities Lent Fee Earned Details,Data,HKD,2026-06-29,3069,2026-06-29,-335,4280.797498,5.08,2.54,0.3,Po
Stock Yield Enhancement Program Securities Lent Fee Earned Details,Data,HKD,2026-06-29,3069,2026-06-29,-2,25.556998,5.08,2.54,0.01,Po
Stock Yield Enhancement Program Securities Lent Fee Earned Details,Data,Total,,,,,,,,39.38
Stock Yield Enhancement Program Securities Lent Fee Earned Details,Data,Total in USD,,,,,,,,5.0250638
Stock Yield Enhancement Program Securities Lent Fee Earned Details,Data,JPY,2026-07-23,4543.T,2026-07-23,-170,392521.5,0.76,0.38,4,Po
Stock Yield Enhancement Program Securities Lent Fee Earned Details,Data,JPY,2026-07-24,4543.T,2026-07-24,-175,396532.5,0.77,0.39,4,Po
Stock Yield Enhancement Program Securities Lent Fee Earned Details,Data,JPY,2026-07-25,4543.T,2026-07-24,-175,396532.5,0.77,0.39,4,Po
Stock Yield Enhancement Program Securities Lent Fee Earned Details,Data,JPY,2026-07-26,4543.T,2026-07-24,-175,396532.5,0.77,0.39,4,Po
Stock Yield Enhancement Program Securities Lent Fee Earned Details,Data,JPY,2026-07-27,4543.T,2026-07-27,-161,365908.725,0.81,0.41,4,Po
Stock Yield Enhancement Program Securities Lent Fee Earned Details,Data,JPY,2026-07-28,4543.T,2026-07-28,-200,472290,0.79,0.4,5,Po
Stock Yield Enhancement Program Securities Lent Fee Earned Details,Data,JPY,2026-07-29,4543.T,2026-07-29,-198,475883.1,0.79,0.4,5,Po
Stock Yield Enhancement Program Securities Lent Fee Earned Details,Data,JPY,2026-07-30,4543.T,2026-07-30,-191,477810.375,0.77,0.39,5,Po
Stock Yield Enhancement Program Securities Lent Fee Earned Details,Data,JPY,2026-07-31,4543.T,2026-07-31,-164,415949.1,0.69,0.35,4,Po
Stock Yield Enhancement Program Securities Lent Fee Earned Details,Data,JPY,2026-08-01,4543.T,2026-07-31,-164,415949.1,0.69,0.35,4,Po
Stock Yield Enhancement Program Securities Lent Fee Earned Details,Data,JPY,2026-08-02,4543.T,2026-07-31,-164,415949.1,0.69,0.35,4,Po
Stock Yield Enhancement Program Securities Lent Fee Earned Details,Data,JPY,2026-08-03,4543.T,2026-08-03,-200,488040,0.72,0.36,5,Po
Stock Yield Enhancement Program Securities Lent Fee Earned Details,Data,JPY,2026-08-04,4543.T,2026-08-04,-196,475706.699938,0.73,0.37,5,Po
Stock Yield Enhancement Program Securities Lent Fee Earned Details,Data,JPY,2026-08-05,4543.T,2026-08-05,-182,443925.3,0.72,0.36,5,Po
Stock Yield Enhancement Program Securities Lent Fee Earned Details,Data,JPY,2026-08-06,4543.T,2026-08-06,-188,451651.2,0.74,0.37,5,Po
Stock Yield Enhancement Program Securities Lent Fee Earned Details,Data,JPY,2026-08-07,4543.T,2026-08-07,-172,417547.2,0.76,0.38,5,Po
Stock Yield Enhancement Program Securities Lent Fee Earned Details,Data,JPY,2026-08-08,4543.T,2026-08-07,-172,417547.2,0.76,0.38,5,Po
Stock Yield Enhancement Program Securities Lent Fee Earned Details,Data,JPY,2026-08-09,4543.T,2026-08-07,-172,417547.2,0.76,0.38,5,Po
Stock Yield Enhancement Program Securities Lent Fee Earned Details,Data,JPY,2026-08-10,4543.T,2026-08-10,-175,436038.75,0.8,0.4,5,Po
Stock Yield Enhancement Program Securities Lent Fee Earned Details,Data,JPY,2026-08-11,4543.T,2026-08-11,-160,432684,0.8,0.4,5,Po
Stock Yield Enhancement Program Securities Lent Fee Earned Details,Data,JPY,2026-08-12,4543.T,2026-08-12,-180,486769.5,0.74,0.37,5,Po
Stock Yield Enhancement Program Securities Lent Fee Earned Details,Data,JPY,2026-08-13,4543.T,2026-08-13,-169,461103.825,0.74,0.37,5,Po
Stock Yield Enhancement Program Securities Lent Fee Earned Details,Data,JPY,2026-08-14,4543.T,2026-08-14,-181,498026.025063,0.79,0.4,6,Po
Stock Yield Enhancement Program Securities Lent Fee Earned Details,Data,JPY,2026-08-15,4543.T,2026-08-14,-181,498026.025063,0.79,0.4,6,Po
Stock Yield Enhancement Program Securities Lent Fee Earned Details,Data,JPY,2026-08-16,4543.T,2026-08-14,-181,498026.025063,0.79,0.4,6,Po
Stock Yield Enhancement Program Securities Lent Fee Earned Details,Data,JPY,2026-08-17,4543.T,2026-08-17,-9,25255.12506,0.75,0.38,1,Po
Stock Yield Enhancement Program Securities Lent Fee Earned Details,Data,JPY,2026-08-17,4543.T,2026-08-17,-187,524745.375,0.75,0.38,6,Po
Stock Yield Enhancement Program Securities Lent Fee Earned Details,Data,JPY,2026-08-17,4543.T,2026-08-17,-4,11224.5,0.75,0.38,1,Po
Stock Yield Enhancement Program Securities Lent Fee Earned Details,Data,JPY,2026-08-31,4543.T,2026-08-31,-200,533190,0.76,0.38,6,Po
Stock Yield Enhancement Program Securities Lent Fee Earned Details,Data,Total,,,,,,,,134
Stock Yield Enhancement Program Securities Lent Fee Earned Details,Data,Total in USD,,,,,,,,0.841165
Stock Yield Enhancement Program Securities Lent Fee Earned Details,Data,USD,2026-03-03,DXJ,2026-03-03,-14,2394,1.33,0.67,0.05,Po
Stock Yield Enhancement Program Securities Lent Fee Earned Details,Data,USD,2026-03-10,EMXC,2026-03-10,-63,5229,0.21,0.11,0.02,Po
Stock Yield Enhancement Program Securities Lent Fee Earned Details,Data,USD,2026-03-11,EMXC,2026-03-11,-63,5229,0.22,0.11,0.02,Po
Stock Yield Enhancement Program Securities Lent Fee Earned Details,Data,USD,2026-03-12,EMXC,2026-03-12,-65,5395,0.23,0.12,0.02,Po
Stock Yield Enhancement Program Securities Lent Fee Earned Details,Data,USD,2026-03-13,EMXC,2026-03-13,-71,5680,0.25,0.13,0.02,Po
Stock Yield Enhancement Program Securities Lent Fee Earned Details,Data,USD,2026-03-14,EMXC,2026-03-13,-71,5680,0.25,0.13,0.02,Po
Stock Yield Enhancement Program Securities Lent Fee Earned Details,Data,USD,2026-03-15,EMXC,2026-03-13,-71,5680,0.25,0.13,0.02,Po
Stock Yield Enhancement Program Securities Lent Fee Earned Details,Data,USD,2026-03-16,EMXC,2026-03-16,-74,5920,0.26,0.13,0.02,Po
Stock Yield Enhancement Program Securities Lent Fee Earned Details,Data,USD,2026-03-17,EMXC,2026-03-17,-54,4482,0.22,0.11,0.02,Po
Stock Yield Enhancement Program Securities Lent Fee Earned Details,Data,USD,2026-03-18,EMXC,2026-03-18,-75,6225,0.29,0.15,0.03,Po
Stock Yield Enhancement Program Securities Lent Fee Earned Details,Data,USD,2026-03-19,EMXC,2026-03-19,-75,6150,0.3,0.15,0.03,Po
Stock Yield Enhancement Program Securities Lent Fee Earned Details,Data,USD,2026-03-20,EMXC,2026-03-20,-75,6150,0.3,0.15,0.03,Po
Stock Yield Enhancement Program Securities Lent Fee Earned Details,Data,USD,2026-03-21,EMXC,2026-03-20,-75,6150,0.3,0.15,0.03,Po
Stock Yield Enhancement Program Securities Lent Fee Earned Details,Data,USD,2026-03-22,EMXC,2026-03-20,-75,6150,0.3,0.15,0.03,Po
Stock Yield Enhancement Program Securities Lent Fee Earned Details,Data,USD,2026-03-23,EMXC,2026-03-23,-75,5925,0.3,0.15,0.03,Po
Stock Yield Enhancement Program Securities Lent Fee Earned Details,Data,USD,2026-03-24,EMXC,2026-03-24,-75,6150,0.3,0.15,0.03,Po
Stock Yield Enhancement Program Securities Lent Fee Earned Details,Data,USD,2026-03-25,EMXC,2026-03-25,-75,6075,0.3,0.15,0.03,Po
Stock Yield Enhancement Program Securities Lent Fee Earned Details,Data,USD,2026-03-26,EMXC,2026-03-26,-64,5248,0.32,0.16,0.03,Po
Stock Yield Enhancement Program Securities Lent Fee Earned Details,Data,USD,2026-03-27,EMXC,2026-03-27,-75,5925,0.57,0.29,0.05,Po
Stock Yield Enhancement Program Securities Lent Fee Earned Details,Data,USD,2026-03-28,EMXC,2026-03-27,-75,5925,0.57,0.29,0.05,Po
Stock Yield Enhancement Program Securities Lent Fee Earned Details,Data,USD,2026-03-29,EMXC,2026-03-27,-75,5925,0.57,0.29,0.05,Po
Stock Yield Enhancement Program Securities Lent Fee Earned Details,Data,USD,2026-03-30,EMXC,2026-03-30,-71,5609,1.4,0.7,0.11,Po
Stock Yield Enhancement Program Securities Lent Fee Earned Details,Data,USD,2026-03-31,EMXC,2026-03-31,-73,5694,2.76,1.38,0.22,Po
Stock Yield Enhancement Program Securities Lent Fee Earned Details,Data,USD,2026-04-01,EMXC,2026-04-01,-61,4941,1.67,0.84,0.12,Po
Stock Yield Enhancement Program Securities Lent Fee Earned Details,Data,USD,2026-04-02,EMXC,2026-04-02,-41,3362,1.33,0.67,0.06,Po
Stock Yield Enhancement Program Securities Lent Fee Earned Details,Data,USD,2026-04-03,EMXC,2026-04-03,-41,3280,1.36,0.68,0.06,Po
Stock Yield Enhancement Program Securities Lent Fee Earned Details,Data,USD,2026-04-04,EMXC,2026-04-03,-41,3280,1.36,0.68,0.06,Po
Stock Yield Enhancement Program Securities Lent Fee Earned Details,Data,USD,2026-04-05,EMXC,2026-04-03,-41,3280,1.36,0.68,0.06,Po
Stock Yield Enhancement Program Securities Lent Fee Earned Details,Data,USD,2026-04-06,EMXC,2026-04-06,-52,4160,1.76,0.88,0.1,Po
Stock Yield Enhancement Program Securities Lent Fee Earned Details,Data,USD,2026-04-07,EMXC,2026-04-07,-10,810,3.08,1.54,0.04,Po
Stock Yield Enhancement Program Securities Lent Fee Earned Details,Data,USD,2026-04-08,EMXC,2026-04-08,-25,2050,2.83,1.42,0.08,Po
Stock Yield Enhancement Program Securities Lent Fee Earned Details,Data,USD,2026-04-09,EMXC,2026-04-09,-20,1740,2.97,1.49,0.07,Po
Stock Yield Enhancement Program Securities Lent Fee Earned Details,Data,USD,2026-04-14,EMXC,2026-04-14,-61,5368,1.21,0.61,0.09,Po
Stock Yield Enhancement Program Securities Lent Fee Earned Details,Data,USD,2026-04-16,EMXC,2026-04-16,-60,5400,1.09,0.55,0.08,Po
Stock Yield Enhancement Program Securities Lent Fee Earned Details,Data,USD,2026-04-17,DXJ,2026-04-17,-9,1530,0.52,0.26,0.01,Po
Stock Yield Enhancement Program Securities Lent Fee Earned Details,Data,USD,2026-04-17,EMXC,2026-04-17,-18,1620,1.09,0.55,0.03,Po
Stock Yield Enhancement Program Securities Lent Fee Earned Details,Data,USD,2026-04-18,DXJ,2026-04-17,-9,1530,0.52,0.26,0.01,Po
Stock Yield Enhancement Program Securities Lent Fee Earned Details,Data,USD,2026-04-18,EMXC,2026-04-17,-18,1620,1.09,0.55,0.03,Po
Stock Yield Enhancement Program Securities Lent Fee Earned Details,Data,USD,2026-04-19,DXJ,2026-04-17,-9,1530,0.52,0.26,0.01,Po
Stock Yield Enhancement Program Securities Lent Fee Earned Details,Data,USD,2026-04-19,EMXC,2026-04-17,-18,1620,1.09,0.55,0.03,Po
Stock Yield Enhancement Program Securities Lent Fee Earned Details,Data,USD,2026-04-20,DXJ,2026-04-20,-9,1530,0.52,0.26,0.01,Po
Stock Yield Enhancement Program Securities Lent Fee Earned Details,Data,USD,2026-04-21,DXJ,2026-04-21,-10,1690,0.51,0.26,0.01,Po
Stock Yield Enhancement Program Securities Lent Fee Earned Details,Data,USD,2026-04-21,EMXC,2026-04-21,-53,4823,1.21,0.61,0.08,Po
Stock Yield Enhancement Program Securities Lent Fee Earned Details,Data,USD,2026-04-22,DXJ,2026-04-22,-9,1485,0.52,0.26,0.01,Po
Stock Yield Enhancement Program Securities Lent Fee Earned Details,Data,USD,2026-04-23,DXJ,2026-04-23,-10,1650,0.52,0.26,0.01,Po
Stock Yield Enhancement Program Securities Lent Fee Earned Details,Data,USD,2026-04-24,DXJ,2026-04-24,-10,1640,0.52,0.26,0.01,Po
Stock Yield Enhancement Program Securities Lent Fee Earned Details,Data,USD,2026-04-25,DXJ,2026-04-24,-10,1640,0.52,0.26,0.01,Po
Stock Yield Enhancement Program Securities Lent Fee Earned Details,Data,USD,2026-04-26,DXJ,2026-04-24,-10,1640,0.52,0.26,0.01,Po
Stock Yield Enhancement Program Securities Lent Fee Earned Details,Data,USD,2026-04-27,DXJ,2026-04-27,-11,1804,0.52,0.26,0.02,Po
Stock Yield Enhancement Program Securities Lent Fee Earned Details,Data,USD,2026-04-28,DXJ,2026-04-28,-10,1650,0.52,0.26,0.01,Po
Stock Yield Enhancement Program Securities Lent Fee Earned Details,Data,USD,2026-04-29,DXJ,2026-04-29,-24,3984,0.66,0.33,0.04,Po
Stock Yield Enhancement Program Securities Lent Fee Earned Details,Data,USD,2026-04-30,DXJ,2026-04-30,-24,3960,0.66,0.33,0.04,Po
Stock Yield Enhancement Program Securities Lent Fee Earned Details,Data,USD,2026-05-01,DXJ,2026-05-01,-11,1826,0.53,0.27,0.02,Po
Stock Yield Enhancement Program Securities Lent Fee Earned Details,Data,USD,2026-05-02,DXJ,2026-05-01,-11,1826,0.53,0.27,0.02,Po
Stock Yield Enhancement Program Securities Lent Fee Earned Details,Data,USD,2026-05-03,DXJ,2026-05-01,-11,1826,0.53,0.27,0.02,Po
Stock Yield Enhancement Program Securities Lent Fee Earned Details,Data,USD,2026-05-04,DXJ,2026-05-04,-10,1650,0.51,0.26,0.01,Po
Stock Yield Enhancement Program Securities Lent Fee Earned Details,Data,USD,2026-05-05,DXJ,2026-05-05,-13,2145,0.51,0.26,0.02,Po
Stock Yield Enhancement Program Securities Lent Fee Earned Details,Data,USD,2026-05-06,DXJ,2026-05-06,-12,2004,0.51,0.26,0.02,Po
Stock Yield Enhancement Program Securities Lent Fee Earned Details,Data,USD,2026-05-13,DXJ,2026-05-13,-24,4152,0.36,0.18,0.02,Po
Stock Yield Enhancement Program Securities Lent Fee Earned Details,Data,USD,2026-05-14,DXJ,2026-05-14,-24,4200,0.37,0.19,0.02,Po
Stock Yield Enhancement Program Securities Lent Fee Earned Details,Data,USD,2026-05-14,EMXC,2026-05-14,-26,2574,0.57,0.29,0.02,Po
Stock Yield Enhancement Program Securities Lent Fee Earned Details,Data,USD,2026-05-15,DXJ,2026-05-15,-23,4048,0.37,0.19,0.02,Po
Stock Yield Enhancement Program Securities Lent Fee Earned Details,Data,USD,2026-05-16,DXJ,2026-05-15,-23,4048,0.37,0.19,0.02,Po
Stock Yield Enhancement Program Securities Lent Fee Earned Details,Data,USD,2026-05-17,DXJ,2026-05-15,-23,4048,0.37,0.19,0.02,Po
Stock Yield Enhancement Program Securities Lent Fee Earned Details,Data,USD,2026-05-27,EMXC,2026-05-27,-65,6630,0.39,0.2,0.04,Po
Stock Yield Enhancement Program Securities Lent Fee Earned Details,Data,USD,2026-05-28,EMXC,2026-05-28,-66,6798,0.39,0.2,0.04,Po
Stock Yield Enhancement Program Securities Lent Fee Earned Details,Data,USD,2026-05-29,EMXC,2026-05-29,-21,2184,0.35,0.18,0.01,Po
Stock Yield Enhancement Program Securities Lent Fee Earned Details,Data,USD,2026-05-30,EMXC,2026-05-29,-21,2184,0.35,0.18,0.01,Po
Stock Yield Enhancement Program Securities Lent Fee Earned Details,Data,USD,2026-05-31,EMXC,2026-05-29,-21,2184,0.35,0.18,0.01,Po
Stock Yield Enhancement Program Securities Lent Fee Earned Details,Data,USD,2026-06-01,EMXC,2026-06-01,-35,3640,0.41,0.21,0.02,Po
Stock Yield Enhancement Program Securities Lent Fee Earned Details,Data,USD,2026-06-02,EMXC,2026-06-02,-45,4770,0.42,0.21,0.03,Po
Stock Yield Enhancement Program Securities Lent Fee Earned Details,Data,USD,2026-06-03,EMXC,2026-06-03,-50,5350,0.44,0.22,0.04,Po
Stock Yield Enhancement Program Securities Lent Fee Earned Details,Data,USD,2026-06-04,DXJ,2026-06-04,-22,3872,0.29,0.15,0.02,Po
Stock Yield Enhancement Program Securities Lent Fee Earned Details,Data,USD,2026-06-04,EMXC,2026-06-04,-40,4240,0.33,0.17,0.02,Po
Stock Yield Enhancement Program Securities Lent Fee Earned Details,Data,USD,2026-06-05,EMXC,2026-06-05,-75,7800,0.4,0.2,0.05,Po
Stock Yield Enhancement Program Securities Lent Fee Earned Details,Data,USD,2026-06-06,EMXC,2026-06-05,-75,7800,0.4,0.2,0.05,Po
Stock Yield Enhancement Program Securities Lent Fee Earned Details,Data,USD,2026-06-07,EMXC,2026-06-05,-75,7800,0.4,0.2,0.05,Po
Stock Yield Enhancement Program Securities Lent Fee Earned Details,Data,USD,2026-06-08,DXJ,2026-06-08,-17,2941,0.26,0.13,0.01,Po
Stock Yield Enhancement Program Securities Lent Fee Earned Details,Data,USD,2026-06-08,EMXC,2026-06-08,-46,4416,0.33,0.17,0.02,Po
Stock Yield Enhancement Program Securities Lent Fee Earned Details,Data,USD,2026-06-09,EMXC,2026-06-09,-73,7227,0.4,0.2,0.04,Po
Stock Yield Enhancement Program Securities Lent Fee Earned Details,Data,USD,2026-06-10,DXJ,2026-06-10,-14,2422,0.41,0.21,0.02,Po
Stock Yield Enhancement Program Securities Lent Fee Earned Details,Data,USD,2026-06-10,EMXC,2026-06-10,-75,7425,0.4,0.2,0.04,Po
Stock Yield Enhancement Program Securities Lent Fee Earned Details,Data,USD,2026-06-11,EMXC,2026-06-11,-62,6014,0.49,0.25,0.04,Po
Stock Yield Enhancement Program Securities Lent Fee Earned Details,Data,USD,2026-06-12,EMXC,2026-06-12,-68,6936,0.5,0.25,0.05,Po
Stock Yield Enhancement Program Securities Lent Fee Earned Details,Data,USD,2026-06-13,EMXC,2026-06-12,-68,6936,0.5,0.25,0.05,Po
Stock Yield Enhancement Program Securities Lent Fee Earned Details,Data,USD,2026-06-14,EMXC,2026-06-12,-68,6936,0.5,0.25,0.05,Po
Stock Yield Enhancement Program Securities Lent Fee Earned Details,Data,USD,2026-06-15,EMXC,2026-06-15,-75,7650,0.55,0.28,0.06,Po
Stock Yield Enhancement Program Securities Lent Fee Earned Details,Data,USD,2026-06-16,EMXC,2026-06-16,-25,2650,0.52,0.26,0.02,Po
Stock Yield Enhancement Program Securities Lent Fee Earned Details,Data,USD,2026-06-18,EMXC,2026-06-18,-20,2080,0.86,0.43,0.03,Po
Stock Yield Enhancement Program Securities Lent Fee Earned Details,Data,USD,2026-06-19,EMXC,2026-06-19,-17,1836,0.86,0.43,0.02,Po
Stock Yield Enhancement Program Securities Lent Fee Earned Details,Data,USD,2026-06-20,EMXC,2026-06-19,-17,1836,0.86,0.43,0.02,Po
Stock Yield Enhancement Program Securities Lent Fee Earned Details,Data,USD,2026-06-21,EMXC,2026-06-19,-17,1836,0.86,0.43,0.02,Po
Stock Yield Enhancement Program Securities Lent Fee Earned Details,Data,USD,2026-06-22,EMXC,2026-06-22,-13,1404,0.59,0.3,0.01,Po
Stock Yield Enhancement Program Securities Lent Fee Earned Details,Data,USD,2026-06-22,TIP,2026-06-22,-39,4368,0.19,0.1,0.01,Po
Stock Yield Enhancement Program Securities Lent Fee Earned Details,Data,USD,2026-06-23,DXJ,2026-06-23,-18,3312,0.34,0.17,0.02,Po
Stock Yield Enhancement Program Securities Lent Fee Earned Details,Data,USD,2026-06-23,EMXC,2026-06-23,-20,2180,0.67,0.34,0.02,Po
Stock Yield Enhancement Program Securities Lent Fee Earned Details,Data,USD,2026-06-24,EMXC,2026-06-24,-71,7242,0.63,0.32,0.07,Po
Stock Yield Enhancement Program Securities Lent Fee Earned Details,Data,USD,2026-06-25,DXJ,2026-06-25,-16,2848,0.38,0.19,0.02,Po
Stock Yield Enhancement Program Securities Lent Fee Earned Details,Data,USD,2026-06-25,EMXC,2026-06-25,-18,1836,0.58,0.29,0.02,Po
Stock Yield Enhancement Program Securities Lent Fee Earned Details,Data,USD,2026-07-01,PICK,2026-07-01,-25,1500,3.51,1.76,0.08,Po
Stock Yield Enhancement Program Securities Lent Fee Earned Details,Data,USD,2026-07-01,RACE,2026-07-01,-3,1140,0.28,0.14,0.01,Po
Stock Yield Enhancement Program Securities Lent Fee Earned Details,Data,USD,2026-07-02,RACE,2026-07-02,-3,1149,0.29,0.15,0.01,Po
Stock Yield Enhancement Program Securities Lent Fee Earned Details,Data,USD,2026-07-06,RACE,2026-07-06,-3,1179,0.29,0.15,0.01,Po
Stock Yield Enhancement Program Securities Lent Fee Earned Details,Data,USD,2026-07-07,PICK,2026-07-07,-57,3420,3.07,1.54,0.15,Po
Stock Yield Enhancement Program Securities Lent Fee Earned Details,Data,USD,2026-07-07,RACE,2026-07-07,-3,1200,0.28,0.14,0.01,Po
Stock Yield Enhancement Program Securities Lent Fee Earned Details,Data,USD,2026-07-08,PICK,2026-07-08,-54,3132,3.09,1.55,0.14,Po
Stock Yield Enhancement Program Securities Lent Fee Earned Details,Data,USD,2026-07-10,PICK,2026-07-10,-12,696,3.21,1.61,0.03,Po
Stock Yield Enhancement Program Securities Lent Fee Earned Details,Data,USD,2026-07-10,RACE,2026-07-10,-3,1149,0.29,0.15,0.01,Po
Stock Yield Enhancement Program Securities Lent Fee Earned Details,Data,USD,2026-07-11,PICK,2026-07-10,-12,696,3.21,1.61,0.03,Po
Stock Yield Enhancement Program Securities Lent Fee Earned Details,Data,USD,2026-07-11,RACE,2026-07-10,-3,1149,0.29,0.15,0.01,Po
Stock Yield Enhancement Program Securities Lent Fee Earned Details,Data,USD,2026-07-12,PICK,2026-07-10,-12,696,3.21,1.61,0.03,Po
Stock Yield Enhancement Program Securities Lent Fee Earned Details,Data,USD,2026-07-12,RACE,2026-07-10,-3,1149,0.29,0.15,0.01,Po
Stock Yield Enhancement Program Securities Lent Fee Earned Details,Data,USD,2026-07-13,PICK,2026-07-13,-31,1829,3.01,1.51,0.08,Po
Stock Yield Enhancement Program Securities Lent Fee Earned Details,Data,USD,2026-07-14,PICK,2026-07-14,-79,4582,2.9,1.45,0.19,Po
Stock Yield Enhancement Program Securities Lent Fee Earned Details,Data,USD,2026-07-14,RACE,2026-07-14,-3,1143,0.29,0.15,0.01,Po
Stock Yield Enhancement Program Securities Lent Fee Earned Details,Data,USD,2026-07-15,PICK,2026-07-15,-77,4620,2.91,1.46,0.19,Po
Stock Yield Enhancement Program Securities Lent Fee Earned Details,Data,USD,2026-07-15,RACE,2026-07-15,-7,2639,0.31,0.16,0.01,Po
Stock Yield Enhancement Program Securities Lent Fee Earned Details,Data,USD,2026-07-16,PICK,2026-07-16,-73,4380,2.91,1.46,0.18,Po
Stock Yield Enhancement Program Securities Lent Fee Earned Details,Data,USD,2026-07-16,RACE,2026-07-16,-7,2688,0.31,0.16,0.01,Po
Stock Yield Enhancement Program Securities Lent Fee Earned Details,Data,USD,2026-07-17,PICK,2026-07-17,-76,4408,2.91,1.46,0.18,Po
Stock Yield Enhancement Program Securities Lent Fee Earned Details,Data,USD,2026-07-17,RACE,2026-07-17,-7,2737,0.3,0.15,0.01,Po
Stock Yield Enhancement Program Securities Lent Fee Earned Details,Data,USD,2026-07-18,PICK,2026-07-17,-76,4408,2.91,1.46,0.18,Po
Stock Yield Enhancement Program Securities Lent Fee Earned Details,Data,USD,2026-07-18,RACE,2026-07-17,-7,2737,0.3,0.15,0.01,Po
Stock Yield Enhancement Program Securities Lent Fee Earned Details,Data,USD,2026-07-19,PICK,2026-07-17,-76,4408,2.91,1.46,0.18,Po
Stock Yield Enhancement Program Securities Lent Fee Earned Details,Data,USD,2026-07-19,RACE,2026-07-17,-7,2737,0.3,0.15,0.01,Po
Stock Yield Enhancement Program Securities Lent Fee Earned Details,Data,USD,2026-07-20,PICK,2026-07-20,-68,3944,2.91,1.46,0.16,Po
Stock Yield Enhancement Program Securities Lent Fee Earned Details,Data,USD,2026-07-20,POW,2026-07-20,-70,1960,4.11,2.06,0.11,Po
Stock Yield Enhancement Program Securities Lent Fee Earned Details,Data,USD,2026-07-20,RACE,2026-07-20,-7,2695,0.31,0.16,0.01,Po
Stock Yield Enhancement Program Securities Lent Fee Earned Details,Data,USD,2026-07-21,PICK,2026-07-21,-65,3770,2.91,1.46,0.15,Po
Stock Yield Enhancement Program Securities Lent Fee Earned Details,Data,USD,2026-07-21,RACE,2026-07-21,-7,2653,0.31,0.16,0.01,Po
Stock Yield Enhancement Program Securities Lent Fee Earned Details,Data,USD,2026-07-22,PICK,2026-07-22,-75,4425,2.92,1.46,0.18,Po
Stock Yield Enhancement Program Securities Lent Fee Earned Details,Data,USD,2026-07-22,POW,2026-07-22,-24,672,4.01,2.01,0.04,Po
Stock Yield Enhancement Program Securities Lent Fee Earned Details,Data,USD,2026-07-22,RACE,2026-07-22,-7,2646,0.32,0.16,0.01,Po
Stock Yield Enhancement Program Securities Lent Fee Earned Details,Data,USD,2026-07-23,RACE,2026-07-23,-7,2660,0.32,0.16,0.01,Po
Stock Yield Enhancement Program Securities Lent Fee Earned Details,Data,USD,2026-07-24,PICK,2026-07-24,-13,780,2.77,1.39,0.03,Po
Stock Yield Enhancement Program Securities Lent Fee Earned Details,Data,USD,2026-07-25,PICK,2026-07-24,-13,780,2.77,1.39,0.03,Po
Stock Yield Enhancement Program Securities Lent Fee Earned Details,Data,USD,2026-07-26,PICK,2026-07-24,-13,780,2.77,1.39,0.03,Po
Stock Yield Enhancement Program Securities Lent Fee Earned Details,Data,USD,2026-07-27,PICK,2026-07-27,-71,4260,2.84,1.42,0.17,Po
Stock Yield Enhancement Program Securities Lent Fee Earned Details,Data,USD,2026-07-27,RACE,2026-07-27,-7,2576,0.34,0.17,0.01,Po
Stock Yield Enhancement Program Securities Lent Fee Earned Details,Data,USD,2026-07-28,PICK,2026-07-28,-70,4200,2.84,1.42,0.17,Po
Stock Yield Enhancement Program Securities Lent Fee Earned Details,Data,USD,2026-07-29,PICK,2026-07-29,-42,2520,2.85,1.43,0.1,Po
Stock Yield Enhancement Program Securities Lent Fee Earned Details,Data,USD,2026-07-29,RACE,2026-07-29,-7,2786,0.43,0.22,0.02,Po
Stock Yield Enhancement Program Securities Lent Fee Earned Details,Data,USD,2026-07-30,BBJP,2026-07-30,-25,1850,1.17,0.59,0.03,Po
Stock Yield Enhancement Program Securities Lent Fee Earned Details,Data,USD,2026-07-30,PICK,2026-07-30,-50,2950,2.95,1.48,0.12,Po
Stock Yield Enhancement Program Securities Lent Fee Earned Details,Data,USD,2026-07-30,RACE,2026-07-30,-7,2758,0.44,0.22,0.02,Po
Stock Yield Enhancement Program Securities Lent Fee Earned Details,Data,USD,2026-07-31,PICK,2026-07-31,-33,2013,3.12,1.56,0.09,Po
Stock Yield Enhancement Program Securities Lent Fee Earned Details,Data,USD,2026-07-31,RACE,2026-07-31,-7,2842,0.42,0.21,0.02,Po
Stock Yield Enhancement Program Securities Lent Fee Earned Details,Data,USD,2026-08-01,PICK,2026-07-31,-33,2013,3.12,1.56,0.09,Po
Stock Yield Enhancement Program Securities Lent Fee Earned Details,Data,USD,2026-08-01,RACE,2026-07-31,-7,2842,0.42,0.21,0.02,Po
Stock Yield Enhancement Program Securities Lent Fee Earned Details,Data,USD,2026-08-02,PICK,2026-07-31,-33,2013,3.12,1.56,0.09,Po
Stock Yield Enhancement Program Securities Lent Fee Earned Details,Data,USD,2026-08-02,RACE,2026-07-31,-7,2842,0.42,0.21,0.02,Po
Stock Yield Enhancement Program Securities Lent Fee Earned Details,Data,USD,2026-08-03,PICK,2026-08-03,-35,2135,3.11,1.56,0.09,Po
Stock Yield Enhancement Program Securities Lent Fee Earned Details,Data,USD,2026-08-04,PICK,2026-08-04,-46,2806,3.08,1.54,0.12,Po
Stock Yield Enhancement Program Securities Lent Fee Earned Details,Data,USD,2026-08-05,PICK,2026-08-05,-28,1792,3.1,1.55,0.08,Po
Stock Yield Enhancement Program Securities Lent Fee Earned Details,Data,USD,2026-08-05,RACE,2026-08-05,-9,3699,0.33,0.17,0.02,Po
Stock Yield Enhancement Program Securities Lent Fee Earned Details,Data,USD,2026-08-06,PICK,2026-08-06,-42,2730,3.16,1.58,0.12,Po
Stock Yield Enhancement Program Securities Lent Fee Earned Details,Data,USD,2026-08-06,RACE,2026-08-06,-10,4150,0.31,0.16,0.02,Po
Stock Yield Enhancement Program Securities Lent Fee Earned Details,Data,USD,2026-08-07,PICK,2026-08-07,-43,2752,3.16,1.58,0.12,Po
Stock Yield Enhancement Program Securities Lent Fee Earned Details,Data,USD,2026-08-07,RACE,2026-08-07,-10,4160,0.31,0.16,0.02,Po
Stock Yield Enhancement Program Securities Lent Fee Earned Details,Data,USD,2026-08-08,PICK,2026-08-07,-43,2752,3.16,1.58,0.12,Po
Stock Yield Enhancement Program Securities Lent Fee Earned Details,Data,USD,2026-08-08,RACE,2026-08-07,-10,4160,0.31,0.16,0.02,Po
Stock Yield Enhancement Program Securities Lent Fee Earned Details,Data,USD,2026-08-09,PICK,2026-08-07,-43,2752,3.16,1.58,0.12,Po
Stock Yield Enhancement Program Securities Lent Fee Earned Details,Data,USD,2026-08-09,RACE,2026-08-07,-10,4160,0.31,0.16,0.02,Po
Stock Yield Enhancement Program Securities Lent Fee Earned Details,Data,USD,2026-08-10,PICK,2026-08-10,-60,3900,3.12,1.56,0.17,Po
Stock Yield Enhancement Program Securities Lent Fee Earned Details,Data,USD,2026-08-11,PICK,2026-08-11,-62,4092,3.12,1.56,0.18,Po
Stock Yield Enhancement Program Securities Lent Fee Earned Details,Data,USD,2026-08-12,PICK,2026-08-12,-47,3055,3.14,1.57,0.14,Po
Stock Yield Enhancement Program Securities Lent Fee Earned Details,Data,USD,2026-08-13,PICK,2026-08-13,-23,1495,3.13,1.57,0.07,Po
Stock Yield Enhancement Program Securities Lent Fee Earned Details,Data,USD,2026-08-14,PICK,2026-08-14,-60,3840,3.27,1.64,0.18,Po
Stock Yield Enhancement Program Securities Lent Fee Earned Details,Data,USD,2026-08-15,PICK,2026-08-14,-60,3840,3.27,1.64,0.18,Po
Stock Yield Enhancement Program Securities Lent Fee Earned Details,Data,USD,2026-08-16,PICK,2026-08-14,-60,3840,3.27,1.64,0.18,Po
Stock Yield Enhancement Program Securities Lent Fee Earned Details,Data,USD,2026-08-17,PICK,2026-08-17,-70,4480,3.27,1.64,0.21,Po
Stock Yield Enhancement Program Securities Lent Fee Earned Details,Data,USD,2026-08-17,RACE,2026-08-17,-8,3392,0.23,0.12,0.01,Po
Stock Yield Enhancement Program Securities Lent Fee Earned Details,Data,USD,2026-08-18,PICK,2026-08-18,-12,780,3.19,1.6,0.04,Po
Stock Yield Enhancement Program Securities Lent Fee Earned Details,Data,USD,2026-08-18,POW,2026-08-18,-10,290,3.47,1.74,0.02,Po
Stock Yield Enhancement Program Securities Lent Fee Earned Details,Data,USD,2026-08-18,RACE,2026-08-18,-10,4260,0.23,0.12,0.02,Po
Stock Yield Enhancement Program Securities Lent Fee Earned Details,Data,USD,2026-08-19,RACE,2026-08-19,-8,3368,0.23,0.12,0.01,Po
Stock Yield Enhancement Program Securities Lent Fee Earned Details,Data,USD,2026-08-20,RACE,2026-08-20,-10,4340,0.23,0.12,0.02,Po
Stock Yield Enhancement Program Securities Lent Fee Earned Details,Data,USD,2026-08-21,PICK,2026-08-21,-80,5200,2.84,1.42,0.21,Po
Stock Yield Enhancement Program Securities Lent Fee Earned Details,Data,USD,2026-08-21,RACE,2026-08-21,-10,4370,0.23,0.12,0.02,Po
Stock Yield Enhancement Program Securities Lent Fee Earned Details,Data,USD,2026-08-22,PICK,2026-08-21,-80,5200,2.84,1.42,0.21,Po
Stock Yield Enhancement Program Securities Lent Fee Earned Details,Data,USD,2026-08-22,RACE,2026-08-21,-10,4370,0.23,0.12,0.02,Po
Stock Yield Enhancement Program Securities Lent Fee Earned Details,Data,USD,2026-08-23,PICK,2026-08-21,-80,5200,2.84,1.42,0.21,Po
Stock Yield Enhancement Program Securities Lent Fee Earned Details,Data,USD,2026-08-23,RACE,2026-08-21,-10,4370,0.23,0.12,0.02,Po
Stock Yield Enhancement Program Securities Lent Fee Earned Details,Data,USD,2026-08-24,PICK,2026-08-24,-33,2244,2.9,1.45,0.09,Po
Stock Yield Enhancement Program Securities Lent Fee Earned Details,Data,USD,2026-08-24,RACE,2026-08-24,-10,4460,0.23,0.12,0.02,Po
Stock Yield Enhancement Program Securities Lent Fee Earned Details,Data,USD,2026-08-25,PICK,2026-08-25,-71,4828,2.9,1.45,0.2,Po
Stock Yield Enhancement Program Securities Lent Fee Earned Details,Data,USD,2026-08-25,RACE,2026-08-25,-10,4330,0.23,0.12,0.02,Po
Stock Yield Enhancement Program Securities Lent Fee Earned Details,Data,USD,2026-08-26,PICK,2026-08-26,-76,5244,2.95,1.48,0.22,Po
Stock Yield Enhancement Program Securities Lent Fee Earned Details,Data,USD,2026-08-26,RACE,2026-08-26,-10,4310,0.23,0.12,0.02,Po
Stock Yield Enhancement Program Securities Lent Fee Earned Details,Data,USD,2026-08-27,PICK,2026-08-27,-72,4896,2.96,1.48,0.2,Po
Stock Yield Enhancement Program Securities Lent Fee Earned Details,Data,USD,2026-08-27,RACE,2026-08-27,-10,4220,0.23,0.12,0.02,Po
Stock Yield Enhancement Program Securities Lent Fee Earned Details,Data,USD,2026-08-28,PICK,2026-08-28,-78,5304,2.98,1.49,0.22,Po
Stock Yield Enhancement Program Securities Lent Fee Earned Details,Data,USD,2026-08-28,POW,2026-08-28,-20,540,1.96,0.98,0.02,Po
Stock Yield Enhancement Program Securities Lent Fee Earned Details,Data,USD,2026-08-28,RACE,2026-08-28,-10,4230,0.23,0.12,0.02,Po
Stock Yield Enhancement Program Securities Lent Fee Earned Details,Data,USD,2026-08-29,PICK,2026-08-28,-78,5304,2.98,1.49,0.22,Po
Stock Yield Enhancement Program Securities Lent Fee Earned Details,Data,USD,2026-08-29,POW,2026-08-28,-20,540,1.96,0.98,0.02,Po
Stock Yield Enhancement Program Securities Lent Fee Earned Details,Data,USD,2026-08-29,RACE,2026-08-28,-10,4230,0.23,0.12,0.02,Po
Stock Yield Enhancement Program Securities Lent Fee Earned Details,Data,USD,2026-08-30,PICK,2026-08-28,-78,5304,2.98,1.49,0.22,Po
Stock Yield Enhancement Program Securities Lent Fee Earned Details,Data,USD,2026-08-30,POW,2026-08-28,-20,540,1.96,0.98,0.02,Po
Stock Yield Enhancement Program Securities Lent Fee Earned Details,Data,USD,2026-08-30,RACE,2026-08-28,-10,4230,0.23,0.12,0.02,Po
Stock Yield Enhancement Program Securities Lent Fee Earned Details,Data,USD,2026-08-31,PICK,2026-08-31,-11,748,3.02,1.51,0.03,Po
Stock Yield Enhancement Program Securities Lent Fee Earned Details,Data,USD,2026-08-31,POW,2026-08-31,-19,513,1.97,0.99,0.02,Po
Stock Yield Enhancement Program Securities Lent Fee Earned Details,Data,USD,2026-08-31,RACE,2026-08-31,-10,4290,0.23,0.12,0.02,Po
Stock Yield Enhancement Program Securities Lent Fee Earned Details,Data,Total,,,,,,,,11.58
Financial Instrument Information,Header,Asset Category,Symbol,Description,Conid,Security ID,Underlying,Listing Exch,Multiplier,Type,Code
Financial Instrument Information,Data,Stocks,2890,SINOPAC FINANCIAL HOLDINGS,38768977,TW0002890001,2890,TWSE,1,COMMON
Financial Instrument Information,Data,Stocks,2890.SPO,SINOPAC FINANCIAL HOLDINGS - SPINOFF,904183571,TW000289SPO9,2890.SPO,CORPACT,1,TENDER
Financial Instrument Information,Data,Stocks,2914.T,JAPAN TOBACCO INC,13905344,JP3726800000,2914,TSEJ,1,COMMON
Financial Instrument Information,Data,Stocks,3069,CHINAAMC HS BIOTECH,476977359,HK0000711199,3069,SEHK,1,ETF
Financial Instrument Information,Data,Stocks,3110,GLOBAL X HS HIGH DIV YIE,129227990,HK0000151933,3110,SEHK,1,ETF
Financial Instrument Information,Data,Stocks,3416,GLOBAL X HSCEI COVERED C,687069442,HK0000978954,3416,SEHK,1,ETF
Financial Instrument Information,Data,Stocks,4543.T,TERUMO CORP,13905488,JP3546800008,4543,TSEJ,1,COMMON
Financial Instrument Information,Data,Stocks,4568.T,DAIICHI SANKYO CO LTD,35928149,JP3475350009,4568,TSEJ,1,COMMON
Financial Instrument Information,Data,Stocks,7203.T,TOYOTA MOTOR CORP,13905804,JP3633400001,7203,TSEJ,1,COMMON
Financial Instrument Information,Data,Stocks,AAFl,AIRTEL AFRICA PLC,373291234,GB00BKDRYJ47,AAF,LSE,1,COMMON
Financial Instrument Information,Data,Stocks,AEP,AMERICAN ELECTRIC POWER,4211,US0255371017,AEP,NASDAQ,1,COMMON
Financial Instrument Information,Data,Stocks,ANET,ARISTA NETWORKS INC,740948854,US0404132054,ANET,NYSE,1,COMMON
Financial Instrument Information,Data,Stocks,APH,AMPHENOL CORP-CL A,4493,US0320951017,APH,NYSE,1,COMMON
Financial Instrument Information,Data,Stocks,ASML,ASML HOLDING NV-NY REG SHS,117902840,USN070592100,ASML,NASDAQ,1,NY REG SHRS
Financial Instrument Information,Data,Stocks,AVGO,BROADCOM INC,313130367,US11135F1012,AVGO,NASDAQ,1,COMMON
Financial Instrument Information,Data,Stocks,AXP,AMERICAN EXPRESS CO,4721,US0258161092,AXP,NYSE,1,COMMON
Financial Instrument Information,Data,Stocks,BAC,BANK OF AMERICA CORP,10098,US0605051046,BAC,NYSE,1,COMMON
Financial Instrument Information,Data,Stocks,BARCl,BARCLAYS PLC,908940,GB0031348658,BARC,LSE,1,COMMON
Financial Instrument Information,Data,Stocks,BBJP,JPMORGAN BETABUILDERS JAPAN,477183122,US46641Q2176,BBJP,BATS,1,ETF
Financial Instrument Information,Data,Stocks,BNO,UNITED STATES BRENT OIL FUND,75961365,US91167Q1004,BNO,ARCA,1,ETF
Financial Instrument Information,Data,Stocks,BX,BLACKSTONE INC,372834689,US09260D1072,BX,NYSE,1,COMMON
Financial Instrument Information,Data,Stocks,CAT,CATERPILLAR INC,5437,US1491231015,CAT,NYSE,1,COMMON
Financial Instrument Information,Data,Stocks,CNUA,UBS ETF MSCI CHINA A USD ACC,404791387,IE00BKFB6K94,CNUA,IBIS,1,ETF
Financial Instrument Information,Data,Stocks,CSCO,CISCO SYSTEMS INC,268084,US17275R1023,CSCO,NASDAQ,1,COMMON
Financial Instrument Information,Data,Stocks,DHI,DR HORTON INC,268627,US23331A1097,DHI,NYSE,1,COMMON
Financial Instrument Information,Data,Stocks,DXJ,WISDOMTREE JAPAN HEDGED EQ,39832875,US97717W8516,DXJ,ARCA,1,ETF
Financial Instrument Information,Data,Stocks,EMXC,ISHARES MSCI EMR MRK EX CHNA,282856694,US46434G7640,EMXC,NASDAQ,1,ETF
Financial Instrument Information,Data,Stocks,GE,GENERAL ELECTRIC,498843743,US3696043013,GE,NYSE,1,COMMON
Financial Instrument Information,Data,Stocks,GLD,SPDR GOLD SHARES,51529211,US78463V1070,GLD,ARCA,1,ETF
Financial Instrument Information,Data,Stocks,IBM,INTL BUSINESS MACHINES CORP,8314,US4592001014,IBM,NYSE,1,COMMON
Financial Instrument Information,Data,Stocks,JPM,JPMORGAN CHASE & CO,1520593,US46625H1005,JPM,NYSE,1,COMMON
Financial Instrument Information,Data,Stocks,LLY,ELI LILLY & CO,9160,US5324571083,LLY,NYSE,1,COMMON
Financial Instrument Information,Data,Stocks,LRCX,LAM RESEARCH CORP,732440574,US5128073062,LRCX,NASDAQ,1,COMMON
Financial Instrument Information,Data,Stocks,META,META PLATFORMS INC-CLASS A,107113386,US30303M1027,META,NASDAQ,1,COMMON
Financial Instrument Information,Data,Stocks,MSFT,MICROSOFT CORP,272093,US5949181045,MSFT,NASDAQ,1,COMMON
Financial Instrument Information,Data,Stocks,MU,MICRON TECHNOLOGY INC,9939,US5951121038,MU,NASDAQ,1,COMMON
Financial Instrument Information,Data,Stocks,NFLX,NETFLIX INC,15124833,US64110L1061,NFLX,NASDAQ,1,COMMON
Financial Instrument Information,Data,Stocks,NOVOBc,NOVO NORDISK A/S-B,652806383,DK0062498333,NOVO.B,CPH,1,COMMON
Financial Instrument Information,Data,Stocks,NVDA,NVIDIA CORP,4815747,US67066G1040,NVDA,NASDAQ,1,COMMON
Financial Instrument Information,Data,Stocks,PICK,ISHARES MSCI GLOBAL METALS &,253190571,US46434G8481,PICK,BATS,1,ETF
Financial Instrument Information,Data,Stocks,POW,VISTASHA ELETRICAN SC ETF,826135926,US45259A8374,POW,ARCA,1,ETF
Financial Instrument Information,Data,Stocks,PRYm,PRYSMIAN SPA,46114851,IT0004176001,PRY,BVME,1,COMMON
Financial Instrument Information,Data,Stocks,QUTM,VANECK QUANTUM COMPUTING ETF,787557943,IE0007Y8Y157,QUTM,IBIS2,1,ETF
Financial Instrument Information,Data,Stocks,RACE,FERRARI NV,217234340,NL0011585146,RACE,NYSE,1,COMMON
Financial Instrument Information,Data,Stocks,RHM,RHEINMETALL AG,15085,DE0007030009,RHM,IBIS,1,COMMON
Financial Instrument Information,Data,Stocks,RYAAY,RYANAIR HOLDINGS PLC-SP ADR,210918190,US7835132033,RYAAY,NASDAQ,1,ADR
Financial Instrument Information,Data,Stocks,SE,SEA LTD-ADR,292735472,US81141R1005,SE,NYSE,1,ADR
Financial Instrument Information,Data,Stocks,SHELL,SHELL PLC,541411967,GB00BP6MXD84,SHELL,AEB,1,COMMON
Financial Instrument Information,Data,Stocks,SHELL.2DR,SHELL PLC - DIVIDEND RIGHTS,909323395,NL0015074AB2,SHELL.2DR,CORPACT,1,RIGHT
Financial Instrument Information,Data,Stocks,SHELL.DvR,SHELL PLC - DIVIDEND RIGHTS,884994546,NL00150743A0,SHELL.DvR,CORPACT,1,RIGHT
Financial Instrument Information,Data,Stocks,SIE,SIEMENS AG-REG,14217,DE0007236101,SIE,IBIS,1,COMMON
Financial Instrument Information,Data,Stocks,SPOT,SPOTIFY TECHNOLOGY SA,312496724,LU1778762911,SPOT,NYSE,1,COMMON
Financial Instrument Information,Data,Stocks,SU,SCHNEIDER ELECTRIC SE,29612196,FR0000121972,SU,SBF,1,COMMON
Financial Instrument Information,Data,Stocks,TCEHY,TENCENT HOLDINGS LTD-UNS ADR,55279376,US88032Q1094,TCEHY,PINK,1,ADR
Financial Instrument Information,Data,Stocks,TGT,TARGET CORP,6437,US87612E1064,TGT,NYSE,1,COMMON
Financial Instrument Information,Data,Stocks,TIP,ISHARES TIPS BOND ETF,26787475,US4642871762,TIP,ARCA,1,ETF
Financial Instrument Information,Data,Stocks,TSM,TAIWAN SEMICONDUCTOR-SP ADR,6223250,US8740391003,TSM,NYSE,1,ADR
Financial Instrument Information,Data,Stocks,URA,GLOBAL X URANIUM ETF,211651685,US37954Y8710,URA,ARCA,1,ETF
Financial Instrument Information,Data,Stocks,UUl,UNITED UTILITIES GROUP PLC,52950461,GB00B39J2M42,UU.,LSE,1,COMMON
Financial Instrument Information,Data,Stocks,VHT,VANGUARD HEALTH CARE ETF,27638082,US92204A5048,VHT,ARCA,1,ETF
Codes,Header,Code,Meaning,Code (Cont.),Meaning (Cont.)
Codes,Data,A,Assignment
Codes,Data,ADR,ADR Fee Accrual
Codes,Data,AEx,Automatic exercise for dividend-related recommendation.
Codes,Data,AFx,AutoFX conversion resulting from trading
Codes,Data,Adj,Adjustment
Codes,Data,Al,Allocation
Codes,Data,Aw,Away Trade
Codes,Data,B,Automatic Buy-in
Codes,Data,Bo,Direct Borrow
Codes,Data,C,Closing Trade
Codes,Data,CD,Cash Delivery
Codes,Data,CP,Complex Position
Codes,Data,Ca,Cancelled
Codes,Data,Co,Corrected Trade
Codes,Data,Cx,Part or all of this transaction was a Crossing executed as dual agent by Broker for two Broker customers
Codes,Data,DT,Discounted Trade
Codes,Data,De,Delivery or Conversion Action
Codes,Data,ETF,ETF Creation/Redemption
Codes,Data,Ep,Resulted from an Expired Position
Codes,Data,Ex,Exercise
Codes,Data,FP,"Broker acted as agent for the fractional share portion of this trade, which was executed by a Broker affiliate as principal."
Codes,Data,FPA,Broker acted as agent for both the fractional share portion and the whole share portion of this trade; the fractional share portion was executed by a Broker Affiliate as principal.
Codes,Data,G,Trade in Guaranteed Account Segment
Codes,Data,GEA,Exercise or Assignment resulting from offsetting positions
Codes,Data,HC,Highest Cost tax basis election
Codes,Data,HFI,Investment Transferred to Hedge Fund
Codes,Data,HFR,Redemption from Hedge Fund
Codes,Data,I,Internal Transfer
Codes,Data,IA,This transaction was executed against a Broker affiliate
Codes,Data,IM,A portion of the order was executed against a Broker affiliate; A broker acted as agent on a portion.
Codes,Data,INV,Investment Transfer from Investor
Codes,Data,IPO,This transaction was executed as part of an IPO in which Broker was a member of the selling group and is classified as a Principal trade.
Codes,Data,L,Ordered by Broker (Margin Violation)
Codes,Data,LD,Adjusted by Loss Disallowed from Wash Sale
Codes,Data,LF,Liquidation of fractional position by IB
Codes,Data,LI,"Last In, First Out (LIFO) tax basis election"
Codes,Data,LT,Long Term P/L
Codes,Data,Lo,Direct Loan
Codes,Data,M,Entered manually by Broker
Codes,Data,MEx,Manual exercise for dividend-related recommendation.
Codes,Data,ML,Maximize Losses tax basis election
Codes,Data,MLG,Maximize Long Term Gain tax basis election
Codes,Data,MLL,Maximize Long Term Loss tax basis election
Codes,Data,MSG,Maximize Short Term Gain tax basis election
Codes,Data,MSL,Maximize Short Term Loss tax basis election
Codes,Data,O,Opening Trade
Codes,Data,Off,Yes and No contracts offset to $1.00 cash settlement
Codes,Data,P,Partial Execution
Codes,Data,PE,Perpetual Investment
Codes,Data,PI,Price Improvement
Codes,Data,PTA,Post Trade Allocation
Codes,Data,Po,Interest or Dividend Accrual Posting
Codes,Data,Pr,Part or all of this transaction was executed by the Exchange as a Crossing by Broker against a Broker affiliate and is therefore classified as a Principal and not an agency trade
Codes,Data,R,Dividend Reinvestment
Codes,Data,RED,Redemption to Investor
Codes,Data,RI,Recurring Investment
Codes,Data,RP,"Broker acted as agent for the fractional share portion of this trade, which was executed by a Broker affiliate as riskless principal."
Codes,Data,RPA,Broker acted as agent for both the fractional share portion and the whole share portion of this trade; the fractional share portion was executed by a Broker Affiliate as riskless principal.
Codes,Data,Rb,Rebill
Codes,Data,Re,Interest or Dividend Accrual Reversal
Codes,Data,Ri,Reimbursement
Codes,Data,S0,Contract settled to zero value
Codes,Data,S1,Contract settled to $1.00
Codes,Data,SF,Trade is subject to IBKR Lite Surcharge Fee if volume of such trades exceeds 10% of the total monthly Lite trade volume
Codes,Data,SI,This order was solicited by Broker
Codes,Data,SL,Specific Lot tax basis election
Codes,Data,SO,This order was marked as solicited by your Introducing Broker
Codes,Data,SS,Customer designated this trade for shortened settlement and so is subject to execution at prices above the prevailing market
Codes,Data,ST,Short Term P/L
Codes,Data,Sw,Money Market Fund Sweep
Codes,Data,T,Transfer
Codes,Data,TO,This cryptocurrency is not supported in your account. You will not be able to sell it from your account but may transfer it out at any time.
Codes,Data,Un,Unvested shares from stock grant
Codes,Data,XCH,Mutual Fund Exchange Transaction
Notes/Legal Notes,Header,Type,Note
Notes/Legal Notes,Data,Notes,"Stock exchange transactions generally settle on the trade date plus one business day (T+1). Options, futures and US open-end mutual fund transactions also settle on trade date plus one business day. Some exchanges and other transaction types may have longer or shorter settlement periods. Ending settled cash reflects the cash that has actually settled."
Notes/Legal Notes,Data,Notes,Initial and maintenance margin requirements are available within the Account Window of the Trader Workstation.
Notes/Legal Notes,Data,Notes,"Interactive Brokers LLC receives compensation from fund companies in connection with the purchase and holding of fund shares by customers of Interactive Brokers LLC. Such compensation includes, but is not limited to, Rule 12b-1 fees that are paid out of the funds assets. The source and amount of any remuneration received by Interactive Brokers LLC in connection with a transaction will be furnished upon written request of the customer.  IB may share a portion of the compensation received from fund companies with your independent advisor or introducing broker."
Notes/Legal Notes,Data,Notes,"Quantities preceded by a ""-"" sign indicate sell transactions. Other transactions are purchases. "
Notes/Legal Notes,Data,Notes,"IB acts as agent in executing the fractional share portion of your order. In certain circumstances, IB routes the fractional portion of your order to an affiliate, which may execute the fractional portion of the order as principal. In such circumstances, this is indicated by the codes associated with the trade. If an IB affiliate acts as principal in executing any fractional share portion of your order, the order will be executed at the price displayed for the opposite side of the NBBO from your order (the offer if you are buying and the bid if you are selling) at the time of execution. If an IB affiliate is acting as riskless principal in connection with filling the fractional share portion of your order, the affiliate will execute the fractional share portion of your order at the price it receives for the execution of the whole share."
Notes/Legal Notes,Data,Notes,"In case of partial executions, commissions are charged on the total quantity executed on the original order. The commission is displayed on the first partial execution only."
Notes/Legal Notes,Data,Notes,Trade execution times are displayed in Eastern Time.
Notes/Legal Notes,Data,Notes,Applicable regulatory fees for your transactions are available on the IB website at www.interactivebrokers.com/en/accounts/fees/exchangeAndRegulatoryFees.php.
Notes/Legal Notes,Data,Notes,"Borrow Fee Rate represents the cost to borrow stock expressed in percent per annum. It is applied to the collateral value on the stock borrow contract and is separate from any interest earned on credit cash balances. Similarly, Loan Fee Rate represents the benefit to lend stock. A positive rate indicates a cost to the borrower/benefit to the lender and a negative rate indicates a benefit to the borrower/cost to the lender. In general, the fee rates for hard-to-borrow stocks are higher than for normal availability stocks."
Notes/Legal Notes,Data,Notes,Interest Rate on Customer Collateral represents the interest paid on the collateral posted to the customer's account and received from lending stock.  A positive rate indicates a benefit to the lender.
Notes/Legal Notes,Data,Notes,"The closing prices on this Activity Statement are indicative and may come from third-party sources. Interactive Brokers does not warrant the accuracy of the prices provided by third-party sources. Due to time zone differences, certain non-US mutual funds may deliver closing prices after the Activity Statement has been produced and the closing prices for such funds will reflect the previous day's price."
Notes/Legal Notes,Data,Notes,All Market Data and Research services are provided through Global Financial Information Services (GmbH).
Notes/Legal Notes,Data,Notes,"Market data is provided by Global Financial Information Services (GmbH). Your local broker collects amounts owed for fees and tax for such data on behalf of Global Financial Information Services (GmbH). Note, you are responsible for any applicable taxes relating to the provision of these services."
Notes/Legal Notes,Data,Notes,"For clients whose accounts are being managed by an advisor, trades shown may be part of a larger trade that was allocated across multiple client accounts, based on an allocation algorithm specified by the advisor prior to execution of the trade.  Times shown are times that trades were allocated to your account.  Execution time on the relevant market center is available upon your request."
Notes/Legal Notes,Data,Notes,"If you specified that your advisor is to receive a per-trade advisory fee, please note that the figures in the ""Commiss"" column in the transaction listings are gross amounts that include both IB's brokerage commission for the trade as well as the advisor's per-trade fee.  IB receives its standard published brokerage commissions on your trades ( see www.interactivebrokers.com ). To determine the advisor's per-trade fee for any trade, subtract IB's standard commission from the amount shown."
Notes/Legal Notes,Data,Notes,"The fee formula for annualized percentage of net liquidation value applied on a daily is the fee percentage times the current NAV divided by 252. Assumption: Annualized percentage 5% of Net Liquidation. Previous day ending-equity $100,000 Calculation: 5%*$100,000/252=$19.84"
Notes/Legal Notes,Data,Notes,"FX rates used to display amounts in base currency for IBKR Managed Securities Lent (Stock Yield Enhancement Program), IBKR Managed Securities Collateral Held at IBSS (Stock Yield Enhancement Program) and IBKR Managed Securities Lent Activity (Stock Yield Enhancement Program) are as of the previous business day of the activity's report date.  There may be slight differences in converted amounts between sections due to rounding."
Notes/Legal Notes,Data,Notes,The stated commission rate on the Interactive Brokers website is for direct clients of Interactive Brokers. Clients managed by an advisor may pay additional commissions set by their advisor. Clients should contact their advisor about the rates that will apply to their account.
Notes/Legal Notes,Data,Notes,RUS denotes Ruble balances that have been restricted by Russian authorities.
Notes/Legal Notes,Data,Mutual Fund Notes,"All purchase and sales of mutual funds are calculated against the published NAV (Net Asset Value) of the underlying fund and is displayed on this confirmation as the ""C. Price"" (Closing Price). Due to any fees charged by a fund and/or any share rounding, the net price you pay may vary from the published NAV and is shown on this confirmation as the ""T. Price"" (Trade Price)."
Notes/Legal Notes,Data,Fixed Income Notes,"Call features for bonds or preferred stocks may affect the yield. For zero coupon, compound interest and multiplier securities, there are no periodic payments and securities may be callable below maturity value without notice to holder unless registered. For asset-backed securities, the actual yield may vary depending on the speed at which the underlying note is pre-paid. For additional information regarding bond yield, please contact the IB Help Desk at: ibkr.com/help. If this debt security is unrated by a nationally recognized statistical rating organization, it may pose a high risk of default. You should consult an independent advisor to determine whether unrated bonds are appropriate for your portfolio in light of your goals and your financial circumstances. Fees charged by bond trading centers are included in the cost of bond transactions."
Notes/Legal Notes,Data,Legal Notes,"Please promptly report any inaccuracy or discrepancy in this statement, or in your account. Contact the IB Customer Service Department in writing using the form available on the IB website. You may also contact IB by phone, but if you report an error by phone, you should re-confirm such oral communication in writing in order to protect your rights, including rights under the Securities Investor Protection Act (SIPA).Interactive Brokers:Interactive Brokers LLC, www.interactivebrokers.com, 877-442-2757 (U.S.)Interactive Brokers (UK) (Ltd), www.interactivebrokers.co.uk, 00800-42-276537 (Intl)Interactive Brokers Canada Inc., www.interactivebrokers.ca, 877-745-4222 (Can.)"
Notes/Legal Notes,Data,Legal Notes,"Unless otherwise noted, Interactive Brokers acted as agent in the execution of the above transactions. For those exchanges where IB is not a direct clearing member or custodian, IB may use one of the following clearing agents or sub-custodians: Interactive Brokers Australia Pty Limited; Interactive Brokers Canada Inc.; Interactive Brokers Hong Kong Limited; Interactive Brokers Ireland, Limited; Interactive Brokers Securities Japan, Inc.; Interactive Brokers (U.K.) Limited; IBKR Financial Services AG; ABN Amro Clearing Singapore Pte. Ltd.; Allfunds Bank, S.A.U.; Banco B3 S.A.; BBVA Bancomer, S.A.; BNP Securities Services, Milan Branch; BMO Bank N.A.; Citibank Europe plc; Skandinaviska Enskilda Banken AB (including select branches)."
Notes/Legal Notes,Data,Legal Notes,"IB acts as agent or riskless principal in foreign currency exchange transactions and as riskless principal in spot precious metals transactions.  Such transactions are executed against an IB affiliate or a third party, which acts as principal in such transactions and may have a long or short position and may have profited or lost in connection with the transaction.  Foreign currency exchange and spot precious metals transactions executed by Customer through IB are not regulated or overseen by the SEC or the CFTC."
Notes/Legal Notes,Data,Legal Notes,"IB accepts liquidity rebates or other order flow payments from Alternative Trading Systems, market makers and exchanges for certain orders in stocks. IB receives payment for some option orders pursuant to exchange-mandated marketing fee programs or other arrangements. The source and nature of any compensation received by IB in connection with any transaction is available upon written request of the customer. For further information, check the IB website and the Order Routing and Payment for Order Flow Disclosure provided when you opened your account and annually or visit ibkr.com/help.  "
Notes/Legal Notes,Data,Legal Notes,"For security futures trades, if not already indicated on this statement, information about the time of any transaction, the identity of the counterparty to the transaction, and whether IB is acting as agent or principal, as agent for the counterparty, as agent for both parties to the contract, or as principal, and if acting as principal, whether the transaction was a block transaction or an exchange for physicals transaction, will be available upon written request of the customer."
Notes/Legal Notes,Data,Legal Notes,Customer is requested to promptly advise Interactive Brokers of any material change in Customers investment objectives.
Notes/Legal Notes,Data,Legal Notes,"Interactive Brokers LLC, member Securities Investor Protection Corporation (SIPC), provides execution, clearing and carrying services for your account pursuant to an agreement with MATCAP WEALTH ADVISORS PRIVATE LIMITED. As with all securities firms, SIPC coverage provides protection against failure of a broker-dealer, not against loss of market value of securities.  Futures and options on futures are not covered by SIPC."
Notes/Legal Notes,Data,Legal Notes,"A financial statement of Interactive Brokers LLC is available for your personal inspection at www.interactivebrokers.com or at its offices, or a copy of it will be mailed upon your written request."
Notes/Legal Notes,Data,Legal Notes,"For trades executed on the ASX market, the ASX 24 market and the Cboe Australia market, this confirmation is issued subject to: (i) the Applicable Laws, the directions, decisions and requirements of the relevant market operator, the operating rules of the relevant market, the clearing rules and where relevant, the relevant settlement rules, (ii) the customs and usages of the relevant financial market, and (iii) the correction of errors and omissions. Trades in Cash Market Products (as that term is defined in the relevant ASIC market integrity rules) on ASX market and Cboe Australia are cleared by BNP Paribas, ARBN 149 440 291, AFSL 402467, who is a participant of ASX Clear Pty Ltd and ASX Settlement Pty Ltd. Trades in Derivative Products on ASX and all products on ASX 24 are cleared by Interactive Brokers Australia (“IBA”) as a participant of ASX Clear Pty Ltd and ASX Clear (Futures) Pty Ltd. If your transaction was a crossing transaction, IBA may have either acted on behalf of (i) both the buyer and seller of this transaction, or (ii) on behalf of the buyer or seller on one side of the transaction and acted as Principal on the other side. Under the Corporations Act 2001, where IBA enters into an exchange traded derivative on a customer's behalf, IBA is regarded as having issued the derivative to the customer."
Notes/Legal Notes,Data,Legal Notes,"For All Options Trades Executed on the Stock Exchange of Hong Kong (""SEHK""): (a) Options can involve a high degree of risk and may not be suitable for every investor. Investors should ensure they understand those risks before participating in the options market. (b) All options contracts executed on the SEHK were executed by Interactive Brokers Hong Kong Limited on behalf of Interactive Brokers LLC. (c) In the event of a default committed by Interactive Brokers LLC resulting in the client suffering any pecuniary loss, the client shall have a right to claim under the Investor Compensation Fund established under the Hong Kong Securities and Futures Ordinance, subject to the terms of the Investor Compensation Fund from time to time. (d) All Exchange Traded Options Business made for or on behalf of a client shall be subject to the relevant provisions of the constitution, Rules of The Stock Exchange of Hong Kong Limited (""SEHK Rules""), regulations, the Articles, customs and usages of SEHK, the Options Trading Rules, the Clearing Rules of SEOCH, the CCASS Rules and the laws of Hong Kong, which shall be binding on both Interactive Brokers LLC and the client."
Notes/Legal Notes,Data,Legal Notes,"Interactive Brokers LLC is a SIPC member. Deposits held away from Interactive Brokers LLC may not qualify under SIPC protection. Also, futures and options on futures are not covered by SIPC."
Notes/Legal Notes,Data,,Interactive Brokers LLC is a SIPC Member
