Statement,Header,Field Name,Field Value
Statement,Data,Title,Activity Statement
Statement,Data,Period,"April 1, 2025 - March 31, 2026"
Statement,Data,WhenGenerated,"2026-08-21, 04:06:24 EDT"
Account Information,Header,Field Name,Field Value
Account Information,Data,Name,Yagyank Chadha
Account Information,Data,Account,U15172057
Account Information,Data,Investment Advisor,MATCAP WEALTH ADVISORS PRIVATE LIMITED
Account Information,Data,Account Type,Advisor Client
Account Information,Data,Customer Type,Individual
Account Information,Data,Account Capabilities,Cash
Account Information,Data,Base Currency,USD
Net Asset Value,Header,Asset Class,Prior Total,Current Long,Current Short,Current Total,Change
Net Asset Value,Data,Cash ,18501.417751354,1897.136667605,0,1897.136667605,-16604.281083749
Net Asset Value,Data,Collateral Value,5985,6616.102421011,0,6616.102421011,631.102421011
Net Asset Value,Data,Stock,51217.559885,110815.755362,0,110815.755362,59598.195477
Net Asset Value,Data,Securities Lent,-5985,0,-6616.102421011,-6616.102421011,-631.102421011
Net Asset Value,Data,Funds,80319.54023,0,0,0,-80319.54023
Net Asset Value,Data,Interest Accruals,42.25,1.0803485,0,1.0803485,-41.1696515
Net Asset Value,Data,Dividend Accruals,56.6429176,128.4470356,0,128.4470356,71.804118
Net Asset Value,Data,Total,150137.410783954,119458.521834717,-6616.102421011,112842.419413705,-37294.991370249
Net Asset Value,Header,Time Weighted Rate of Return
Net Asset Value,Data,35.264677567%
Change in NAV,Header,Field Name,Field Value
Change in NAV,Data,Starting Value,150137.410783954
Change in NAV,Data,Mark-to-Market,34223.97062437
Change in NAV,Data,Deposits & Withdrawals,25000
Change in NAV,Data,Position Transfers,-95237.971264
Change in NAV,Data,Dividends,2053.74006
Change in NAV,Data,Withholding Tax,-296.478046
Change in NAV,Data,Change in Dividend Accruals,76.851329
Change in NAV,Data,Interest,117.3107214
Change in NAV,Data,Change in Interest Accruals,-41.1640678
Change in NAV,Data,Advisor Fees,-3139.51
Change in NAV,Data,Commissions,-39.399004313
Change in NAV,Data,Transaction Fees,-7.288905349
Change in NAV,Data,Other FX Translations,-5.0527947
Change in NAV,Data,Ending Value,112842.419413705
Mark-to-Market Performance Summary,Header,Asset Category,Symbol,Prior Quantity,Current Quantity,Prior Price,Current Price,Mark-to-Market P/L Position,Mark-to-Market P/L Transaction,Mark-to-Market P/L Commissions,Mark-to-Market P/L Other,Mark-to-Market P/L Total,Code
Mark-to-Market Performance Summary,Data,Stocks,1810,0,0,--,--,-601.44796,38.08136,-14.24839181,0,-577.61499181,
Mark-to-Market Performance Summary,Data,Stocks,2914.T,100,100,"4,114.0000","6,020.0000",1254.51722,0,0,128.7332633,1383.2504833,
Mark-to-Market Performance Summary,Data,Stocks,3069,0,700,--,14.6600,65.80084,-5.35038,-2.32849837,4.49715,62.61911163,
Mark-to-Market Performance Summary,Data,Stocks,3110,0,500,--,31.5400,175.4424,7.6434,-2.345083019,120.649,301.389716981,
Mark-to-Market Performance Summary,Data,Stocks,3416,0,1000,--,9.3700,-149.72385,2.5478,-2.33121407,144.8383,-4.66896407,
Mark-to-Market Performance Summary,Data,Stocks,4568.T,100,200,"3,511.0000","2,766.0000",-960.10225,10.80272,-1.910461032,59.868918,-891.341073032,
Mark-to-Market Performance Summary,Data,Stocks,7203.T,0,100,--,"3,162.0000",463.90903,0,-1.353063864,24.356101,486.912067136,
Mark-to-Market Performance Summary,Data,Stocks,AEP,0,10,--,131.0800,168.2,-2.5,-1,7.12,171.82,
Mark-to-Market Performance Summary,Data,Stocks,ASML,6,6,662.6300,"1,320.8300",3949.2,0,0,39.31,3988.51,
Mark-to-Market Performance Summary,Data,Stocks,AVGO,9,9,167.4300,309.5100,1278.72,0,0,16.74,1295.46,
Mark-to-Market Performance Summary,Data,Stocks,AXP,3,3,269.0500,302.4800,100.29,0,0,7.36,107.65,
Mark-to-Market Performance Summary,Data,Stocks,BAC,30,162,41.7300,48.7500,1949.04,137.94,-1.006072,133.65,2219.623928,
Mark-to-Market Performance Summary,Data,Stocks,BLBD,24,0,32.3700,--,535.68,7.44,-1.004632,0,542.115368,
Mark-to-Market Performance Summary,Data,Stocks,BNO,0,50,--,52.0100,43.5,-67.75,-1,0,-25.25,
Mark-to-Market Performance Summary,Data,Stocks,BX,9,42,139.7800,114.9900,-541.89,157.08,-1.001518,167.88,-217.931518,
Mark-to-Market Performance Summary,Data,Stocks,CAT,3,3,329.8000,708.4600,1135.98,0,0,13.37,1149.35,
Mark-to-Market Performance Summary,Data,Stocks,CNUA,9,9,116.0400,140.9800,267.657102,0,0,0,267.657102,
Mark-to-Market Performance Summary,Data,Stocks,CSCO,0,20,--,77.5900,196.8,-2.7,-1.00044,12.3,205.39956,
Mark-to-Market Performance Summary,Data,Stocks,DXJ,24,24,110.1800,158.5800,1161.6,0,0,33.57,1195.17,
Mark-to-Market Performance Summary,Data,Stocks,EMXC,75,75,55.0900,78.6600,1767.75,0,0,115.54,1883.29,
Mark-to-Market Performance Summary,Data,Stocks,GE,7,7,200.1500,283.7700,585.34,0,0,7.56,592.9,
Mark-to-Market Performance Summary,Data,Stocks,GLD,0,10,--,430.2900,370.5,42.5,-1,0,412,
Mark-to-Market Performance Summary,Data,Stocks,IBM,0,5,--,242.3900,-144.9,19.4,-1.00011,12.6,-113.90011,
Mark-to-Market Performance Summary,Data,Stocks,LLY,3,3,825.9100,919.7700,281.58,0,0,14,295.58,
Mark-to-Market Performance Summary,Data,Stocks,LRCX,30,30,72.7000,213.6600,4228.8,0,0,22.04,4250.84,
Mark-to-Market Performance Summary,Data,Stocks,MSFT,3,3,375.3900,370.1700,-15.66,0,0,7.84,-7.82,
Mark-to-Market Performance Summary,Data,Stocks,NFLX,0,12,--,96.1500,24.72,3.6,-1,0,27.32,
Mark-to-Market Performance Summary,Data,Stocks,NOVd,30,0,63.0200,--,-1452.01749,-195.84438,-5.417545507,38.1547157,-1615.124699808,
Mark-to-Market Performance Summary,Data,Stocks,ORCL,0,0,--,--,-655.6,25.55647761,-1.46708699,1.87,-629.64060938,
Mark-to-Market Performance Summary,Data,Stocks,SHELL,33,194,33.9250,40.2300,2435.460769,105.57008,-3.2718,0,2537.759049,
Mark-to-Market Performance Summary,Data,Stocks,SHELL.DDR,0,0,--,--,0,0,0,72.32178,72.32178,
Mark-to-Market Performance Summary,Data,Stocks,SHELL.DRS,0,0,--,--,0,0,0,33.708195,33.708195,
Mark-to-Market Performance Summary,Data,Stocks,SHELL.DVD,0,0,--,--,0,0,0,70.070056,70.070056,
Mark-to-Market Performance Summary,Data,Stocks,SHELL1.DI,0,0,--,--,0,0,0,69.738804,69.738804,
Mark-to-Market Performance Summary,Data,Stocks,SHOP,84,0,95.4800,--,740.88,0,0,0,740.88,
Mark-to-Market Performance Summary,Data,Stocks,SIE,7,7,211.9000,205.7000,-41.095313,0,0,32.485731,-8.609582,
Mark-to-Market Performance Summary,Data,Stocks,TGT,9,30,104.3600,121.2000,755.52,-17.01,-1.000567,66.55,804.059433,
Mark-to-Market Performance Summary,Data,Stocks,TIP,39,39,111.0900,110.3600,-28.47,0,0,148.28,119.81,
Mark-to-Market Performance Summary,Data,Stocks,TSM,14,45,166.0000,337.9500,8352.48,112.53,-1.001426,92.74,8556.748574,
Mark-to-Market Performance Summary,Data,Stocks,URA,0,24,--,48.4300,-13.68,36.96,-1,37.52,59.8,
Mark-to-Market Performance Summary,Data,Total,,,,,,27684.780498,416.49707761,-46.687909662,1757.262014,29811.851679948,
Mark-to-Market Performance Summary,Data,Mutual Funds,009957456,511.42,0,68.2500,--,1337.334753,0,0,0,1337.334753,
Mark-to-Market Performance Summary,Data,Mutual Funds,010683190,792.45,0,53.7200,--,2939.99,0,0,0,2939.99,
Mark-to-Market Performance Summary,Data,Total,,,,,,4277.324753,0,0,0,4277.324753,
Mark-to-Market Performance Summary,Data,Forex,DKK,0,255.13,0.14496,0.15464,1.2985875,0,0,0,1.2985875,
Mark-to-Market Performance Summary,Data,Forex,EUR,10.94,1032.518925,1.0815,1.1553,2537.53112252,0,0,0,2537.53112252,
Mark-to-Market Performance Summary,Data,Forex,HKD,0,3851.356177123,--,0.12755,-0.47449935,-5.467438,0,0,-5.94193735,
Mark-to-Market Performance Summary,Data,Forex,JPY,0.000000045,21443.999999966,0.006668,0.0063004,-663.6113973,4.516554,0,0,-659.0948433,
Mark-to-Market Performance Summary,Data,Forex,USD,18489.586141354,38.467992361,1.0000,1.0000,0,-28.424656,0,0,-28.424656,
Mark-to-Market Performance Summary,Data,Total,,,,,,1874.74381337,-29.37554,0,0,1845.36827337,
Mark-to-Market Performance Summary,Data,Total (All Assets),,,,,,33836.84906437,387.12153761,-46.687909662,1757.262014,35934.544706318,
Mark-to-Market Performance Summary,Data,Broker Interest Paid and Received,,,,,,,,,,117.3107214,
Mark-to-Market Performance Summary,Data,Advisor Fees,,,,,,,,,,-3139.51,
Total P/L for Statement Period,,,,,,,,,,,,32912.345427718,
Realized & Unrealized Performance Summary,Header,Asset Category,Symbol,Cost Adj.,Realized S/T Profit,Realized S/T Loss,Realized L/T Profit,Realized L/T Loss,Realized Total,Unrealized S/T Profit,Unrealized S/T Loss,Unrealized L/T Profit,Unrealized L/T Loss,Unrealized Total,Total,Code
Realized & Unrealized Performance Summary,Data,Stocks,1810,0,0,-578.230608811,0,0,-578.230608811,0,0,0,0,0,-578.230608811,
Realized & Unrealized Performance Summary,Data,Stocks,2914.T,0,0,0,0,0,0,0,0,1361.463012608,0,1361.463012608,1361.463012608,
Realized & Unrealized Performance Summary,Data,Stocks,3069,0,0,0,0,0,0,60.16807707,0,0,0,60.16807707,60.16807707,
Realized & Unrealized Performance Summary,Data,Stocks,3110,0,0,0,0,0,0,180.04847159,0,0,0,180.04847159,180.04847159,
Realized & Unrealized Performance Summary,Data,Stocks,3416,0,0,0,0,0,0,0,-149.016642041,0,0,-149.016642041,-149.016642041,
Realized & Unrealized Performance Summary,Data,Stocks,4568.T,0,0,0,0,0,0,0,-487.543601184,0,-602.93315904,-1090.476760224,-1090.476760224,
Realized & Unrealized Performance Summary,Data,Stocks,7203.T,0,0,0,0,0,0,432.535816848,0,0,0,432.535816848,432.535816848,
Realized & Unrealized Performance Summary,Data,Stocks,AEP,0,0,0,0,0,0,164.7,0,0,0,164.7,164.7,
Realized & Unrealized Performance Summary,Data,Stocks,ASML,0,0,0,0,0,0,0,0,3587.479568,0,3587.479568,3587.479568,
Realized & Unrealized Performance Summary,Data,Stocks,AVGO,0,0,0,0,0,0,0,0,1516.669685,0,1516.669685,1516.669685,
Realized & Unrealized Performance Summary,Data,Stocks,AXP,0,0,0,0,0,0,0,0,145.819895,0,145.819895,145.819895,
Realized & Unrealized Performance Summary,Data,Stocks,BAC,0,0,0,0,0,0,1875.373928,0,288.04784,0,2163.421768,2163.421768,
Realized & Unrealized Performance Summary,Data,Stocks,BLBD,0,247.83364,0,0,0,247.83364,0,0,0,0,0,247.83364,
Realized & Unrealized Performance Summary,Data,Stocks,BNO,0,0,0,0,0,0,0,-25.25,0,0,-25.25,-25.25,
Realized & Unrealized Performance Summary,Data,Stocks,BX,-67.82999966,0,0,0,0,0,0,-109.406518,0,-298.909648,-408.316166,-408.316166,
Realized & Unrealized Performance Summary,Data,Stocks,CAT,0,0,0,0,0,0,0,0,1113.679895,0,1113.679895,1113.679895,
Realized & Unrealized Performance Summary,Data,Stocks,CNUA,0,0,0,0,0,0,0,0,238.765851,0,238.765851,238.765851,
Realized & Unrealized Performance Summary,Data,Stocks,CSCO,0,0,0,0,0,0,193.09956,0,0,0,193.09956,193.09956,
Realized & Unrealized Performance Summary,Data,Stocks,DXJ,0,0,0,0,0,0,0,0,1360.56,0,1360.56,1360.56,
Realized & Unrealized Performance Summary,Data,Stocks,EMXC,0,0,0,0,0,0,0,0,1447.247375,0,1447.247375,1447.247375,
Realized & Unrealized Performance Summary,Data,Stocks,GE,0,0,0,0,0,0,0,0,828.289755,0,828.289755,828.289755,
Realized & Unrealized Performance Summary,Data,Stocks,GLD,0,0,0,0,0,0,412,0,0,0,412,412,
Realized & Unrealized Performance Summary,Data,Stocks,IBM,0,0,0,0,0,0,0,-126.50011,0,0,-126.50011,-126.50011,
Realized & Unrealized Performance Summary,Data,Stocks,LLY,0,0,0,0,0,0,0,0,340.309856,0,340.309856,340.309856,
Realized & Unrealized Performance Summary,Data,Stocks,LRCX,0,0,0,0,0,0,0,0,4192.099895,0,4192.099895,4192.099895,
Realized & Unrealized Performance Summary,Data,Stocks,MSFT,0,0,0,0,0,0,0,0,0,-143.545216,-143.545216,-143.545216,
Realized & Unrealized Performance Summary,Data,Stocks,NFLX,0,0,0,0,0,0,27.32,0,0,0,27.32,27.32,
Realized & Unrealized Performance Summary,Data,Stocks,NOVd,0,0,-1915.332925507,0,0,-1915.332925507,0,0,0,0,0,-1915.332925507,
Realized & Unrealized Performance Summary,Data,Stocks,ORCL,0,0,-631.51060938,0,0,-631.51060938,0,0,0,0,0,-631.51060938,
Realized & Unrealized Performance Summary,Data,Stocks,R6C0d,0,0,0,0,0,0,2239.608513291,0,420.864237,0,2660.472750291,2660.472750291,
Realized & Unrealized Performance Summary,Data,Stocks,SHOP,0,0,0,0,0,0,0,0,0,0,0,0,
Realized & Unrealized Performance Summary,Data,Stocks,SIE,0,0,0,0,0,0,0,0,320.82681,0,320.82681,320.82681,
Realized & Unrealized Performance Summary,Data,Stocks,TGT,0,0,0,0,0,0,585.949433,0,0,-282.700315,303.249118,303.249118,
Realized & Unrealized Performance Summary,Data,Stocks,TIP,0,0,0,0,0,0,0,0,32.538635,0,32.538635,32.538635,
Realized & Unrealized Performance Summary,Data,Stocks,TSM,0,0,0,0,0,0,6056.708574,0,2463.69951,0,8520.408084,8520.408084,
Realized & Unrealized Performance Summary,Data,Stocks,URA,0,0,0,0,0,0,22.28,0,0,0,22.28,22.28,
Realized & Unrealized Performance Summary,Data,Total,,-67.82999966,247.83364,-3125.074143699,0,0,-2877.240503699,12249.792373799,-897.716871225,19658.361819608,-1328.08833804,29682.348984142,26805.108480443,
Realized & Unrealized Performance Summary,Data,Mutual Funds,009957456,0,0,0,0,0,0,0,0,0,0,0,0,
Realized & Unrealized Performance Summary,Data,Mutual Funds,010683190,0,0,0,0,0,0,0,0,0,0,0,0,
Realized & Unrealized Performance Summary,Data,Total,,0,0,0,0,0,0,0,0,0,0,0,0,
Realized & Unrealized Performance Summary,Data,Forex,DKK,0,0.464351,0,0,0,0.464351,1.427726,-0.15525,0,0,1.272476,1.736827,
Realized & Unrealized Performance Summary,Data,Forex,EUR,0,53.147952,-27.819136,0,0,25.328816,3.362040636,-2.149636,0,0,1.212404636,26.541220636,
Realized & Unrealized Performance Summary,Data,Forex,HKD,0,0.198886,-23.174881,0,0,-22.975995,0,-3.215819268,0,0,-3.215819268,-26.191814268,
Realized & Unrealized Performance Summary,Data,Forex,JPY,0,6.35046,-2.613942,0,0,3.736518,0.5525,-0.909581,0,0,-0.357081,3.379437,
Realized & Unrealized Performance Summary,Data,Total,,0,60.161649,-53.607959,0,0,6.55369,5.342266636,-6.430286268,0,0,-1.088019632,5.465670368,
Realized & Unrealized Performance Summary,Data,Total (All Assets),,-67.82999966,307.995289,-3178.682102699,0,0,-2870.686813699,12255.134640436,-904.147157493,19658.361819608,-1328.08833804,29681.26096451,26810.574150812,
Month & Year to Date Performance Summary,Header,Asset Category,Symbol,Description,Mark-to-Market MTD,Mark-to-Market YTD,Realized S/T MTD,Realized S/T YTD,Realized L/T MTD,Realized L/T YTD
Month & Year to Date Performance Summary,Data,Stocks,2914.T,JAPAN TOBACCO INC,86.2258611,305.1543011,0,0,0,0
Month & Year to Date Performance Summary,Data,Stocks,3069,CHINAAMC HS BIOTECH,-48.47318,28.22015,0,0,0,0
Month & Year to Date Performance Summary,Data,Stocks,3110,GLOBAL X HS HIGH DIV YIE,-145.6269,91.3823,0,0,0,0
Month & Year to Date Performance Summary,Data,Stocks,3416,GLOBAL X HSCEI COVERED CALL,-43.38485,-80.31615,0,0,0,0
Month & Year to Date Performance Summary,Data,Stocks,4568.T,DAIICHI SANKYO CO LTD,-377.14562,-740.58292,0,0,0,0
Month & Year to Date Performance Summary,Data,Stocks,7203.T,TOYOTA MOTOR CORP,-419.47727,-124.20593,0,0,0,0
Month & Year to Date Performance Summary,Data,Stocks,AEP,AMERICAN ELECTRIC POWER,-20.28,164.82,0,0,0,0
Month & Year to Date Performance Summary,Data,Stocks,ASML,ASML HOLDING NV-NY REG SHS,-778.38,1515.54,0,0,0,0
Month & Year to Date Performance Summary,Data,Stocks,AVGO,BROADCOM INC,-85.97,-324.92,0,0,0,0
Month & Year to Date Performance Summary,Data,Stocks,AXP,AMERICAN EXPRESS CO,-19.26,-200.57,0,0,0,0
Month & Year to Date Performance Summary,Data,Stocks,BAC,BANK OF AMERICA CORP,-140.94,-978.48,0,0,0,0
Month & Year to Date Performance Summary,Data,Stocks,BNO,UNITED STATES BRENT OIL FUND,-25.25,-25.25,0,0,0,0
Month & Year to Date Performance Summary,Data,Stocks,BX,BLACKSTONE INC,68.04,-1578.78,0,0,0,0
Month & Year to Date Performance Summary,Data,Stocks,CAT,CATERPILLAR INC,-103.11,410.17,0,0,0,0
Month & Year to Date Performance Summary,Data,Stocks,CNUA,UBS ETF MSCI CHINA A USD ACC,-59.67711,23.359734,0,0,0,0
Month & Year to Date Performance Summary,Data,Stocks,CSCO,CISCO SYSTEMS INC,-37.4,17.35,0,0,0,0
Month & Year to Date Performance Summary,Data,Stocks,DXJ,WISDOMTREE JAPAN HEDGED EQ,-264,346.08,0,0,0,0
Month & Year to Date Performance Summary,Data,Stocks,EMXC,ISHARES MSCI EMR MRK EX CHNA,-676.5,448.89,0,0,0,0
Month & Year to Date Performance Summary,Data,Stocks,GE,GENERAL ELECTRIC,-409.43,-167.93,0,0,0,0
Month & Year to Date Performance Summary,Data,Stocks,GLD,SPDR GOLD SHARES,-534.6,339.8,0,0,0,0
Month & Year to Date Performance Summary,Data,Stocks,IBM,INTL BUSINESS MACHINES CORP,17.2,-262.8,0,0,0,0
Month & Year to Date Performance Summary,Data,Stocks,LLY,ELI LILLY & CO,-392.77,-460.84,0,0,0,0
Month & Year to Date Performance Summary,Data,Stocks,LRCX,LAM RESEARCH CORP,-606.9,1280.25,0,0,0,0
Month & Year to Date Performance Summary,Data,Stocks,MSFT,MICROSOFT CORP,-65.66,-338.3,0,0,0,0
Month & Year to Date Performance Summary,Data,Stocks,NFLX,NETFLIX INC,-1.08,28.68,0,0,0,0
Month & Year to Date Performance Summary,Data,Stocks,SHELL,SHELL PLC,1111.243252,1985.849572,0,0,0,0
Month & Year to Date Performance Summary,Data,Stocks,SHELL.DDR,SHELL PLC - DIVIDEND RIGHTS,72.32178,72.32178,0,0,0,0
Month & Year to Date Performance Summary,Data,Stocks,SIE,SIEMENS AG-REG,-337.63639,-238.568794,0,0,0,0
Month & Year to Date Performance Summary,Data,Stocks,TGT,TARGET CORP,247.95,729.15,0,0,0,0
Month & Year to Date Performance Summary,Data,Stocks,TIP,ISHARES TIPS BOND ETF,-59.28,54.64,0,0,0,0
Month & Year to Date Performance Summary,Data,Stocks,TSM,TAIWAN SEMICONDUCTOR-SP ADR,-1648.35,1560.98,0,0,0,0
Month & Year to Date Performance Summary,Data,Stocks,URA,GLOBAL X URANIUM ETF,-141.84,174.32,0,0,0,0
Month & Year to Date Performance Summary,Data,Total,,,-5839.4404269,4055.4140431,0,0,0,0
Month & Year to Date Performance Summary,Data,Total (All Assets),,,-5839.4404269,4055.4140431,0,0,0,0
Cash Report,Header,Currency Summary,Currency,Total,Securities,Futures,Month to Date,Year to Date,
Cash Report,Data,Starting Cash,Base Currency Summary,18501.417751354,18501.417751354,0,,,
Cash Report,Data,Commissions,Base Currency Summary,-39.399004313,-39.399004313,0,-1,-1,
Cash Report,Data,Deposits,Base Currency Summary,25000,25000,0,0,0,
Cash Report,Data,Dividends,Base Currency Summary,2028.6198661,2028.6198661,0,300.66608,566.038015,
Cash Report,Data,Broker Interest Paid and Received,Base Currency Summary,117.3107214,117.3107214,0,1.4895604,7.5330617,
Cash Report,Data,Trades (Sales),Base Currency Summary,33000.95745156,33000.95745156,0,2629.85050733,2781.48611369,
Cash Report,Data,Trades (Purchase),Base Currency Summary,-73327.752354458,-73327.752354458,0,-5255.74770566,-5407.40920773,
Cash Report,Data,Advisor Fees,Base Currency Summary,-3139.51,-3139.51,0,-133.56,-413.03,
Cash Report,Data,Payment In Lieu of Dividends,Base Currency Summary,25.1201939,25.1201939,0,0,0,
Cash Report,Data,Transaction Fees,Base Currency Summary,-7.288905349,-7.288905349,0,0,0,
Cash Report,Data,Withholding Tax,Base Currency Summary,-296.478046,-296.478046,0,-40.2694789,-39.6110829,
Cash Report,Data,Cash FX Translation Gain/Loss,Base Currency Summary,34.13899337,34.13899337,0,,,
Cash Report,Data,Ending Cash,Base Currency Summary,1897.136667605,1897.136667605,0,,,
Cash Report,Data,Ending Settled Cash,Base Currency Summary,1897.136667605,1897.136667605,0,,,
Cash Report,Data,Starting Collateral Value,Base Currency Summary,5985,5985,0,,,
Cash Report,Data,Net Securities Lent Activity,Base Currency Summary,660.417169102,660.417169102,0,,,
Cash Report,Data,Ending Collateral Value,Base Currency Summary,6616.102421011,6616.102421011,0,,,
Cash Report,Data,Net Cash Balance,Base Currency Summary,6616.102421011,6616.102421011,0,,,
Cash Report,Data,Net Settled Cash Balance,Base Currency Summary,8513.239088617,8513.239088617,0,,,
Cash Report,Data,Starting Cash,DKK,0,0,0,,,
Cash Report,Data,Dividends,DKK,349.5,349.5,0,0,0,
Cash Report,Data,Withholding Tax,DKK,-94.37,-94.37,0,0,0,
Cash Report,Data,Ending Cash,DKK,255.13,255.13,0,,,
Cash Report,Data,Ending Settled Cash,DKK,255.13,255.13,0,,,
Cash Report,Data,Starting Cash,EUR,10.94,10.94,0,,,
Cash Report,Data,Commissions,EUR,-7.671075,-7.671075,0,0,0,
Cash Report,Data,Dividends,EUR,248.66,248.66,0,62.6,100.05,
Cash Report,Data,Broker Interest Paid and Received,EUR,0.3,0.3,0,0,0.29,
Cash Report,Data,Trades (Sales),EUR,10678.44,10678.44,0,0,0,
Cash Report,Data,Trades (Purchase),EUR,-9888.27,-9888.27,0,0,0,
Cash Report,Data,Withholding Tax,EUR,-9.88,-9.88,0,0,-9.88,
Cash Report,Data,Ending Cash,EUR,1032.518925,1032.518925,0,,,
Cash Report,Data,Ending Settled Cash,EUR,1032.518925,1032.518925,0,,,
Cash Report,Data,Starting Cash,HKD,0,0,0,,,
Cash Report,Data,Commissions,HKD,-109.296,-109.296,0,0,0,
Cash Report,Data,Dividends,HKD,2078.69,2078.69,0,280,560,
Cash Report,Data,Broker Interest Paid and Received,HKD,83.55,83.55,0,8.44,42.67,
Cash Report,Data,Trades (Sales),HKD,86308.85164897,86308.85164897,0,61.98498702,456.53985738,
Cash Report,Data,Trades (Purchase),HKD,-84479.90962068,-84479.90962068,0,-20548.45123422,-21337.81331908,
Cash Report,Data,Payment In Lieu of Dividends,HKD,26.31,26.31,0,0,0,
Cash Report,Data,Transaction Fees,HKD,-56.83985118,-56.83985118,0,0,0,
Cash Report,Data,Ending Cash,HKD,3851.356177123,3851.356177123,0,,,
Cash Report,Data,Ending Settled Cash,HKD,3851.356177123,3851.356177123,0,,,
Cash Report,Data,Starting Collateral Value,HKD,0,0,0,,,
Cash Report,Data,Net Securities Lent Activity,HKD,7225.375497659,7225.375497659,0,,,
Cash Report,Data,Ending Collateral Value,HKD,7225.375497659,7225.375497659,0,,,
Cash Report,Data,Net Cash Balance,HKD,11076.731674782,11076.731674782,0,,,
Cash Report,Data,Net Settled Cash Balance,HKD,11076.731674782,11076.731674782,0,,,
Cash Report,Data,Starting Cash,JPY,0.000000045,0.000000045,0,,,
Cash Report,Data,Commissions,JPY,-480.84,-480.84,0,0,0,
Cash Report,Data,Dividends,JPY,38700,38700,0,13000,13000,
Cash Report,Data,Broker Interest Paid and Received,JPY,50,50,0,0,12,
Cash Report,Data,Trades (Sales),JPY,590430.714,590430.714,0,0,0,
Cash Report,Data,Trades (Purchase),JPY,-601328.87400009,-601328.87400009,0,0,0,
Cash Report,Data,Withholding Tax,JPY,-5927,-5927,0,-1991,-1991,
Cash Report,Data,Ending Cash,JPY,21443.999999966,21443.999999966,0,,,
Cash Report,Data,Ending Settled Cash,JPY,21443.999999966,21443.999999966,0,,,
Cash Report,Data,Starting Cash,USD,18489.586141354,18489.586141354,0,,,
Cash Report,Data,Commissions,USD,-13.48185199,-13.48185199,0,-1,-1,
Cash Report,Data,Deposits,USD,25000,25000,0,0,0,
Cash Report,Data,Dividends,USD,1168.31,1168.31,0,111.23,296.58,
Cash Report,Data,Broker Interest Paid and Received,USD,105.91,105.91,0,0.41,1.65,
Cash Report,Data,Trades (Sales),USD,5894.15377675,5894.15377675,0,2621.92200764,2723.01602292,
Cash Report,Data,Trades (Purchase),USD,-47256.03007375,-47256.03007375,0,-2632.69200764,-2683.23602292,
Cash Report,Data,Advisor Fees,USD,-3139.51,-3139.51,0,-133.56,-413.03,
Cash Report,Data,Payment In Lieu of Dividends,USD,21.74,21.74,0,0,0,
Cash Report,Data,Withholding Tax,USD,-232.21,-232.21,0,-27.81,-15.51,
Cash Report,Data,Ending Cash,USD,38.467992361,38.467992361,0,,,
Cash Report,Data,Ending Settled Cash,USD,38.467992361,38.467992361,0,,,
Cash Report,Data,Starting Collateral Value,USD,5985,5985,0,,,
Cash Report,Data,Net Securities Lent Activity,USD,-291,-291,0,,,
Cash Report,Data,Ending Collateral Value,USD,5694,5694,0,,,
Cash Report,Data,Net Cash Balance,USD,5732.467992361,5732.467992361,0,,,
Cash Report,Data,Net Settled Cash Balance,USD,5732.467992361,5732.467992361,0,,,
Open Positions,Header,DataDiscriminator,Asset Category,Currency,Symbol,Quantity,Mult,Cost Price,Cost Basis,Close Price,Value,Unrealized P/L,Code
Open Positions,Data,Summary,Stocks,EUR,CNUA,9,1,118.016666667,1062.15,140.98,1268.82,206.67,
Open Positions,Data,Summary,Stocks,EUR,SHELL,194,1,28.359683144,5501.77853,40.23,7804.62,2302.84147,
Open Positions,Data,Summary,Stocks,EUR,SIE,7,1,166.028571429,1162.2,205.7,1439.9,277.7,
Open Positions,Total,,Stocks,EUR,,,,,7726.12853,,10513.34,2787.21147,
Open Positions,Total,,Stocks,USD,,,,,8925.996290709,,12146.061702,3220.065411291,
Open Positions,Data,Summary,Stocks,HKD,3069,700,1,13.986112146,9790.278502,14.66,10262,471.721498,
Open Positions,Data,Summary,Stocks,HKD,3110,500,1,28.71681738,14358.40869,31.54,15770,1411.59131,
Open Positions,Data,Summary,Stocks,HKD,3416,1000,1,10.53829982,10538.29982,9.37,9370,-1168.29982,
Open Positions,Total,,Stocks,HKD,,,,,34686.987012,,35402,715.012988,
Open Positions,Total,,Stocks,USD,,,,,4424.325193381,,4515.5251,91.199906619,
Open Positions,Data,Summary,Stocks,JPY,2914.T,100,1,3859.0848,385908.48,6020,602000,216091.52,
Open Positions,Data,Summary,Stocks,JPY,4568.T,200,1,3631.4028,726280.56,2766,553200,-173080.56,
Open Positions,Data,Summary,Stocks,JPY,7203.T,100,1,2475.4788,247547.88,3162,316200,68652.12,
Open Positions,Total,,Stocks,JPY,,,,,1359736.92,,1471400,111663.08,
Open Positions,Total,,Stocks,USD,,,,,8566.886490768,,9270.40856,703.522069232,
Open Positions,Data,Summary,Stocks,USD,AEP,10,1,114.61,1146.1,131.08,1310.8,164.7,
Open Positions,Data,Summary,Stocks,USD,ASML,6,1,722.916738667,4337.500432,1320.83,7924.98,3587.479568,
Open Positions,Data,Summary,Stocks,USD,AVGO,9,1,140.991146111,1268.920315,309.51,2785.59,1516.669685,
Open Positions,Data,Summary,Stocks,USD,AXP,3,1,253.873368333,761.620105,302.48,907.44,145.819895,
Open Positions,Data,Summary,Stocks,USD,BAC,162,1,35.395544642,5734.078232,48.75,7897.5,2163.421768,
Open Positions,Data,Summary,Stocks,USD,BNO,50,1,52.515,2625.75,52.01,2600.5,-25.25,
Open Positions,Data,Summary,Stocks,USD,BX,42,1,124.711813476,5237.896166,114.99,4829.58,-408.316166,
Open Positions,Data,Summary,Stocks,USD,CAT,3,1,337.233368333,1011.700105,708.46,2125.38,1113.679895,
Open Positions,Data,Summary,Stocks,USD,CSCO,20,1,67.935022,1358.70044,77.59,1551.8,193.09956,
Open Positions,Data,Summary,Stocks,USD,DXJ,24,1,101.89,2445.36,158.58,3805.92,1360.56,
Open Positions,Data,Summary,Stocks,USD,EMXC,75,1,59.363368333,4452.252625,78.66,5899.5,1447.247375,
Open Positions,Data,Summary,Stocks,USD,GE,7,1,165.442892143,1158.100245,283.77,1986.39,828.289755,
Open Positions,Data,Summary,Stocks,USD,GLD,10,1,389.09,3890.9,430.29,4302.9,412,
Open Positions,Data,Summary,Stocks,USD,IBM,5,1,267.690022,1338.45011,242.39,1211.95,-126.50011,
Open Positions,Data,Summary,Stocks,USD,LLY,3,1,806.333381333,2419.000144,919.77,2759.31,340.309856,
Open Positions,Data,Summary,Stocks,USD,LRCX,30,1,73.923336833,2217.700105,213.66,6409.8,4192.099895,
Open Positions,Data,Summary,Stocks,USD,MSFT,3,1,418.018405333,1254.055216,370.17,1110.51,-143.545216,
Open Positions,Data,Summary,Stocks,USD,NFLX,12,1,93.873333333,1126.48,96.15,1153.8,27.32,
Open Positions,Data,Summary,Stocks,USD,TGT,30,1,111.091696067,3332.750882,121.2,3636,303.249118,
Open Positions,Data,Summary,Stocks,USD,TIP,39,1,109.525676026,4271.501365,110.36,4304.04,32.538635,
Open Positions,Data,Summary,Stocks,USD,TSM,45,1,148.607598133,6687.341916,337.95,15207.75,8520.408084,
Open Positions,Data,Summary,Stocks,USD,URA,24,1,47.501666667,1140.04,48.43,1162.32,22.28,
Open Positions,Total,,Stocks,USD,,,,,59216.198403,,84883.76,25667.561597,
Open Positions,Total,,Stocks,USD,,,,,81133.406377858,,110815.755362,29682.348984142,
Forex Balances,Header,Asset Category,Currency,Description,Quantity,Cost Price,Cost Basis in USD,Close Price,Value in USD,Unrealized P/L in USD,Code
Forex Balances,Data,Forex,USD,DKK,255.13,0.14965244,-38.180827,0.15464,39.453303,1.272476,
Forex Balances,Data,Forex,USD,EUR,1032.518925,1.15412578,-1191.656709364,1.1553,1192.869114,1.212404636,
Forex Balances,Data,Forex,USD,HKD,3851.356178,0.128384983,-494.456299268,0.12755,491.240479,-3.215819268,
Forex Balances,Data,Forex,USD,JPY,21444,0.006317052,-135.462859,0.0063004,135.105778,-0.357081,
Forex Balances,Data,Forex,USD,USD,38.467992361,0,-38.467992361,1,38.467992361,0,
Forex Balances,Data,Total,,,,,-1898.224686993,,1897.136666361,-1.088019632,
Net Stock Position Summary,Header,Asset Category,Currency,Symbol,Description,Shares at IB,Shares Borrowed,Shares Lent,Net Shares
Net Stock Position Summary,Data,Stocks,EUR,CNUA,UBS ETF MSCI CHINA A USD ACC,9,0,0,9
Net Stock Position Summary,Data,Stocks,EUR,SHELL,SHELL PLC,194,0,0,194
Net Stock Position Summary,Data,Stocks,EUR,SIE,SIEMENS AG-REG,7,0,0,7
Net Stock Position Summary,Data,Stocks,HKD,3069,CHINAAMC HS BIOTECH,700,0,-471,229
Net Stock Position Summary,Data,Stocks,HKD,3110,GLOBAL X HS HIGH DIV YIE,500,0,0,500
Net Stock Position Summary,Data,Stocks,HKD,3416,GLOBAL X HSCEI COVERED C,1000,0,0,1000
Net Stock Position Summary,Data,Stocks,JPY,2914.T,JAPAN TOBACCO INC,100,0,0,100
Net Stock Position Summary,Data,Stocks,JPY,4568.T,DAIICHI SANKYO CO LTD,200,0,0,200
Net Stock Position Summary,Data,Stocks,JPY,7203.T,TOYOTA MOTOR CORP,100,0,0,100
Net Stock Position Summary,Data,Stocks,USD,AEP,AMERICAN ELECTRIC POWER,10,0,0,10
Net Stock Position Summary,Data,Stocks,USD,ASML,ASML HOLDING NV-NY REG SHS,6,0,0,6
Net Stock Position Summary,Data,Stocks,USD,AVGO,BROADCOM INC,9,0,0,9
Net Stock Position Summary,Data,Stocks,USD,AXP,AMERICAN EXPRESS CO,3,0,0,3
Net Stock Position Summary,Data,Stocks,USD,BAC,BANK OF AMERICA CORP,162,0,0,162
Net Stock Position Summary,Data,Stocks,USD,BNO,UNITED STATES BRENT OIL FUND,50,0,0,50
Net Stock Position Summary,Data,Stocks,USD,BX,BLACKSTONE INC,42,0,0,42
Net Stock Position Summary,Data,Stocks,USD,CAT,CATERPILLAR INC,3,0,0,3
Net Stock Position Summary,Data,Stocks,USD,CSCO,CISCO SYSTEMS INC,20,0,0,20
Net Stock Position Summary,Data,Stocks,USD,DXJ,WISDOMTREE JAPAN HEDGED EQ,24,0,0,24
Net Stock Position Summary,Data,Stocks,USD,EMXC,ISHARES MSCI EMR MRK EX CHNA,75,0,-73,2
Net Stock Position Summary,Data,Stocks,USD,GE,GENERAL ELECTRIC,7,0,0,7
Net Stock Position Summary,Data,Stocks,USD,GLD,SPDR GOLD SHARES,10,0,0,10
Net Stock Position Summary,Data,Stocks,USD,IBM,INTL BUSINESS MACHINES CORP,5,0,0,5
Net Stock Position Summary,Data,Stocks,USD,LLY,ELI LILLY & CO,3,0,0,3
Net Stock Position Summary,Data,Stocks,USD,LRCX,LAM RESEARCH CORP,30,0,0,30
Net Stock Position Summary,Data,Stocks,USD,MSFT,MICROSOFT CORP,3,0,0,3
Net Stock Position Summary,Data,Stocks,USD,NFLX,NETFLIX INC,12,0,0,12
Net Stock Position Summary,Data,Stocks,USD,TGT,TARGET CORP,30,0,0,30
Net Stock Position Summary,Data,Stocks,USD,TIP,ISHARES TIPS BOND ETF,39,0,0,39
Net Stock Position Summary,Data,Stocks,USD,TSM,TAIWAN SEMICONDUCTOR-SP ADR,45,0,0,45
Net Stock Position Summary,Data,Stocks,USD,URA,GLOBAL X URANIUM ETF,24,0,0,24
Trades,Header,DataDiscriminator,Asset Category,Currency,Symbol,Date/Time,Quantity,T. Price,C. Price,Proceeds,Comm/Fee,Basis,Realized P/L,MTM P/L,Code
Trades,Data,Order,Stocks,EUR,NOVd,"2025-09-02, 10:36:36",60,48.2825,47.98,-2896.95,-3,2899.95,0,-18.15,O
Trades,Data,Order,Stocks,EUR,NOVd,"2025-11-24, 07:26:45",-90,37.135,38.82,3342.15,-1.671075,-5002.95,-1662.471075,-151.65,C
Trades,SubTotal,,Stocks,EUR,NOVd,,-30,,,445.2,-4.671075,-2103,-1662.471075,-169.8,
Trades,Data,Order,Stocks,EUR,R6C0d,"2025-04-07, 10:05:22",160,28.155,28.76,-4504.8,-3,4507.8,0,96.8,O;P
Trades,SubTotal,,Stocks,EUR,R6C0d,,160,,,-4504.8,-3,4507.8,0,96.8,
Trades,Total,,Stocks,EUR,,,,,,-4059.6,-7.671075,2404.8,-1662.471075,-73, 
Trades,Total,,Stocks,USD,,,,,,-4434.78336,-8.689345508,2528.13978,-1915.332925507,-90.2743, 
Trades,Data,Order,Stocks,HKD,1810,"2025-07-09, 23:25:17",200,57.1,56.9,-11420,-30.32547,11450.32547,0,-40,O
Trades,Data,Order,Stocks,HKD,1810,"2025-12-11, 20:30:02",400,42.72,42.96,-17088,-36.487008,17124.487008,0,96,O
Trades,Data,Order,Stocks,HKD,1810,"2025-12-21, 20:34:24",-600,40.2,39.8,24120,-44.33636118,-28574.812478,-4499.148839,240,C
Trades,SubTotal,,Stocks,HKD,1810,,0,,,-4388,-111.14883918,0,-4499.148839,296,
Trades,Data,Order,Stocks,HKD,3069,"2025-07-09, 23:29:28",700,13.96,13.9,-9772,-18.278502,9790.278502,0,-42,O
Trades,SubTotal,,Stocks,HKD,3069,,700,,,-9772,-18.278502,9790.278502,0,-42,
Trades,Data,Order,Stocks,HKD,3110,"2025-07-09, 23:22:40",500,28.68,28.8,-14340,-18.40869,14358.40869,0,60,O;P
Trades,SubTotal,,Stocks,HKD,3110,,500,,,-14340,-18.40869,14358.40869,0,60,
Trades,Data,Order,Stocks,HKD,3416,"2025-07-09, 23:22:56","1,000",10.52,10.54,-10520,-18.29982,10538.29982,0,20,O
Trades,SubTotal,,Stocks,HKD,3416,,1000,,,-10520,-18.29982,10538.29982,0,20,
Trades,Total,,Stocks,HKD,,,,,,-39020,-166.13585118,34686.987012,-4499.148839,334, 
Trades,Total,,Stocks,USD,,,,,,-4961.78636,-21.253187269,4404.808938457,-578.230608788,42.92218, 
Trades,Data,Order,Stocks,JPY,4568.T,"2025-09-02, 20:00:00",100,3537,3553,-353700,-282.96,353982.96,0,1600,O
Trades,SubTotal,,Stocks,JPY,4568.T,,100,,,-353700,-282.96,353982.96,0,1600,
Trades,Data,Order,Stocks,JPY,7203.T,"2025-07-09, 23:30:05",100,2473.5,2473.5,-247350,-197.88,247547.88,0,0,O
Trades,SubTotal,,Stocks,JPY,7203.T,,100,,,-247350,-197.88,247547.88,0,0,
Trades,Total,,Stocks,JPY,,,,,,-601050,-480.84,601530.84,0,1600, 
Trades,Total,,Stocks,USD,,,,,,-4079.40612,-3.263524896,4082.669644896,0,10.80272, 
Trades,Data,Order,Stocks,USD,AEP,"2025-12-11, 09:30:00",10,114.51,114.26,-1145.1,-1,1146.1,0,-2.5,O
Trades,SubTotal,,Stocks,USD,AEP,,10,,,-1145.1,-1,1146.1,0,-2.5,
Trades,Data,Order,Stocks,USD,BAC,"2025-04-07, 10:03:51",132,34.535,35.58,-4558.62,-1.006072,4559.626072,0,137.94,O
Trades,SubTotal,,Stocks,USD,BAC,,132,,,-4558.62,-1.006072,4559.626072,0,137.94,
Trades,Data,Order,Stocks,USD,BLBD,"2025-08-11, 12:42:13",-24,55,54.69,1320,-1.004632,-1071.161728,247.83364,7.44,C
Trades,SubTotal,,Stocks,USD,BLBD,,-24,,,1320,-1.004632,-1071.161728,247.83364,7.44,
Trades,Data,Order,Stocks,USD,BNO,"2026-03-19, 10:12:16",50,52.495,51.14,-2624.75,-1,2625.75,0,-67.75,O
Trades,SubTotal,,Stocks,USD,BNO,,50,,,-2624.75,-1,2625.75,0,-67.75,
Trades,Data,Order,Stocks,USD,BX,"2025-04-07, 10:03:21",33,119.89,124.65,-3956.37,-1.001518,3957.371518,0,157.08,O
Trades,SubTotal,,Stocks,USD,BX,,33,,,-3956.37,-1.001518,3957.371518,0,157.08,
Trades,Data,Order,Stocks,USD,CSCO,"2025-09-22, 09:42:52",20,67.885,67.75,-1357.7,-1.00044,1358.70044,0,-2.7,IA;O
Trades,SubTotal,,Stocks,USD,CSCO,,20,,,-1357.7,-1.00044,1358.70044,0,-2.7,
Trades,Data,Order,Stocks,USD,GLD,"2025-12-11, 09:30:00",10,388.99,393.24,-3889.9,-1,3890.9,0,42.5,O
Trades,SubTotal,,Stocks,USD,GLD,,10,,,-3889.9,-1,3890.9,0,42.5,
Trades,Data,Order,Stocks,USD,IBM,"2025-09-22, 09:43:08",5,267.49,271.37,-1337.45,-1.00011,1338.45011,0,19.4,O
Trades,SubTotal,,Stocks,USD,IBM,,5,,,-1337.45,-1.00011,1338.45011,0,19.4,
Trades,Data,Order,Stocks,USD,NFLX,"2025-12-11, 09:30:01",12,93.79,94.09,-1125.48,-1,1126.48,0,3.6,O
Trades,SubTotal,,Stocks,USD,NFLX,,12,,,-1125.48,-1,1126.48,0,3.6,
Trades,Data,Order,Stocks,USD,ORCL,"2025-09-22, 09:42:35",5,312.4235,328.15,-1562.1175,-1.00011,1563.11761,0,78.6325,IA;O
Trades,Data,Order,Stocks,USD,ORCL,"2025-11-25, 09:44:30",-5,186.414795522,197.03,932.073977612,-0.466976989,-1563.11761,-631.510609,-53.076,C;P
Trades,SubTotal,,Stocks,USD,ORCL,,0,,,-630.043522388,-1.467086989,0,-631.510609,25.5565,
Trades,Data,Order,Stocks,USD,TGT,"2025-09-02, 10:34:38",21,93.25,92.44,-1958.25,-1.000567,1959.250567,0,-17.01,O
Trades,SubTotal,,Stocks,USD,TGT,,21,,,-1958.25,-1.000567,1959.250567,0,-17.01,
Trades,Data,Order,Stocks,USD,TSM,"2025-04-07, 10:04:25",31,142.54,146.17,-4418.74,-1.001426,4419.741426,0,112.53,O
Trades,SubTotal,,Stocks,USD,TSM,,31,,,-4418.74,-1.001426,4419.741426,0,112.53,
Trades,Data,Order,Stocks,USD,URA,"2025-12-11, 09:30:00",24,47.46,49,-1139.04,-1,1140.04,0,36.96,O
Trades,SubTotal,,Stocks,USD,URA,,24,,,-1139.04,-1,1140.04,0,36.96,
Trades,Total,,Stocks,USD,,,,,,-26821.443522388,-13.481851989,26451.248405,-383.676969,453.0465, 
Trades,Header,DataDiscriminator,Asset Category,Currency,Symbol,Date/Time,Quantity,T. Price,,Proceeds,Comm in USD,,,MTM in USD,Code
Trades,Data,Order,Forex,HKD,EUR.HKD,"2025-12-11, 20:30:02","-1,704.68",9.13677,,15575.2690836,0,,,-0.495254,AFx
Trades,SubTotal,,Forex,HKD,EUR.HKD,,-1704.68,,,15575.2690836,0,,,-0.495254,
Trades,Data,Order,Forex,HKD,USD.HKD,"2025-07-09, 23:22:40",-2.31,7.84795,,18.1287645,0,,,-0.000577,AFx
Trades,Data,Order,Forex,HKD,USD.HKD,"2025-07-09, 23:22:41","-1,827.35",7.84484,,14335.268374,0,,,-1.180162,AFx
Trades,Data,Order,Forex,HKD,USD.HKD,"2025-07-09, 23:22:41",-0.64,7.84433,,5.0203712,0,,,-0.000455,AFx
Trades,Data,Order,Forex,HKD,USD.HKD,"2025-07-09, 23:22:56","-1,340.58",7.844829784,,10516.6219114,0,,,-0.867534,AFx;P
Trades,Data,Order,Forex,HKD,USD.HKD,"2025-07-09, 23:22:56",-2.29,7.84795,,17.9718055,0,,,-0.000572,AFx
Trades,Data,Order,Forex,HKD,USD.HKD,"2025-07-09, 23:22:57",-0.48,7.84433,,3.7652784,0,,,-0.000341,AFx
Trades,Data,Order,Forex,HKD,USD.HKD,"2025-07-09, 23:25:18",-2.29,7.84795,,17.9718055,0,,,-0.000572,AFx
Trades,Data,Order,Forex,HKD,USD.HKD,"2025-07-09, 23:25:18","-1,456.79",7.84484,,11428.2844636,0,,,-0.940842,AFx
Trades,Data,Order,Forex,HKD,USD.HKD,"2025-07-09, 23:25:18",-0.51,7.84433,,4.0006083,0,,,-0.000363,AFx
Trades,Data,Order,Forex,HKD,USD.HKD,"2025-07-09, 23:29:28",-0.43,7.84483,,3.3732769,0,,,-0.000278,AFx
Trades,Data,Order,Forex,HKD,USD.HKD,"2025-07-09, 23:29:28","-1,245.27",7.84483,,9768.9314541,0,,,-0.805822,AFx
Trades,Data,Order,Forex,HKD,USD.HKD,"2025-07-09, 23:29:28",-2.29,7.84845,,17.9729505,0,,,-0.000426,AFx
Trades,Data,Order,Forex,HKD,USD.HKD,"2025-07-10, 17:00:00",0.00576957,7.85604433,,-0.045325998,0,,,-0.000004,
Trades,Data,Order,Forex,HKD,USD.HKD,"2025-07-10, 17:00:00",-0.00595645,7.847645,,0.046744097,0,,,-0.000001,
Trades,Data,Order,Forex,HKD,USD.HKD,"2025-08-05, 17:00:00",0.2546448,7.8540776,,-1.999999996,0,,,-0.000135,
Trades,Data,Order,Forex,HKD,USD.HKD,"2025-12-11, 20:30:02",-0.05,7.778,,0.3889,0,,,-0.000042,AFx
Trades,Data,Order,Forex,HKD,USD.HKD,"2025-12-12, 17:00:00",0.00654655,7.78663529,,-0.050975605,0,,,-0.000001,
Trades,Data,Order,Forex,HKD,USD.HKD,"2025-12-21, 20:34:25",-2.48,7.77787,,19.2891176,0,,,-0.000963,AFx
Trades,Data,Order,Forex,HKD,USD.HKD,"2025-12-22, 17:00:00",-0.00088478,7.77867129,,0.006882405,0,,,0,
Trades,Data,Order,Forex,HKD,USD.HKD,"2026-01-05, 17:00:00",12.70200764,7.7855,,-98.891480473,0,,,0.000386,
Trades,Data,Order,Forex,HKD,USD.HKD,"2026-01-05, 20:26:00",-12.70200764,7.7855,,98.891480473,0,,,-0.005331,
Trades,Data,Order,Forex,HKD,USD.HKD,"2026-01-06, 00:51:35",12.7,7.79009,,-98.934143,0,,,-0.002155,AFx
Trades,Data,Order,Forex,HKD,USD.HKD,"2026-02-03, 17:00:00",37.84200764,7.8131,,-295.663389884,0,,,0.000051,
Trades,Data,Order,Forex,HKD,USD.HKD,"2026-02-03, 20:26:00",-37.84200764,7.8131,,295.663389884,0,,,0.002906,
Trades,Data,Order,Forex,HKD,USD.HKD,"2026-02-04, 02:48:01",37.85,7.81699,,-295.8730715,0,,,-0.021753,AFx
Trades,Data,Order,Forex,HKD,USD.HKD,"2026-03-03, 17:00:00",7.94200764,7.8047,,-61.98498702,0,,,-0.000128,
Trades,Data,Order,Forex,HKD,USD.HKD,"2026-03-03, 20:26:00",-7.94200764,7.8047,,61.98498702,0,,,-0.013508,
Trades,Data,Order,Forex,HKD,USD.HKD,"2026-03-04, 04:09:09",7.94,7.82076,,-62.0968344,0,,,-0.002806,AFx
Trades,Data,Order,Forex,HKD,USD.HKD,"2026-03-19, 10:12:16","2,606.04",7.83732,,-20424.3694128,0,,,-1.130756,AFx
Trades,SubTotal,,Forex,HKD,USD.HKD,,-3218.96988031,,,25273.672944703,0,,,-4.972184,
Trades,Total,,Forex,HKD,,,,,,40848.942028303,0,,,-5.467438, 
Trades,Total,,Forex,USD,,,,,,5214.796761209,0,,,-5.467438, 
Trades,Data,Order,Forex,JPY,USD.JPY,"2025-07-09, 23:30:06","-1,677",146.088,,244989.576,0,,,-1.810277,AFx
Trades,Data,Order,Forex,JPY,USD.JPY,"2025-07-09, 23:30:06",-1,146.088,,146.088,0,,,-0.001079,AFx
Trades,Data,Order,Forex,JPY,USD.JPY,"2025-07-10, 17:00:00",0.88031027,146.293875,,-128.784000015,0,,,-0.000289,
Trades,Data,Order,Forex,JPY,USD.JPY,"2025-09-02, 20:00:00","-2,324",148.514,,345146.536,0,,,6.325867,AFx
Trades,Data,Order,Forex,JPY,USD.JPY,"2025-09-02, 20:00:00",-1,148.514,,148.514,0,,,0.002722,AFx
Trades,Data,Order,Forex,JPY,USD.JPY,"2025-09-03, 17:00:00",0.8038234,148.154433,,-119.090000059,0,,,-0.000237,
Trades,Data,Order,Forex,JPY,USD.JPY,"2025-09-04, 17:00:00",0.02019207,148.5731877,,-2.999999909,0,,,-0.000013,
Trades,Data,Order,Forex,JPY,USD.JPY,"2025-10-03, 17:00:00",0.18971955,147.5862651,,-28.000000096,0,,,-0.00014,
Trades,SubTotal,,Forex,JPY,USD.JPY,,-4001.10595471,,,590151.839999921,0,,,4.516554,
Trades,Total,,Forex,JPY,,,,,,590151.839999921,0,,,4.516554, 
Trades,Total,,Forex,USD,,,,,,4005.622508895,0,,,4.516554, 
Trades,Data,Order,Forex,USD,EUR.USD,"2025-04-07, 10:05:22","4,496.86",1.09468,,-4922.6227048,0,,,-18.347189,AFx
Trades,Data,Order,Forex,USD,EUR.USD,"2025-09-02, 10:36:36","2,839.43",1.16736,,-3314.6370048,0,,,-9.256542,AFx
Trades,Data,Order,Forex,USD,EUR.USD,"2025-09-02, 17:00:00",-0.01,1.16375077,,0.011637508,0,,,-0.000003,
Trades,Data,Order,Forex,USD,EUR.USD,"2025-12-11, 09:30:02",-780.85,1.17275,,915.7418375,0,,,-0.819893,AFx
Trades,Data,Order,Forex,USD,EUR.USD,"2025-12-11, 09:30:03",-0.98,1.17275,,1.149295,0,,,-0.001029,AFx
Trades,SubTotal,,Forex,USD,EUR.USD,,6554.45,,,-7320.356939592,0,,,-28.424656,
Trades,Total,,Forex,USD,,,,,,-7320.356939592,0,,,-28.424656, 
Transaction Fees,Header,Asset Category,Currency,Date/Time,Symbol,Description,Quantity,Trade Price,Amount,Code
Transaction Fees,Data,Stocks,HKD,"2025-07-09, 23:22:40",3110,GLOBAL X HS HIGH DIV YIE,100,28.68,-0.081738,
Transaction Fees,Data,Stocks,HKD,"2025-07-09, 23:22:40",3110,GLOBAL X HS HIGH DIV YIE,100,28.68,-0.081738,
Transaction Fees,Data,Stocks,HKD,"2025-07-09, 23:22:40",3110,GLOBAL X HS HIGH DIV YIE,100,28.68,-0.081738,
Transaction Fees,Data,Stocks,HKD,"2025-07-09, 23:22:40",3110,GLOBAL X HS HIGH DIV YIE,100,28.68,-0.081738,
Transaction Fees,Data,Stocks,HKD,"2025-07-09, 23:22:40",3110,GLOBAL X HS HIGH DIV YIE,100,28.68,-0.081738,
Transaction Fees,Data,Stocks,HKD,"2025-07-09, 23:22:56",3416,GX HSCEI COVERED CALL ETF,"1,000",10.52,-0.29982,
Transaction Fees,Data,Stocks,HKD,"2025-07-09, 23:25:17",1810,XIAOMI CORP-CLASS B,200,57.1,-12.32547,
Transaction Fees,Data,Stocks,HKD,"2025-07-09, 23:29:28",3069,CHINAAMC HS BIOTECH HKD INC,700,13.96,-0.278502,
Transaction Fees,Data,Stocks,HKD,"2025-12-11, 20:30:02",1810,XIAOMI CORP-CLASS B,400,42.72,-18.487008,
Transaction Fees,Data,Stocks,HKD,"2025-12-21, 20:34:24",1810,XIAOMI CORP-CLASS B,-600,40.2,-25.04036118,
Transaction Fees,Data,Total,,,,,,,-56.83985118,
Transaction Fees,Data,Total in USD,,,,,,,-7.288905349,
Corporate Actions,Header,Asset Category,Currency,Report Date,Date/Time,Description,Quantity,Proceeds,Value,Realized P/L,Code
Corporate Actions,Data,Stocks,EUR,2025-05-15,"2025-05-14, 20:25:00","SHELL(GB00BP6MXD84) Dividend Rights Issue  1 for 1 (SHELL.DVD, SHELL PLC - DIVIDEND RIGHTS, NL0015002HW4)",193,0,0,0,
Corporate Actions,Data,Stocks,EUR,2025-06-23,"2025-06-23, 20:20:00","SHELL.DVD(NL0015002HW4) Expire Dividend Right (SHELL.DVD, SHELL PLC - DIVIDEND RIGHTS, NL0015002HW4)",-193,0,0,0,
Corporate Actions,Data,Stocks,EUR,2025-08-14,"2025-08-13, 20:25:00","SHELL(GB00BP6MXD84) Dividend Rights Issue  1 for 1 (SHELL.DRS, SHELL PLC - DIVIDEND RIGHTS, NL0015002L33)",193,0,0,0,
Corporate Actions,Data,Stocks,EUR,2025-09-23,"2025-09-22, 20:20:00","SHELL.DRS(NL0015002L33) Expire Dividend Right (R6C0d, SHELL PLC, GB00BP6MXD84)",1,0,0,0,
Corporate Actions,Data,Stocks,EUR,2025-09-23,"2025-09-22, 20:20:00","SHELL.DRS(NL0015002L33) Expire Dividend Right (SHELL.DRS, SHELL PLC - DIVIDEND RIGHTS, NL0015002L33)",-193,0,0,0,
Corporate Actions,Data,Stocks,EUR,2025-11-13,"2025-11-12, 20:25:00","SHELL(GB00BP6MXD84) Dividend Rights Issue  1 for 1 (SHELL1.DI, SHELL PLC - DIVIDEND RIGHTS, NL0015002SG4)",194,0,0,0,
Corporate Actions,Data,Stocks,EUR,2025-12-19,"2025-12-18, 20:20:00","SHELL1.DI(NL0015002SG4) Expire Dividend Right (SHELL1.DI, SHELL PLC - DIVIDEND RIGHTS, NL0015002SG4)",-194,0,0,0,
Corporate Actions,Data,Stocks,EUR,2026-02-19,"2026-02-18, 20:25:00","SHELL(GB00BP6MXD84) Dividend Rights Issue  1 for 1 (SHELL.DDR, SHELL PLC - DIVIDEND RIGHTS, NL0015073VB0)",194,0,0,0,
Corporate Actions,Data,Stocks,EUR,2026-03-31,"2026-03-30, 20:20:00","SHELL.DDR(NL0015073VB0) Expire Dividend Right (SHELL.DDR, SHELL PLC - DIVIDEND RIGHTS, NL0015073VB0)",-194,0,0,0,
Corporate Actions,Data,Total,,,,,,0,0,0,
Corporate Actions,Data,Total in USD,,,,,,0,0,0,
Transfers,Header,Asset Category,Currency,Symbol,Date,Type,Direction,Xfer Company,Xfer Account,Qty,Xfer Price,Market Value,Realized P/L,Cash Amount,Code
Transfers,Data,Stocks,USD,SHOP,2025-05-23,Internal,Out,--,U20291582,-84,--,"-8,761.20",0.00,0.00,
Transfers,Data,Total,,,,,,,,,,-8761.2,0,0,
Transfers,Header,Asset Category,Currency,Symbol,Date,Type,Direction,Xfer Company,Xfer Account,Qty,Xfer Price,Market Value,Realized P/L,Cash Amount,Code
Transfers,Data,Mutual Funds,EUR,009957456,2025-05-23,Internal,Out,--,U20291582,-511.42,--,"-35,973.28",0.00,0.00,
Transfers,Data,Total,,,,,,,,,,-35973.28,0,0,
Transfers,Data,Total in USD,,,,,,,,,,-40966.371264,0,0,
Transfers,Data,Mutual Funds,USD,010683190,2025-05-23,Internal,Out,--,U20291582,-792.45,--,"-45,510.40",0.00,0.00,
Transfers,Data,Total,,,,,,,,,,-45510.4,0,0,
Deposits & Withdrawals,Header,Currency,Settle Date,Description,Amount
Deposits & Withdrawals,Data,USD,2025-07-07,Electronic Fund Transfer,25000
Deposits & Withdrawals,Data,Total,,,25000
Fees,Header,Subtitle,Currency,Date,Description,Amount
Fees,Data,Advisor Fees,USD,2025-04-01,"FA Fee: Percent of Equity, Posted Monthly",-193.34
Fees,Data,Advisor Fees,USD,2025-05-01,"FA Fee: Percent of Equity, Posted Monthly",-181.48
Fees,Data,Advisor Fees,USD,2025-05-19,FA Fee: Manual,148
Fees,Data,Advisor Fees,USD,2025-06-02,"FA Fee: Percent of Equity, Posted Monthly",-178.79
Fees,Data,Advisor Fees,USD,2025-07-01,"FA Fee: Percent of Equity, Posted Monthly",-84.48
Fees,Data,Advisor Fees,USD,2025-07-03,FA Fee: Percentage of Quarterly Profit,-1348.27
Fees,Data,Advisor Fees,USD,2025-08-01,"FA Fee: Percent of Equity, Posted Monthly",-123.51
Fees,Data,Advisor Fees,USD,2025-09-01,"FA Fee: Percent of Equity, Posted Monthly",-124.65
Fees,Data,Advisor Fees,USD,2025-10-01,"FA Fee: Percent of Equity, Posted Monthly",-130.12
Fees,Data,Advisor Fees,USD,2025-10-03,FA Fee: Percentage of Quarterly Profit,-240.31
Fees,Data,Advisor Fees,USD,2025-11-03,"FA Fee: Percent of Equity, Posted Monthly",-148.28
Fees,Data,Advisor Fees,USD,2025-12-01,"FA Fee: Percent of Equity, Posted Monthly",-121.25
Fees,Data,Advisor Fees,USD,2026-01-02,"FA Fee: Percent of Equity, Posted Monthly",-142.7
Fees,Data,Advisor Fees,USD,2026-02-02,"FA Fee: Percent of Equity, Posted Monthly",-136.77
Fees,Data,Advisor Fees,USD,2026-03-02,"FA Fee: Percent of Equity, Posted Monthly",-133.56
Fees,Data,Total,,,,-3139.51
Dividends,Header,Currency,Date,Description,Amount
Dividends,Data,DKK,2025-04-01,NOV(DK0062498333) Cash Dividend DKK 7.90 per Share (Ordinary Dividend),237
Dividends,Data,DKK,2025-08-19,NOV(DK0062498333) Cash Dividend DKK 3.75 per Share (Bonus Dividend),112.5
Dividends,Data,Total,,,349.5
Dividends,Data,Total in USD,,,52.2678
Dividends,Data,EUR,2025-06-23,SHELL.DVD(NL0015002HW4) Expire Dividend Right (Ordinary Dividend),60.52
Dividends,Data,EUR,2025-09-22,SHELL.DRS(NL0015002L33) Expire Dividend Right (Ordinary Dividend),28.53
Dividends,Data,EUR,2025-12-18,SHELL1.DI(NL0015002SG4) Expire Dividend Right (Ordinary Dividend),59.56
Dividends,Data,EUR,2026-02-17,SIE(DE0007236101) Cash Dividend EUR 5.35 per Share (Ordinary Dividend),37.45
Dividends,Data,EUR,2026-03-30,SHELL.DDR(NL0015073VB0) Expire Dividend Right (Ordinary Dividend),62.6
Dividends,Data,Total,,,248.66
Dividends,Data,Total in USD,,,289.96617
Dividends,Data,HKD,2025-08-06,3416(HK0000978954) Cash Dividend HKD 0.15 per Share (Ordinary Dividend),150
Dividends,Data,HKD,2025-09-04,3416(HK0000978954) Payment in Lieu of Dividend (Ordinary Dividend),1.26
Dividends,Data,HKD,2025-09-04,3416(HK0000978954) Cash Dividend HKD 0.14 per Share (Ordinary Dividend),138.74
Dividends,Data,HKD,2025-09-30,3110(HK0000151933) Cash Dividend HKD 1.60 per Share (Ordinary Dividend),800
Dividends,Data,HKD,2025-10-08,3416(HK0000978954) Cash Dividend HKD 0.14 per Share (Ordinary Dividend),140
Dividends,Data,HKD,2025-11-06,3416(HK0000978954) Cash Dividend HKD 0.14 per Share (Ordinary Dividend),140
Dividends,Data,HKD,2025-12-04,3416(HK0000978954) Cash Dividend HKD 0.14 per Share (Ordinary Dividend),140
Dividends,Data,HKD,2025-12-31,3069(HK0000711199) Cash Dividend HKD 0.05 per Share (Ordinary Dividend),9.95
Dividends,Data,HKD,2025-12-31,3069(HK0000711199) Payment in Lieu of Dividend (Ordinary Dividend),25.05
Dividends,Data,HKD,2026-01-07,3416(HK0000978954) Cash Dividend HKD 0.14 per Share (Ordinary Dividend),140
Dividends,Data,HKD,2026-02-05,3416(HK0000978954) Cash Dividend HKD 0.14 per Share (Ordinary Dividend),140
Dividends,Data,HKD,2026-03-05,3416(HK0000978954) Cash Dividend HKD 0.14 per Share (Ordinary Dividend),140
Dividends,Data,HKD,2026-03-31,3110(HK0000151933) Cash Dividend HKD 0.28 per Share (Ordinary Dividend),140
Dividends,Data,Total,,,2105
Dividends,Data,Total in USD,,,269.98445
Dividends,Data,JPY,2025-06-24,4568.T(JP3475350009) Cash Dividend JPY 30 per Share (Ordinary Dividend),3000
Dividends,Data,JPY,2025-09-01,2914.T(JP3726800000) Cash Dividend JPY 104 per Share (Ordinary Dividend),10400
Dividends,Data,JPY,2025-11-26,7203.T(JP3633400001) Cash Dividend JPY 45 per Share (Ordinary Dividend),4500
Dividends,Data,JPY,2025-12-10,4568.T(JP3475350009) Cash Dividend JPY 39 per Share (Ordinary Dividend),7800
Dividends,Data,JPY,2026-03-26,2914.T(JP3726800000) Cash Dividend JPY 130 per Share (Ordinary Dividend),13000
Dividends,Data,Total,,,38700
Dividends,Data,Total in USD,,,251.47164
Dividends,Data,USD,2025-04-04,TIP(US4642871762) Cash Dividend USD 0.70918 per Share (Ordinary Dividend),27.66
Dividends,Data,USD,2025-04-09,LRCX(US5128073062) Cash Dividend USD 0.23 per Share (Ordinary Dividend),6.9
Dividends,Data,USD,2025-04-10,TSM(US8740391003) Cash Dividend USD 0.677693 per Share (Ordinary Div - NRA Withholding Exempt),9.49
Dividends,Data,USD,2025-04-25,GE(US3696043013) Cash Dividend USD 0.36 per Share (Ordinary Dividend),2.52
Dividends,Data,USD,2025-05-05,BX(US09260D1072) Cash Dividend USD 0.93 per Share (Ordinary Dividend),39.06
Dividends,Data,USD,2025-05-06,ASML(USN070592100) Cash Dividend USD 2.090608 per Share (Ordinary Dividend),12.54
Dividends,Data,USD,2025-05-06,TIP(US4642871762) Cash Dividend USD 0.534953 per Share (Ordinary Dividend),20.86
Dividends,Data,USD,2025-05-09,AXP(US0258161092) Cash Dividend USD 0.82 per Share (Ordinary Dividend),2.46
Dividends,Data,USD,2025-05-20,CAT(US1491231015) Cash Dividend USD 1.41 per Share (Ordinary Dividend),4.23
Dividends,Data,USD,2025-06-02,TGT(US87612E1064) Cash Dividend USD 1.12 per Share (Ordinary Dividend),10.08
Dividends,Data,USD,2025-06-05,TIP(US4642871762) Cash Dividend USD 0.273105 per Share (Ordinary Dividend),10.65
Dividends,Data,USD,2025-06-10,LLY(US5324571083) Cash Dividend USD 1.50 per Share (Ordinary Dividend),4.5
Dividends,Data,USD,2025-06-12,MSFT(US5949181045) Cash Dividend USD 0.83 per Share (Ordinary Dividend),2.49
Dividends,Data,USD,2025-06-20,EMXC(US46434G7640) Cash Dividend USD 0.711404 per Share (Ordinary Dividend),53.36
Dividends,Data,USD,2025-06-27,BAC(US0605051046) Cash Dividend USD 0.26 per Share (Ordinary Dividend),42.12
Dividends,Data,USD,2025-06-27,DXJ(US97717W8516) Cash Dividend USD 1.34 per Share (Ordinary Dividend),32.16
Dividends,Data,USD,2025-06-30,AVGO(US11135F1012) Cash Dividend USD 0.59 per Share (Ordinary Dividend),5.31
Dividends,Data,USD,2025-07-07,TIP(US4642871762) Cash Dividend USD 0.379923 per Share (Ordinary Dividend),14.82
Dividends,Data,USD,2025-07-09,LRCX(US5128073062) Cash Dividend USD 0.23 per Share (Ordinary Dividend),6.9
Dividends,Data,USD,2025-07-10,TSM(US8740391003) Cash Dividend USD 0.780305 per Share (Ordinary Div - NRA Withholding Exempt),35.11
Dividends,Data,USD,2025-07-25,GE(US3696043013) Cash Dividend USD 0.36 per Share (Ordinary Dividend),2.52
Dividends,Data,USD,2025-08-06,ASML(USN070592100) Cash Dividend USD 1.846784 per Share (Ordinary Dividend),11.08
Dividends,Data,USD,2025-08-06,TIP(US4642871762) Cash Dividend USD 0.264488 per Share (Ordinary Dividend),10.32
Dividends,Data,USD,2025-08-08,AXP(US0258161092) Cash Dividend USD 0.82 per Share (Ordinary Dividend),2.46
Dividends,Data,USD,2025-08-11,BX(US09260D1072) Cash Dividend USD 1.03 per Share (Ordinary Dividend),43.26
Dividends,Data,USD,2025-08-20,CAT(US1491231015) Cash Dividend USD 1.51 per Share (Ordinary Dividend),4.53
Dividends,Data,USD,2025-09-02,TGT(US87612E1064) Cash Dividend USD 1.14 per Share (Ordinary Dividend),10.26
Dividends,Data,USD,2025-09-05,TIP(US4642871762) Cash Dividend USD 0.417238 per Share (Ordinary Dividend),16.27
Dividends,Data,USD,2025-09-10,LLY(US5324571083) Cash Dividend USD 1.50 per Share (Ordinary Dividend),4.5
Dividends,Data,USD,2025-09-11,MSFT(US5949181045) Cash Dividend USD 0.83 per Share (Ordinary Dividend),2.49
Dividends,Data,USD,2025-09-26,BAC(US0605051046) Cash Dividend USD 0.28 per Share (Ordinary Dividend),45.36
Dividends,Data,USD,2025-09-29,DXJ(US97717W8516) Payment in Lieu of Dividend (Ordinary Dividend),3.36
Dividends,Data,USD,2025-09-30,AVGO(US11135F1012) Cash Dividend USD 0.59 per Share (Ordinary Dividend),5.31
Dividends,Data,USD,2025-10-06,TIP(US4642871762) Cash Dividend USD 0.198069 per Share (Ordinary Dividend),7.72
Dividends,Data,USD,2025-10-09,TSM(US8740391003) Cash Dividend USD 0.821965 per Share (Ordinary Div - NRA Withholding Exempt),36.99
Dividends,Data,USD,2025-10-15,LRCX(US5128073062) Cash Dividend USD 0.26 per Share (Ordinary Dividend),7.8
Dividends,Data,USD,2025-10-22,CSCO(US17275R1023) Cash Dividend USD 0.41 per Share (Ordinary Dividend),8.2
Dividends,Data,USD,2025-10-23,ORCL(US68389X1054) Cash Dividend USD 0.50 per Share (Ordinary Dividend),2.5
Dividends,Data,USD,2025-10-27,GE(US3696043013) Cash Dividend USD 0.36 per Share (Ordinary Dividend),2.52
Dividends,Data,USD,2025-11-06,ASML(USN070592100) Cash Dividend USD 1.864032 per Share (Ordinary Dividend),11.19
Dividends,Data,USD,2025-11-06,TIP(US4642871762) Cash Dividend USD 0.360933 per Share (Ordinary Dividend),1.08
Dividends,Data,USD,2025-11-06,TIP(US4642871762) Payment in Lieu of Dividend (Ordinary Dividend),12.99
Dividends,Data,USD,2025-11-10,AXP(US0258161092) Cash Dividend USD 0.82 per Share (Ordinary Dividend),2.46
Dividends,Data,USD,2025-11-10,BX(US09260D1072) Cash Dividend USD 1.29 per Share (Ordinary Dividend),54.18
Dividends,Data,USD,2025-11-20,CAT(US1491231015) Cash Dividend USD 1.51 per Share (Ordinary Dividend),4.53
Dividends,Data,USD,2025-12-01,TGT(US87612E1064) Cash Dividend USD 1.14 per Share (Ordinary Dividend),34.2
Dividends,Data,USD,2025-12-04,TIP(US4642871762) Cash Dividend USD 0.322417 per Share (Ordinary Dividend),12.57
Dividends,Data,USD,2025-12-10,IBM(US4592001014) Cash Dividend USD 1.68 per Share (Ordinary Dividend),8.4
Dividends,Data,USD,2025-12-10,LLY(US5324571083) Cash Dividend USD 1.50 per Share (Ordinary Dividend),4.5
Dividends,Data,USD,2025-12-11,MSFT(US5949181045) Cash Dividend USD 0.91 per Share (Ordinary Dividend),2.73
Dividends,Data,USD,2025-12-19,EMXC(US46434G7640) Cash Dividend USD 1.335744 per Share (Ordinary Dividend),100.18
Dividends,Data,USD,2025-12-24,TIP(US4642871762) Cash Dividend USD 0.341961 per Share (Ordinary Dividend),13.34
Dividends,Data,USD,2025-12-26,BAC(US0605051046) Cash Dividend USD 0.28 per Share (Ordinary Dividend),45.36
Dividends,Data,USD,2025-12-30,DXJ(US97717W8516) Payment in Lieu of Dividend (Ordinary Dividend),5.39
Dividends,Data,USD,2025-12-30,DXJ(US97717W8516) Cash Dividend USD 0.38499 per Share (Ordinary Dividend),3.85
Dividends,Data,USD,2025-12-31,AVGO(US11135F1012) Cash Dividend USD 0.65 per Share (Ordinary Dividend),5.85
Dividends,Data,USD,2026-01-07,LRCX(US5128073062) Cash Dividend USD 0.26 per Share (Ordinary Dividend),7.8
Dividends,Data,USD,2026-01-07,URA(US37954Y8710) Cash Dividend USD 2.084331 per Share (Ordinary Dividend),50.02
Dividends,Data,USD,2026-01-08,TSM(US8740391003) Cash Dividend USD 0.79542 per Share (Ordinary Div - NRA Withholding Exempt),35.8
Dividends,Data,USD,2026-01-21,CSCO(US17275R1023) Cash Dividend USD 0.41 per Share (Ordinary Dividend),8.2
Dividends,Data,USD,2026-01-26,GE(US3696043013) Cash Dividend USD 0.36 per Share (Ordinary Dividend),2.52
Dividends,Data,USD,2026-02-10,AXP(US0258161092) Cash Dividend USD 0.82 per Share (Ordinary Dividend),2.46
Dividends,Data,USD,2026-02-17,BX(US09260D1072) Cash Dividend USD 1.49 per Share (Ordinary Dividend),62.58
Dividends,Data,USD,2026-02-18,ASML(USN070592100) Cash Dividend USD 1.9064 per Share (Ordinary Dividend),11.44
Dividends,Data,USD,2026-02-19,CAT(US1491231015) Cash Dividend USD 1.51 per Share (Ordinary Dividend),4.53
Dividends,Data,USD,2026-03-01,TGT(US87612E1064) Cash Dividend USD 1.14 per Share (Ordinary Dividend),34.2
Dividends,Data,USD,2026-03-10,AEP(US0255371017) Cash Dividend USD 0.95 per Share (Ordinary Dividend),9.5
Dividends,Data,USD,2026-03-10,IBM(US4592001014) Cash Dividend USD 1.68 per Share (Ordinary Dividend),8.4
Dividends,Data,USD,2026-03-10,LLY(US5324571083) Cash Dividend USD 1.73 per Share (Ordinary Dividend),5.19
Dividends,Data,USD,2026-03-12,MSFT(US5949181045) Cash Dividend USD 0.91 per Share (Ordinary Dividend),2.73
Dividends,Data,USD,2026-03-27,BAC(US0605051046) Cash Dividend USD 0.28 per Share (Ordinary Dividend),45.36
Dividends,Data,USD,2026-03-31,AVGO(US11135F1012) Cash Dividend USD 0.65 per Share (Ordinary Dividend),5.85
Dividends,Data,Total,,,1190.05
Dividends,Data,Total Dividends in USD,,,2053.74006
Withholding Tax,Header,Currency,Date,Description,Amount,Code
Withholding Tax,Data,DKK,2025-04-01,NOV(DK0062498333) Cash Dividend DKK 7.90 per Share - DK Tax,-63.99,
Withholding Tax,Data,DKK,2025-08-19,NOV(DK0062498333) Cash Dividend DKK 3.75 per Share - DK Tax,-30.38,
Withholding Tax,Data,Total,,,-94.37,
Withholding Tax,Data,Total in USD,,,-14.1130843,
Withholding Tax,Data,EUR,2026-02-17,SIE(DE0007236101) Cash Dividend EUR 5.35 per Share - DE Tax,-9.88,
Withholding Tax,Data,Total,,,-9.88,
Withholding Tax,Data,Total in USD,,,-11.641604,
Withholding Tax,Data,JPY,2025-06-24,4568.T(JP3475350009) Cash Dividend JPY 30 per Share - JP Tax,-459,
Withholding Tax,Data,JPY,2025-09-01,2914.T(JP3726800000) Cash Dividend JPY 104 per Share - JP Tax,-1593,
Withholding Tax,Data,JPY,2025-11-26,7203.T(JP3633400001) Cash Dividend JPY 45 per Share - JP Tax,-689,
Withholding Tax,Data,JPY,2025-12-10,4568.T(JP3475350009) Cash Dividend JPY 39 per Share - JP Tax,-1195,
Withholding Tax,Data,JPY,2026-03-26,2914.T(JP3726800000) Cash Dividend JPY 130 per Share - JP Tax,-1991,
Withholding Tax,Data,Total,,,-5927,
Withholding Tax,Data,Total in USD,,,-38.5133577,
Withholding Tax,Data,USD,2025-02-18,BX(US09260D1072) Cash Dividend USD 1.44 per Share - US Tax,3.24,
Withholding Tax,Data,USD,2025-02-18,BX(US09260D1072) Cash Dividend USD 1.44 per Share - US Tax,-1.63,
Withholding Tax,Data,USD,2025-04-04,TIP(US4642871762) Cash Dividend USD 0.70918 per Share - US Tax,-6.92,
Withholding Tax,Data,USD,2025-04-04,TIP(US4642871762) Cash Dividend USD 0.70918 per Share - US Tax,6.92,
Withholding Tax,Data,USD,2025-04-09,LRCX(US5128073062) Cash Dividend USD 0.23 per Share - US Tax,-1.73,
Withholding Tax,Data,USD,2025-04-10,TSM(US8740391003) Cash Dividend USD 0.677693 per Share - TW Tax,-1.99,
Withholding Tax,Data,USD,2025-04-25,GE(US3696043013) Cash Dividend USD 0.36 per Share - US Tax,-0.63,
Withholding Tax,Data,USD,2025-05-05,BX(US09260D1072) Cash Dividend USD 0.93 per Share - US Tax,-9.77,
Withholding Tax,Data,USD,2025-05-05,BX(US09260D1072) Cash Dividend USD 0.93 per Share - US Tax,9.77,
Withholding Tax,Data,USD,2025-05-05,BX(US09260D1072) Cash Dividend USD 0.93 per Share - US Tax,-4.91,
Withholding Tax,Data,USD,2025-05-06,ASML(USN070592100) Cash Dividend USD 2.090608 per Share - NL Tax,-1.88,
Withholding Tax,Data,USD,2025-05-06,TIP(US4642871762) Cash Dividend USD 0.534953 per Share - US Tax,-5.22,
Withholding Tax,Data,USD,2025-05-06,TIP(US4642871762) Cash Dividend USD 0.534953 per Share - US Tax,5.22,
Withholding Tax,Data,USD,2025-05-09,AXP(US0258161092) Cash Dividend USD 0.82 per Share - US Tax,-0.62,
Withholding Tax,Data,USD,2025-05-20,CAT(US1491231015) Cash Dividend USD 1.41 per Share - US Tax,-1.06,
Withholding Tax,Data,USD,2025-06-02,TGT(US87612E1064) Cash Dividend USD 1.12 per Share - US Tax,-2.52,
Withholding Tax,Data,USD,2025-06-05,TIP(US4642871762) Cash Dividend USD 0.273105 per Share - US Tax,-2.66,
Withholding Tax,Data,USD,2025-06-05,TIP(US4642871762) Cash Dividend USD 0.273105 per Share - US Tax,2.66,
Withholding Tax,Data,USD,2025-06-10,LLY(US5324571083) Cash Dividend USD 1.50 per Share - US Tax,-1.13,
Withholding Tax,Data,USD,2025-06-12,MSFT(US5949181045) Cash Dividend USD 0.83 per Share - US Tax,-0.62,
Withholding Tax,Data,USD,2025-06-20,EMXC(US46434G7640) Cash Dividend USD 0.711404 per Share - US Tax,-13.34,
Withholding Tax,Data,USD,2025-06-20,EMXC(US46434G7640) Cash Dividend USD 0.711404 per Share - US Tax,13.34,
Withholding Tax,Data,USD,2025-06-20,EMXC(US46434G7640) Cash Dividend USD 0.711404 per Share - US Tax,-13.21,
Withholding Tax,Data,USD,2025-06-27,BAC(US0605051046) Cash Dividend USD 0.26 per Share - US Tax,-10.53,
Withholding Tax,Data,USD,2025-06-27,DXJ(US97717W8516) Cash Dividend USD 1.34 per Share - US Tax,-8.04,
Withholding Tax,Data,USD,2025-06-30,AVGO(US11135F1012) Cash Dividend USD 0.59 per Share - US Tax,-1.33,
Withholding Tax,Data,USD,2025-07-07,TIP(US4642871762) Cash Dividend USD 0.379923 per Share - US Tax,-3.71,
Withholding Tax,Data,USD,2025-07-07,TIP(US4642871762) Cash Dividend USD 0.379923 per Share - US Tax,3.71,
Withholding Tax,Data,USD,2025-07-09,LRCX(US5128073062) Cash Dividend USD 0.23 per Share - US Tax,-1.73,
Withholding Tax,Data,USD,2025-07-10,TSM(US8740391003) Cash Dividend USD 0.780305 per Share - TW Tax,-7.37,
Withholding Tax,Data,USD,2025-07-25,GE(US3696043013) Cash Dividend USD 0.36 per Share - US Tax,-0.63,
Withholding Tax,Data,USD,2025-08-06,ASML(USN070592100) Cash Dividend USD 1.846784 per Share - NL Tax,-1.66,
Withholding Tax,Data,USD,2025-08-06,TIP(US4642871762) Cash Dividend USD 0.264488 per Share - US Tax,-2.58,
Withholding Tax,Data,USD,2025-08-06,TIP(US4642871762) Cash Dividend USD 0.264488 per Share - US Tax,2.58,
Withholding Tax,Data,USD,2025-08-08,AXP(US0258161092) Cash Dividend USD 0.82 per Share - US Tax,-0.62,
Withholding Tax,Data,USD,2025-08-11,BX(US09260D1072) Cash Dividend USD 1.03 per Share - US Tax,-10.82,
Withholding Tax,Data,USD,2025-08-11,BX(US09260D1072) Cash Dividend USD 1.03 per Share - US Tax,10.82,
Withholding Tax,Data,USD,2025-08-11,BX(US09260D1072) Cash Dividend USD 1.03 per Share - US Tax,-5.44,
Withholding Tax,Data,USD,2025-08-20,CAT(US1491231015) Cash Dividend USD 1.51 per Share - US Tax,-1.13,
Withholding Tax,Data,USD,2025-09-02,TGT(US87612E1064) Cash Dividend USD 1.14 per Share - US Tax,-2.57,
Withholding Tax,Data,USD,2025-09-05,TIP(US4642871762) Cash Dividend USD 0.417238 per Share - US Tax,-4.07,
Withholding Tax,Data,USD,2025-09-05,TIP(US4642871762) Cash Dividend USD 0.417238 per Share - US Tax,4.07,
Withholding Tax,Data,USD,2025-09-10,LLY(US5324571083) Cash Dividend USD 1.50 per Share - US Tax,-1.13,
Withholding Tax,Data,USD,2025-09-11,MSFT(US5949181045) Cash Dividend USD 0.83 per Share - US Tax,-0.62,
Withholding Tax,Data,USD,2025-09-26,BAC(US0605051046) Cash Dividend USD 0.28 per Share - US Tax,-11.34,
Withholding Tax,Data,USD,2025-09-29,DXJ(US97717W8516) Payment in Lieu of Dividend - US Tax,-0.84,
Withholding Tax,Data,USD,2025-09-30,AVGO(US11135F1012) Cash Dividend USD 0.59 per Share - US Tax,-1.33,
Withholding Tax,Data,USD,2025-10-06,TIP(US4642871762) Cash Dividend USD 0.198069 per Share - US Tax,-1.93,
Withholding Tax,Data,USD,2025-10-06,TIP(US4642871762) Cash Dividend USD 0.198069 per Share - US Tax,1.93,
Withholding Tax,Data,USD,2025-10-09,TSM(US8740391003) Cash Dividend USD 0.821965 per Share - TW Tax,-7.77,
Withholding Tax,Data,USD,2025-10-15,LRCX(US5128073062) Cash Dividend USD 0.26 per Share - US Tax,-1.95,
Withholding Tax,Data,USD,2025-10-22,CSCO(US17275R1023) Cash Dividend USD 0.41 per Share - US Tax,-2.05,
Withholding Tax,Data,USD,2025-10-23,ORCL(US68389X1054) Cash Dividend USD 0.50 per Share - US Tax,-0.63,
Withholding Tax,Data,USD,2025-10-27,GE(US3696043013) Cash Dividend USD 0.36 per Share - US Tax,-0.63,
Withholding Tax,Data,USD,2025-11-06,ASML(USN070592100) Cash Dividend USD 1.864032 per Share - NL Tax,-1.68,
Withholding Tax,Data,USD,2025-11-06,TIP(US4642871762) Cash Dividend USD 0.360933 per Share - US Tax,-0.27,
Withholding Tax,Data,USD,2025-11-06,TIP(US4642871762) Payment in Lieu of Dividend - US Tax,-3.25,
Withholding Tax,Data,USD,2025-11-06,TIP(US4642871762) Cash Dividend USD 0.360933 per Share - US Tax,0.27,
Withholding Tax,Data,USD,2025-11-06,TIP(US4642871762) Payment in Lieu of Dividend - US Tax,3.25,
Withholding Tax,Data,USD,2025-11-10,AXP(US0258161092) Cash Dividend USD 0.82 per Share - US Tax,-0.62,
Withholding Tax,Data,USD,2025-11-10,BX(US09260D1072) Cash Dividend USD 1.29 per Share - US Tax,-13.55,
Withholding Tax,Data,USD,2025-11-10,BX(US09260D1072) Cash Dividend USD 1.29 per Share - US Tax,13.55,
Withholding Tax,Data,USD,2025-11-10,BX(US09260D1072) Cash Dividend USD 1.29 per Share - US Tax,-6.81,
Withholding Tax,Data,USD,2025-11-20,CAT(US1491231015) Cash Dividend USD 1.51 per Share - US Tax,-1.13,
Withholding Tax,Data,USD,2025-12-01,TGT(US87612E1064) Cash Dividend USD 1.14 per Share - US Tax,-8.55,
Withholding Tax,Data,USD,2025-12-04,TIP(US4642871762) Cash Dividend USD 0.322417 per Share - US Tax,-3.14,
Withholding Tax,Data,USD,2025-12-04,TIP(US4642871762) Cash Dividend USD 0.322417 per Share - US Tax,3.14,
Withholding Tax,Data,USD,2025-12-10,IBM(US4592001014) Cash Dividend USD 1.68 per Share - US Tax,-2.1,
Withholding Tax,Data,USD,2025-12-10,LLY(US5324571083) Cash Dividend USD 1.50 per Share - US Tax,-1.13,
Withholding Tax,Data,USD,2025-12-11,MSFT(US5949181045) Cash Dividend USD 0.91 per Share - US Tax,-0.68,
Withholding Tax,Data,USD,2025-12-19,EMXC(US46434G7640) Cash Dividend USD 1.335744 per Share - US Tax,-25.05,
Withholding Tax,Data,USD,2025-12-19,EMXC(US46434G7640) Cash Dividend USD 1.335744 per Share - US Tax,25.05,
Withholding Tax,Data,USD,2025-12-19,EMXC(US46434G7640) Cash Dividend USD 1.335744 per Share - US Tax,-24.79,
Withholding Tax,Data,USD,2025-12-24,TIP(US4642871762) Cash Dividend USD 0.341961 per Share - US Tax,-3.34,
Withholding Tax,Data,USD,2025-12-24,TIP(US4642871762) Cash Dividend USD 0.341961 per Share - US Tax,3.34,
Withholding Tax,Data,USD,2025-12-26,BAC(US0605051046) Cash Dividend USD 0.28 per Share - US Tax,-11.34,
Withholding Tax,Data,USD,2025-12-30,DXJ(US97717W8516) Payment in Lieu of Dividend - US Tax,-1.35,
Withholding Tax,Data,USD,2025-12-30,DXJ(US97717W8516) Cash Dividend USD 0.38499 per Share - US Tax,-0.96,
Withholding Tax,Data,USD,2025-12-31,AVGO(US11135F1012) Cash Dividend USD 0.65 per Share - US Tax,-1.46,
Withholding Tax,Data,USD,2026-01-07,LRCX(US5128073062) Cash Dividend USD 0.26 per Share - US Tax,-1.95,
Withholding Tax,Data,USD,2026-01-07,URA(US37954Y8710) Cash Dividend USD 2.084331 per Share - US Tax,-12.51,
Withholding Tax,Data,USD,2026-01-07,URA(US37954Y8710) Cash Dividend USD 2.084331 per Share - US Tax,12.51,
Withholding Tax,Data,USD,2026-01-07,URA(US37954Y8710) Cash Dividend USD 2.084331 per Share - US Tax,-12.5,
Withholding Tax,Data,USD,2026-01-08,TSM(US8740391003) Cash Dividend USD 0.79542 per Share - TW Tax,-7.52,
Withholding Tax,Data,USD,2026-01-21,CSCO(US17275R1023) Cash Dividend USD 0.41 per Share - US Tax,-2.05,
Withholding Tax,Data,USD,2026-01-26,GE(US3696043013) Cash Dividend USD 0.36 per Share - US Tax,-0.63,
Withholding Tax,Data,USD,2026-02-10,AXP(US0258161092) Cash Dividend USD 0.82 per Share - US Tax,-0.62,
Withholding Tax,Data,USD,2026-02-17,BX(US09260D1072) Cash Dividend USD 1.49 per Share - US Tax,-15.65,
Withholding Tax,Data,USD,2026-02-18,ASML(USN070592100) Cash Dividend USD 1.9064 per Share - NL Tax,-1.72,
Withholding Tax,Data,USD,2026-02-19,CAT(US1491231015) Cash Dividend USD 1.51 per Share - US Tax,-1.13,
Withholding Tax,Data,USD,2026-03-01,TGT(US87612E1064) Cash Dividend USD 1.14 per Share - US Tax,-8.55,
Withholding Tax,Data,USD,2026-03-10,AEP(US0255371017) Cash Dividend USD 0.95 per Share - US Tax,-2.38,
Withholding Tax,Data,USD,2026-03-10,IBM(US4592001014) Cash Dividend USD 1.68 per Share - US Tax,-2.1,
Withholding Tax,Data,USD,2026-03-10,LLY(US5324571083) Cash Dividend USD 1.73 per Share - US Tax,-1.3,
Withholding Tax,Data,USD,2026-03-12,MSFT(US5949181045) Cash Dividend USD 0.91 per Share - US Tax,-0.68,
Withholding Tax,Data,USD,2026-03-27,BAC(US0605051046) Cash Dividend USD 0.28 per Share - US Tax,-11.34,
Withholding Tax,Data,USD,2026-03-31,AVGO(US11135F1012) Cash Dividend USD 0.65 per Share - US Tax,-1.46,
Withholding Tax,Data,Total,,,-232.21,
Withholding Tax,Data,Total Withholding Tax in USD,,,-296.478046,
Interest,Header,Currency,Date,Description,Amount
Interest,Data,EUR,2025-08-05,EUR IBKR Managed Securities (SYEP) Interest for Jul-2025,0.01
Interest,Data,EUR,2026-01-06,EUR IBKR Managed Securities (SYEP) for Dec-2025,0.29
Interest,Data,Total,,,0.3
Interest,Data,Total in USD,,,0.350527
Interest,Data,HKD,2025-08-05,HKD IBKR Managed Securities (SYEP) Interest for Jul-2025,2
Interest,Data,HKD,2025-09-04,HKD IBKR Managed Securities (SYEP) Interest for Aug-2025,2.17
Interest,Data,HKD,2025-10-03,HKD IBKR Managed Securities (SYEP) Interest for Sep-2025,12.91
Interest,Data,HKD,2025-11-05,HKD IBKR Managed Securities (SYEP) Interest for Oct-2025,7.98
Interest,Data,HKD,2025-12-03,HKD IBKR Managed Securities (SYEP) Interest for Nov-2025,15.82
Interest,Data,HKD,2026-01-06,HKD IBKR Managed Securities (SYEP) for Dec-2025,16.71
Interest,Data,HKD,2026-02-04,HKD IBKR Managed Securities (SYEP) for Jan-2026,17.52
Interest,Data,HKD,2026-03-04,HKD IBKR Managed Securities (SYEP) for Feb-2026,8.44
Interest,Data,Total,,,83.55
Interest,Data,Total in USD,,,10.7184458
Interest,Data,JPY,2025-09-04,JPY IBKR Managed Securities (SYEP) Interest for Aug-2025,3
Interest,Data,JPY,2025-10-03,JPY IBKR Managed Securities (SYEP) Interest for Sep-2025,28
Interest,Data,JPY,2025-12-03,JPY IBKR Managed Securities (SYEP) Interest for Nov-2025,7
Interest,Data,JPY,2026-01-06,JPY IBKR Managed Securities (SYEP) for Dec-2025,12
Interest,Data,Total,,,50
Interest,Data,Total in USD,,,0.3317486
Interest,Data,USD,2025-04-03,USD Credit Interest for Mar-2025,43.15
Interest,Data,USD,2025-04-03,USD IBKR Managed Securities (SYEP) Interest for Mar-2025,0.28
Interest,Data,USD,2025-05-05,USD Credit Interest for Apr-2025,6.21
Interest,Data,USD,2025-05-05,USD IBKR Managed Securities (SYEP) Interest for Apr-2025,0.34
Interest,Data,USD,2025-06-04,USD IBKR Managed Securities (SYEP) Interest for May-2025,0.81
Interest,Data,USD,2025-07-03,USD IBKR Managed Securities (SYEP) Interest for Jun-2025,0.57
Interest,Data,USD,2025-08-05,USD Credit Interest for Jul-2025,22.72
Interest,Data,USD,2025-08-05,USD Debit Interest for Jul-2025,-0.6
Interest,Data,USD,2025-08-05,USD IBKR Managed Securities (SYEP) Interest for Jul-2025,0.28
Interest,Data,USD,2025-09-04,USD Credit Interest for Aug-2025,24.04
Interest,Data,USD,2025-09-04,USD IBKR Managed Securities (SYEP) Interest for Aug-2025,0.2
Interest,Data,USD,2025-10-03,USD Credit Interest for Sep-2025,2.82
Interest,Data,USD,2025-10-03,USD IBKR Managed Securities (SYEP) Interest for Sep-2025,0.86
Interest,Data,USD,2025-11-05,USD IBKR Managed Securities (SYEP) Interest for Oct-2025,1.2
Interest,Data,USD,2025-12-03,USD IBKR Managed Securities (SYEP) Interest for Nov-2025,1.38
Interest,Data,USD,2026-01-06,USD IBKR Managed Securities (SYEP) for Dec-2025,0.65
Interest,Data,USD,2026-02-04,USD IBKR Managed Securities (SYEP) for Jan-2026,0.59
Interest,Data,USD,2026-03-04,USD IBKR Managed Securities (SYEP) for Feb-2026,0.41
Interest,Data,Total,,,105.91
Interest,Data,Total Interest in USD,,,117.3107214
Interest Accruals,Header,Currency,Field Name,Field Value
Interest Accruals,Data,Base Currency Summary,Starting Accrual Balance,42.25
Interest Accruals,Data,Base Currency Summary,Interest Accrued,76.1466536
Interest Accruals,Data,Base Currency Summary,Accrual Reversal,-117.3107214
Interest Accruals,Data,Base Currency Summary,FX Translation,-0.0055837
Interest Accruals,Data,Base Currency Summary,Ending Accrual Balance,1.0803485
Interest Accruals,Data,EUR,Starting Accrual Balance,0
Interest Accruals,Data,EUR,Interest Accrued,0.3
Interest Accruals,Data,EUR,Accrual Reversal,-0.3
Interest Accruals,Data,EUR,Ending Accrual Balance,0
Interest Accruals,Data,EUR,Ending Accrual Balance in USD,0
Interest Accruals,Data,HKD,Starting Accrual Balance,0
Interest Accruals,Data,HKD,Interest Accrued,92.02
Interest Accruals,Data,HKD,Accrual Reversal,-83.55
Interest Accruals,Data,HKD,Ending Accrual Balance,8.47
Interest Accruals,Data,HKD,Ending Accrual Balance in USD,1.0803485
Interest Accruals,Data,JPY,Starting Accrual Balance,0
Interest Accruals,Data,JPY,Interest Accrued,50
Interest Accruals,Data,JPY,Accrual Reversal,-50
Interest Accruals,Data,JPY,Ending Accrual Balance,0
Interest Accruals,Data,JPY,Ending Accrual Balance in USD,0
Interest Accruals,Data,USD,Starting Accrual Balance,42.25
Interest Accruals,Data,USD,Interest Accrued,63.66
Interest Accruals,Data,USD,Accrual Reversal,-105.91
Interest Accruals,Data,USD,Ending Accrual Balance,0
Change in Dividend Accruals,Header,Asset Category,Currency,Symbol,Date,Ex Date,Pay Date,Quantity,Tax,Fee,Gross Rate,Gross Amount,Net Amount,Code
Change in Dividend Accruals,Data,Starting Dividend Accruals in USD,,,,,,,,,,,56.6429176,
Change in Dividend Accruals,Data,Stocks,DKK,NOVd,2025-04-01,2025-03-28,2025-04-01,30,-63.99,0,7.9,-237,-173.01,Re
Change in Dividend Accruals,Data,Stocks,DKK,NOVd,2025-08-14,2025-08-15,2025-08-19,30,30.37,0,3.75,112.49,82.12,Po
Change in Dividend Accruals,Data,Stocks,DKK,NOVd,2025-08-19,2025-08-15,2025-08-19,30,-30.38,0,3.75,-112.5,-82.12,Re
Change in Dividend Accruals,Data,Total,,,,,,,-64,0,,-237.01,-173.01,
Change in Dividend Accruals,Data,Total in USD,,,,,,,-9.3501572,0,,-34.6259933,-25.2758361,
Change in Dividend Accruals,Data,Stocks,EUR,SIE,2026-02-12,2026-02-13,2026-02-17,7,9.88,0,5.35,37.45,27.57,Po
Change in Dividend Accruals,Data,Stocks,EUR,SIE,2026-02-17,2026-02-13,2026-02-17,7,-9.88,0,5.35,-37.45,-27.57,Re
Change in Dividend Accruals,Data,Total,,,,,,,0,0,,0,0,
Change in Dividend Accruals,Data,Total in USD,,,,,,,0.08398,0,,0.318325,0.234345,
Change in Dividend Accruals,Data,Stocks,HKD,3069,2025-12-17,2025-12-18,2025-12-31,700,0,0,0.05,35,35,Po
Change in Dividend Accruals,Data,Stocks,HKD,3069,2025-12-31,2025-12-18,2025-12-31,700,0,0,0.05,-35,-35,Re
Change in Dividend Accruals,Data,Stocks,HKD,3110,2025-09-23,2025-09-24,2025-09-30,500,0,0,1.6,800,800,Po
Change in Dividend Accruals,Data,Stocks,HKD,3110,2025-09-30,2025-09-24,2025-09-30,500,0,0,1.6,-800,-800,Re
Change in Dividend Accruals,Data,Stocks,HKD,3110,2026-03-24,2026-03-25,2026-03-31,500,0,0,0.28,140,140,Po
Change in Dividend Accruals,Data,Stocks,HKD,3110,2026-03-31,2026-03-25,2026-03-31,500,0,0,0.28,-140,-140,Re
Change in Dividend Accruals,Data,Stocks,HKD,3416,2025-07-30,2025-07-31,2025-08-06,1000,0,0,0.15,150,150,Po
Change in Dividend Accruals,Data,Stocks,HKD,3416,2025-08-06,2025-07-31,2025-08-06,1000,0,0,0.15,-150,-150,Re
Change in Dividend Accruals,Data,Stocks,HKD,3416,2025-08-28,2025-08-29,2025-09-04,1000,0,0,0.14,140,140,Po
Change in Dividend Accruals,Data,Stocks,HKD,3416,2025-09-04,2025-08-29,2025-09-04,1000,0,0,0.14,-140,-140,Re
Change in Dividend Accruals,Data,Stocks,HKD,3416,2025-09-29,2025-09-30,2025-10-08,1000,0,0,0.14,140,140,Po
Change in Dividend Accruals,Data,Stocks,HKD,3416,2025-10-08,2025-09-30,2025-10-08,1000,0,0,0.14,-140,-140,Re
Change in Dividend Accruals,Data,Stocks,HKD,3416,2025-10-30,2025-10-31,2025-11-06,1000,0,0,0.14,140,140,Po
Change in Dividend Accruals,Data,Stocks,HKD,3416,2025-11-06,2025-10-31,2025-11-06,1000,0,0,0.14,-140,-140,Re
Change in Dividend Accruals,Data,Stocks,HKD,3416,2025-11-27,2025-11-28,2025-12-04,1000,0,0,0.14,140,140,Po
Change in Dividend Accruals,Data,Stocks,HKD,3416,2025-12-04,2025-11-28,2025-12-04,1000,0,0,0.14,-140,-140,Re
Change in Dividend Accruals,Data,Stocks,HKD,3416,2025-12-29,2025-12-30,2026-01-07,1000,0,0,0.14,140,140,Po
Change in Dividend Accruals,Data,Stocks,HKD,3416,2026-01-07,2025-12-30,2026-01-07,1000,0,0,0.14,-140,-140,Re
Change in Dividend Accruals,Data,Stocks,HKD,3416,2026-01-29,2026-01-30,2026-02-05,1000,0,0,0.14,140,140,Po
Change in Dividend Accruals,Data,Stocks,HKD,3416,2026-02-05,2026-01-30,2026-02-05,1000,0,0,0.14,-140,-140,Re
Change in Dividend Accruals,Data,Stocks,HKD,3416,2026-02-26,2026-02-27,2026-03-05,1000,0,0,0.14,140,140,Po
Change in Dividend Accruals,Data,Stocks,HKD,3416,2026-03-05,2026-02-27,2026-03-05,1000,0,0,0.14,-140,-140,Re
Change in Dividend Accruals,Data,Stocks,HKD,3416,2026-03-30,2026-03-31,2026-04-09,1000,0,0,0.14,140,140,Po
Change in Dividend Accruals,Data,Total,,,,,,,0,0,,140,140,
Change in Dividend Accruals,Data,Total in USD,,,,,,,0,0,,17.98125,17.98125,
Change in Dividend Accruals,Data,Stocks,JPY,2914.T,2025-06-26,2025-06-27,-,100,1485,0,97,9699,8214,Po
Change in Dividend Accruals,Data,Stocks,JPY,2914.T,2025-06-26,2025-06-27,2025-09-01,100,1593,0,104,10400,8807,Po
Change in Dividend Accruals,Data,Stocks,JPY,2914.T,2025-06-26,2025-06-27,2025-09-01,100,-1486,0,104,-9700,-8214,Re
Change in Dividend Accruals,Data,Stocks,JPY,2914.T,2025-09-01,2025-06-27,2025-09-01,100,-1593,0,104,-10400,-8807,Re
Change in Dividend Accruals,Data,Stocks,JPY,2914.T,2025-12-26,2025-12-29,-,100,1971,0,130,13000,11029,Po
Change in Dividend Accruals,Data,Stocks,JPY,2914.T,2025-12-26,2025-12-29,2026-03-26,100,1991,0,130,13000,11009,Po
Change in Dividend Accruals,Data,Stocks,JPY,2914.T,2025-12-26,2025-12-29,-,100,-1971,0,130,-13000,-11029,Re
Change in Dividend Accruals,Data,Stocks,JPY,2914.T,2026-03-26,2025-12-29,2026-03-26,100,-1991,0,130,-13000,-11009,Re
Change in Dividend Accruals,Data,Stocks,JPY,4568.T,2025-06-24,2025-03-28,2025-06-24,100,-459,0,30,-3000,-2541,Re
Change in Dividend Accruals,Data,Stocks,JPY,4568.T,2025-09-26,2025-09-29,-,200,1057,0,39,7800,6743,Po
Change in Dividend Accruals,Data,Stocks,JPY,4568.T,2025-09-26,2025-09-29,2025-12-10,200,1195,0,39,7800,6605,Po
Change in Dividend Accruals,Data,Stocks,JPY,4568.T,2025-09-26,2025-09-29,-,200,-1057,0,39,-7800,-6743,Re
Change in Dividend Accruals,Data,Stocks,JPY,4568.T,2025-12-10,2025-09-29,2025-12-10,200,-1195,0,39,-7800,-6605,Re
Change in Dividend Accruals,Data,Stocks,JPY,4568.T,2026-03-27,2026-03-30,-,200,920,0,39,7800,6880,Po
Change in Dividend Accruals,Data,Stocks,JPY,4568.T,2026-03-27,2026-03-30,2026-06-23,200,1195,0,39,7800,6605,Po
Change in Dividend Accruals,Data,Stocks,JPY,4568.T,2026-03-27,2026-03-30,-,200,-920,0,39,-7800,-6880,Re
Change in Dividend Accruals,Data,Stocks,JPY,7203.T,2025-09-26,2025-09-29,-,100,648,0,45,4500,3852,Po
Change in Dividend Accruals,Data,Stocks,JPY,7203.T,2025-09-26,2025-09-29,2025-11-26,100,689,0,45,4500,3811,Po
Change in Dividend Accruals,Data,Stocks,JPY,7203.T,2025-09-26,2025-09-29,-,100,-648,0,45,-4500,-3852,Re
Change in Dividend Accruals,Data,Stocks,JPY,7203.T,2025-11-26,2025-09-29,2025-11-26,100,-689,0,45,-4500,-3811,Re
Change in Dividend Accruals,Data,Stocks,JPY,7203.T,2026-03-27,2026-03-30,-,100,728,0,50,5001,4273,Po
Change in Dividend Accruals,Data,Stocks,JPY,7203.T,2026-03-27,2026-03-30,2026-05-26,100,766,0,50,5000,4234,Po
Change in Dividend Accruals,Data,Stocks,JPY,7203.T,2026-03-27,2026-03-30,-,100,-727,0,50,-5000,-4273,Re
Change in Dividend Accruals,Data,Total,,,,,,,1502,0,,9800,8298,
Change in Dividend Accruals,Data,Total in USD,,,,,,,10.2002671,0,,66.4418372,56.2415701,
Change in Dividend Accruals,Data,Stocks,USD,AEP,2026-02-09,2026-02-10,2026-03-10,10,2.38,0,0.95,9.5,7.12,Po
Change in Dividend Accruals,Data,Stocks,USD,AEP,2026-03-10,2026-02-10,2026-03-10,10,-2.38,0,0.95,-9.5,-7.12,Re
Change in Dividend Accruals,Data,Stocks,USD,ASML,2025-04-25,2025-04-28,2025-05-06,6,1.73,0,1.919304,11.52,9.79,Po
Change in Dividend Accruals,Data,Stocks,USD,ASML,2025-04-25,2025-04-28,2025-05-06,6,1.88,0,2.090608,12.54,10.66,Po
Change in Dividend Accruals,Data,Stocks,USD,ASML,2025-04-25,2025-04-28,2025-05-06,6,-1.73,0,2.090608,-11.52,-9.79,Re
Change in Dividend Accruals,Data,Stocks,USD,ASML,2025-05-06,2025-04-28,2025-05-06,6,-1.88,0,2.090608,-12.54,-10.66,Re
Change in Dividend Accruals,Data,Stocks,USD,ASML,2025-07-28,2025-07-29,2025-08-06,6,1.67,0,1.856,11.14,9.47,Po
Change in Dividend Accruals,Data,Stocks,USD,ASML,2025-07-28,2025-07-29,2025-08-06,6,1.66,0,1.846784,11.08,9.42,Po
Change in Dividend Accruals,Data,Stocks,USD,ASML,2025-07-28,2025-07-29,2025-08-06,6,-1.67,0,1.846784,-11.14,-9.47,Re
Change in Dividend Accruals,Data,Stocks,USD,ASML,2025-08-06,2025-07-29,2025-08-06,6,-1.66,0,1.846784,-11.08,-9.42,Re
Change in Dividend Accruals,Data,Stocks,USD,ASML,2025-10-28,2025-10-29,2025-11-06,6,1.67,0,1.85696,11.14,9.47,Po
Change in Dividend Accruals,Data,Stocks,USD,ASML,2025-10-28,2025-10-29,2025-11-06,6,1.68,0,1.864032,11.19,9.51,Po
Change in Dividend Accruals,Data,Stocks,USD,ASML,2025-10-28,2025-10-29,2025-11-06,6,-1.67,0,1.864032,-11.14,-9.47,Re
Change in Dividend Accruals,Data,Stocks,USD,ASML,2025-11-06,2025-10-29,2025-11-06,6,-1.68,0,1.864032,-11.19,-9.51,Re
Change in Dividend Accruals,Data,Stocks,USD,ASML,2026-02-09,2026-02-10,2026-02-18,6,1.69,0,1.88272,11.29,9.6,Po
Change in Dividend Accruals,Data,Stocks,USD,ASML,2026-02-18,2026-02-10,2026-02-18,6,-1.69,0,1.9064,-11.29,-9.6,Re
Change in Dividend Accruals,Data,Stocks,USD,AVGO,2025-06-19,2025-06-20,2025-06-30,9,1.33,0,0.59,5.31,3.98,Po
Change in Dividend Accruals,Data,Stocks,USD,AVGO,2025-06-30,2025-06-20,2025-06-30,9,-1.33,0,0.59,-5.31,-3.98,Re
Change in Dividend Accruals,Data,Stocks,USD,AVGO,2025-09-19,2025-09-22,2025-09-30,9,1.33,0,0.59,5.31,3.98,Po
Change in Dividend Accruals,Data,Stocks,USD,AVGO,2025-09-30,2025-09-22,2025-09-30,9,-1.33,0,0.59,-5.31,-3.98,Re
Change in Dividend Accruals,Data,Stocks,USD,AVGO,2025-12-19,2025-12-22,2025-12-31,9,1.46,0,0.65,5.85,4.39,Po
Change in Dividend Accruals,Data,Stocks,USD,AVGO,2025-12-31,2025-12-22,2025-12-31,9,-1.46,0,0.65,-5.85,-4.39,Re
Change in Dividend Accruals,Data,Stocks,USD,AVGO,2026-03-20,2026-03-23,2026-03-31,9,1.46,0,0.65,5.85,4.39,Po
Change in Dividend Accruals,Data,Stocks,USD,AVGO,2026-03-31,2026-03-23,2026-03-31,9,-1.46,0,0.65,-5.85,-4.39,Re
Change in Dividend Accruals,Data,Stocks,USD,AXP,2025-04-03,2025-04-04,2025-05-09,3,0.62,0,0.82,2.46,1.84,Po
Change in Dividend Accruals,Data,Stocks,USD,AXP,2025-05-09,2025-04-04,2025-05-09,3,-0.62,0,0.82,-2.46,-1.84,Re
Change in Dividend Accruals,Data,Stocks,USD,AXP,2025-07-02,2025-07-03,2025-08-08,3,0.62,0,0.82,2.46,1.84,Po
Change in Dividend Accruals,Data,Stocks,USD,AXP,2025-08-08,2025-07-03,2025-08-08,3,-0.62,0,0.82,-2.46,-1.84,Re
Change in Dividend Accruals,Data,Stocks,USD,AXP,2025-10-09,2025-10-10,2025-11-10,3,0.62,0,0.82,2.46,1.84,Po
Change in Dividend Accruals,Data,Stocks,USD,AXP,2025-11-10,2025-10-10,2025-11-10,3,-0.62,0,0.82,-2.46,-1.84,Re
Change in Dividend Accruals,Data,Stocks,USD,AXP,2026-01-01,2026-01-02,2026-02-10,3,0.62,0,0.82,2.46,1.84,Po
Change in Dividend Accruals,Data,Stocks,USD,AXP,2026-02-10,2026-01-02,2026-02-10,3,-0.62,0,0.82,-2.46,-1.84,Re
Change in Dividend Accruals,Data,Stocks,USD,BAC,2025-06-05,2025-06-06,2025-06-27,162,10.53,0,0.26,42.12,31.59,Po
Change in Dividend Accruals,Data,Stocks,USD,BAC,2025-06-27,2025-06-06,2025-06-27,162,-10.53,0,0.26,-42.12,-31.59,Re
Change in Dividend Accruals,Data,Stocks,USD,BAC,2025-09-04,2025-09-05,2025-09-26,162,11.34,0,0.28,45.36,34.02,Po
Change in Dividend Accruals,Data,Stocks,USD,BAC,2025-09-26,2025-09-05,2025-09-26,162,-11.34,0,0.28,-45.36,-34.02,Re
Change in Dividend Accruals,Data,Stocks,USD,BAC,2025-12-04,2025-12-05,2025-12-26,162,11.34,0,0.28,45.36,34.02,Po
Change in Dividend Accruals,Data,Stocks,USD,BAC,2025-12-26,2025-12-05,2025-12-26,162,-11.34,0,0.28,-45.36,-34.02,Re
Change in Dividend Accruals,Data,Stocks,USD,BAC,2026-03-05,2026-03-06,2026-03-27,162,11.34,0,0.28,45.36,34.02,Po
Change in Dividend Accruals,Data,Stocks,USD,BAC,2026-03-27,2026-03-06,2026-03-27,162,-11.34,0,0.28,-45.36,-34.02,Re
Change in Dividend Accruals,Data,Stocks,USD,BX,2025-04-25,2025-04-28,2025-05-05,42,9.77,0,0.93,39.06,29.29,Po
Change in Dividend Accruals,Data,Stocks,USD,BX,2025-05-05,2025-04-28,2025-05-05,42,-9.77,0,0.93,-39.06,-29.29,Re
Change in Dividend Accruals,Data,Stocks,USD,BX,2025-08-01,2025-08-04,2025-08-11,42,10.82,0,1.03,43.26,32.44,Po
Change in Dividend Accruals,Data,Stocks,USD,BX,2025-08-11,2025-08-04,2025-08-11,42,-10.82,0,1.03,-43.26,-32.44,Re
Change in Dividend Accruals,Data,Stocks,USD,BX,2025-10-31,2025-11-03,2025-11-10,42,13.55,0,1.29,54.18,40.63,Po
Change in Dividend Accruals,Data,Stocks,USD,BX,2025-11-10,2025-11-03,2025-11-10,42,-13.55,0,1.29,-54.18,-40.63,Re
Change in Dividend Accruals,Data,Stocks,USD,BX,2026-02-06,2026-02-09,2026-02-17,42,15.65,0,1.49,62.58,46.93,Po
Change in Dividend Accruals,Data,Stocks,USD,BX,2026-02-17,2026-02-09,2026-02-17,42,-15.65,0,1.49,-62.58,-46.93,Re
Change in Dividend Accruals,Data,Stocks,USD,CAT,2025-04-18,2025-04-21,2025-05-20,3,1.06,0,1.41,4.23,3.17,Po
Change in Dividend Accruals,Data,Stocks,USD,CAT,2025-05-20,2025-04-21,2025-05-20,3,-1.06,0,1.41,-4.23,-3.17,Re
Change in Dividend Accruals,Data,Stocks,USD,CAT,2025-07-18,2025-07-21,2025-08-20,3,1.13,0,1.51,4.53,3.4,Po
Change in Dividend Accruals,Data,Stocks,USD,CAT,2025-08-20,2025-07-21,2025-08-20,3,-1.13,0,1.51,-4.53,-3.4,Re
Change in Dividend Accruals,Data,Stocks,USD,CAT,2025-10-17,2025-10-20,2025-11-20,3,1.13,0,1.51,4.53,3.4,Po
Change in Dividend Accruals,Data,Stocks,USD,CAT,2025-11-20,2025-10-20,2025-11-20,3,-1.13,0,1.51,-4.53,-3.4,Re
Change in Dividend Accruals,Data,Stocks,USD,CAT,2026-01-19,2026-01-20,2026-02-19,3,1.14,0,1.51,4.53,3.39,Po
Change in Dividend Accruals,Data,Stocks,USD,CAT,2026-02-19,2026-01-20,2026-02-19,3,-1.13,0,1.51,-4.53,-3.4,Re
Change in Dividend Accruals,Data,Stocks,USD,CSCO,2025-10-02,2025-10-03,2025-10-22,20,2.05,0,0.41,8.2,6.15,Po
Change in Dividend Accruals,Data,Stocks,USD,CSCO,2025-10-22,2025-10-03,2025-10-22,20,-2.05,0,0.41,-8.2,-6.15,Re
Change in Dividend Accruals,Data,Stocks,USD,CSCO,2026-01-01,2026-01-02,2026-01-21,20,2.05,0,0.41,8.2,6.15,Po
Change in Dividend Accruals,Data,Stocks,USD,CSCO,2026-01-21,2026-01-02,2026-01-21,20,-2.05,0,0.41,-8.2,-6.15,Re
Change in Dividend Accruals,Data,Stocks,USD,DXJ,2025-06-24,2025-06-25,2025-06-27,24,8.04,0,1.34,32.16,24.12,Po
Change in Dividend Accruals,Data,Stocks,USD,DXJ,2025-06-27,2025-06-25,2025-06-27,24,-8.04,0,1.34,-32.16,-24.12,Re
Change in Dividend Accruals,Data,Stocks,USD,DXJ,2025-09-24,2025-09-25,2025-09-29,24,0.85,0,0.14,3.36,2.51,Po
Change in Dividend Accruals,Data,Stocks,USD,DXJ,2025-09-24,2025-09-25,2025-09-29,24,0.84,0,0.14,3.36,2.52,Po
Change in Dividend Accruals,Data,Stocks,USD,DXJ,2025-09-24,2025-09-25,2025-09-29,24,-0.85,0,0.14,-3.36,-2.51,Re
Change in Dividend Accruals,Data,Stocks,USD,DXJ,2025-09-29,2025-09-25,2025-09-29,24,-0.84,0,0.14,-3.36,-2.52,Re
Change in Dividend Accruals,Data,Stocks,USD,DXJ,2025-12-25,2025-12-26,2025-12-30,24,2.31,0,0.38499,9.24,6.93,Po
Change in Dividend Accruals,Data,Stocks,USD,DXJ,2025-12-30,2025-12-26,2025-12-30,24,-2.31,0,0.38499,-9.24,-6.93,Re
Change in Dividend Accruals,Data,Stocks,USD,EMXC,2025-06-13,2025-06-16,2025-06-20,75,13.34,0,0.711404,53.36,40.02,Po
Change in Dividend Accruals,Data,Stocks,USD,EMXC,2025-06-20,2025-06-16,2025-06-20,75,-13.34,0,0.711404,-53.36,-40.02,Re
Change in Dividend Accruals,Data,Stocks,USD,EMXC,2025-12-15,2025-12-16,2025-12-19,75,25.05,0,1.335744,100.18,75.13,Po
Change in Dividend Accruals,Data,Stocks,USD,EMXC,2025-12-19,2025-12-16,2025-12-19,75,-25.05,0,1.335744,-100.18,-75.13,Re
Change in Dividend Accruals,Data,Stocks,USD,GE,2025-04-09,2025-04-10,2025-04-25,7,0.63,0,0.36,2.52,1.89,Po
Change in Dividend Accruals,Data,Stocks,USD,GE,2025-04-09,2025-04-10,2025-04-25,7,-0.63,0,0.36,-2.52,-1.89,Re
Change in Dividend Accruals,Data,Stocks,USD,GE,2025-04-25,2025-03-10,2025-04-25,7,-0.63,0,0.36,-2.52,-1.89,Re
Change in Dividend Accruals,Data,Stocks,USD,GE,2025-07-04,2025-07-07,2025-07-25,7,0.63,0,0.36,2.52,1.89,Po
Change in Dividend Accruals,Data,Stocks,USD,GE,2025-07-25,2025-07-07,2025-07-25,7,-0.63,0,0.36,-2.52,-1.89,Re
Change in Dividend Accruals,Data,Stocks,USD,GE,2025-09-26,2025-09-29,2025-10-27,7,0.63,0,0.36,2.52,1.89,Po
Change in Dividend Accruals,Data,Stocks,USD,GE,2025-10-27,2025-09-29,2025-10-27,7,-0.63,0,0.36,-2.52,-1.89,Re
Change in Dividend Accruals,Data,Stocks,USD,GE,2025-12-26,2025-12-29,2026-01-26,7,0.63,0,0.36,2.52,1.89,Po
Change in Dividend Accruals,Data,Stocks,USD,GE,2026-01-26,2025-12-29,2026-01-26,7,-0.63,0,0.36,-2.52,-1.89,Re
Change in Dividend Accruals,Data,Stocks,USD,GE,2026-03-06,2026-03-09,2026-04-27,7,0.82,0,0.47,3.29,2.47,Po
Change in Dividend Accruals,Data,Stocks,USD,IBM,2025-11-07,2025-11-10,2025-12-10,5,2.1,0,1.68,8.4,6.3,Po
Change in Dividend Accruals,Data,Stocks,USD,IBM,2025-12-10,2025-11-10,2025-12-10,5,-2.1,0,1.68,-8.4,-6.3,Re
Change in Dividend Accruals,Data,Stocks,USD,IBM,2026-02-09,2026-02-10,2026-03-10,5,2.1,0,1.68,8.4,6.3,Po
Change in Dividend Accruals,Data,Stocks,USD,IBM,2026-03-10,2026-02-10,2026-03-10,5,-2.1,0,1.68,-8.4,-6.3,Re
Change in Dividend Accruals,Data,Stocks,USD,LLY,2025-05-15,2025-05-16,2025-06-10,3,1.13,0,1.5,4.5,3.37,Po
Change in Dividend Accruals,Data,Stocks,USD,LLY,2025-06-10,2025-05-16,2025-06-10,3,-1.13,0,1.5,-4.5,-3.37,Re
Change in Dividend Accruals,Data,Stocks,USD,LLY,2025-08-14,2025-08-15,2025-09-10,3,1.13,0,1.5,4.5,3.37,Po
Change in Dividend Accruals,Data,Stocks,USD,LLY,2025-09-10,2025-08-15,2025-09-10,3,-1.13,0,1.5,-4.5,-3.37,Re
Change in Dividend Accruals,Data,Stocks,USD,LLY,2025-11-13,2025-11-14,2025-12-10,3,1.13,0,1.5,4.5,3.37,Po
Change in Dividend Accruals,Data,Stocks,USD,LLY,2025-12-10,2025-11-14,2025-12-10,3,-1.13,0,1.5,-4.5,-3.37,Re
Change in Dividend Accruals,Data,Stocks,USD,LLY,2026-02-12,2026-02-13,2026-03-10,3,1.3,0,1.73,5.19,3.89,Po
Change in Dividend Accruals,Data,Stocks,USD,LLY,2026-03-10,2026-02-13,2026-03-10,3,-1.3,0,1.73,-5.19,-3.89,Re
Change in Dividend Accruals,Data,Stocks,USD,LRCX,2025-04-09,2025-03-05,2025-04-09,30,-1.73,0,0.23,-6.9,-5.17,Re
Change in Dividend Accruals,Data,Stocks,USD,LRCX,2025-06-17,2025-06-18,2025-07-09,30,1.73,0,0.23,6.9,5.17,Po
Change in Dividend Accruals,Data,Stocks,USD,LRCX,2025-07-09,2025-06-18,2025-07-09,30,-1.73,0,0.23,-6.9,-5.17,Re
Change in Dividend Accruals,Data,Stocks,USD,LRCX,2025-09-23,2025-09-24,2025-10-15,30,1.95,0,0.26,7.8,5.85,Po
Change in Dividend Accruals,Data,Stocks,USD,LRCX,2025-10-15,2025-09-24,2025-10-15,30,-1.95,0,0.26,-7.8,-5.85,Re
Change in Dividend Accruals,Data,Stocks,USD,LRCX,2025-12-02,2025-12-03,2026-01-07,30,1.95,0,0.26,7.8,5.85,Po
Change in Dividend Accruals,Data,Stocks,USD,LRCX,2026-01-07,2025-12-03,2026-01-07,30,-1.95,0,0.26,-7.8,-5.85,Re
Change in Dividend Accruals,Data,Stocks,USD,LRCX,2026-03-03,2026-03-04,2026-04-08,30,1.95,0,0.26,7.8,5.85,Po
Change in Dividend Accruals,Data,Stocks,USD,MSFT,2025-05-14,2025-05-15,2025-06-12,3,0.62,0,0.83,2.49,1.87,Po
Change in Dividend Accruals,Data,Stocks,USD,MSFT,2025-06-12,2025-05-15,2025-06-12,3,-0.62,0,0.83,-2.49,-1.87,Re
Change in Dividend Accruals,Data,Stocks,USD,MSFT,2025-08-20,2025-08-21,2025-09-11,3,0.62,0,0.83,2.49,1.87,Po
Change in Dividend Accruals,Data,Stocks,USD,MSFT,2025-09-11,2025-08-21,2025-09-11,3,-0.62,0,0.83,-2.49,-1.87,Re
Change in Dividend Accruals,Data,Stocks,USD,MSFT,2025-11-19,2025-11-20,2025-12-11,3,0.68,0,0.91,2.73,2.05,Po
Change in Dividend Accruals,Data,Stocks,USD,MSFT,2025-12-11,2025-11-20,2025-12-11,3,-0.68,0,0.91,-2.73,-2.05,Re
Change in Dividend Accruals,Data,Stocks,USD,MSFT,2026-02-18,2026-02-19,2026-03-12,3,0.69,0,0.91,2.73,2.04,Po
Change in Dividend Accruals,Data,Stocks,USD,MSFT,2026-03-12,2026-02-19,2026-03-12,3,-0.68,0,0.91,-2.73,-2.05,Re
Change in Dividend Accruals,Data,Stocks,USD,ORCL,2025-10-08,2025-10-09,2025-10-23,5,0.63,0,0.5,2.5,1.87,Po
Change in Dividend Accruals,Data,Stocks,USD,ORCL,2025-10-23,2025-10-09,2025-10-23,5,-0.63,0,0.5,-2.5,-1.87,Re
Change in Dividend Accruals,Data,Stocks,USD,TGT,2025-05-13,2025-05-14,2025-06-02,9,2.52,0,1.12,10.08,7.56,Po
Change in Dividend Accruals,Data,Stocks,USD,TGT,2025-06-02,2025-05-14,2025-06-02,9,-2.52,0,1.12,-10.08,-7.56,Re
Change in Dividend Accruals,Data,Stocks,USD,TGT,2025-08-12,2025-08-13,2025-09-02,9,2.57,0,1.14,10.26,7.69,Po
Change in Dividend Accruals,Data,Stocks,USD,TGT,2025-09-02,2025-08-13,2025-09-02,9,-2.57,0,1.14,-10.26,-7.69,Re
Change in Dividend Accruals,Data,Stocks,USD,TGT,2025-11-11,2025-11-12,2025-12-01,30,8.55,0,1.14,34.2,25.65,Po
Change in Dividend Accruals,Data,Stocks,USD,TGT,2025-12-01,2025-11-12,2025-12-01,30,-8.55,0,1.14,-34.2,-25.65,Re
Change in Dividend Accruals,Data,Stocks,USD,TGT,2026-02-10,2026-02-11,2026-03-01,30,8.55,0,1.14,34.2,25.65,Po
Change in Dividend Accruals,Data,Stocks,USD,TGT,2026-03-01,2026-02-11,2026-03-01,30,-8.55,0,1.14,-34.2,-25.65,Re
Change in Dividend Accruals,Data,Stocks,USD,TIP,2025-03-31,2025-04-01,2025-04-04,39,6.92,0,0.70918,27.66,20.74,Po
Change in Dividend Accruals,Data,Stocks,USD,TIP,2025-04-04,2025-04-01,2025-04-04,39,-6.92,0,0.70918,-27.66,-20.74,Re
Change in Dividend Accruals,Data,Stocks,USD,TIP,2025-04-30,2025-05-01,2025-05-06,39,5.22,0,0.534953,20.86,15.64,Po
Change in Dividend Accruals,Data,Stocks,USD,TIP,2025-05-06,2025-05-01,2025-05-06,39,-5.22,0,0.534953,-20.86,-15.64,Re
Change in Dividend Accruals,Data,Stocks,USD,TIP,2025-05-30,2025-06-02,2025-06-05,39,2.66,0,0.273105,10.65,7.99,Po
Change in Dividend Accruals,Data,Stocks,USD,TIP,2025-06-05,2025-06-02,2025-06-05,39,-2.66,0,0.273105,-10.65,-7.99,Re
Change in Dividend Accruals,Data,Stocks,USD,TIP,2025-06-30,2025-07-01,2025-07-07,39,3.71,0,0.379923,14.82,11.11,Po
Change in Dividend Accruals,Data,Stocks,USD,TIP,2025-07-07,2025-07-01,2025-07-07,39,-3.71,0,0.379923,-14.82,-11.11,Re
Change in Dividend Accruals,Data,Stocks,USD,TIP,2025-07-31,2025-08-01,2025-08-06,39,2.58,0,0.264488,10.32,7.74,Po
Change in Dividend Accruals,Data,Stocks,USD,TIP,2025-08-06,2025-08-01,2025-08-06,39,-2.58,0,0.264488,-10.32,-7.74,Re
Change in Dividend Accruals,Data,Stocks,USD,TIP,2025-09-01,2025-09-02,2025-09-05,39,4.07,0,0.417238,16.27,12.2,Po
Change in Dividend Accruals,Data,Stocks,USD,TIP,2025-09-05,2025-09-02,2025-09-05,39,-4.07,0,0.417238,-16.27,-12.2,Re
Change in Dividend Accruals,Data,Stocks,USD,TIP,2025-09-30,2025-10-01,2025-10-06,39,1.93,0,0.198069,7.72,5.79,Po
Change in Dividend Accruals,Data,Stocks,USD,TIP,2025-10-06,2025-10-01,2025-10-06,39,-1.93,0,0.198069,-7.72,-5.79,Re
Change in Dividend Accruals,Data,Stocks,USD,TIP,2025-10-31,2025-11-03,2025-11-06,39,3.52,0,0.360933,14.08,10.56,Po
Change in Dividend Accruals,Data,Stocks,USD,TIP,2025-11-06,2025-11-03,2025-11-06,39,-3.52,0,0.360933,-14.07,-10.55,Re
Change in Dividend Accruals,Data,Stocks,USD,TIP,2025-11-28,2025-12-01,2025-12-04,39,3.14,0,0.322417,12.57,9.43,Po
Change in Dividend Accruals,Data,Stocks,USD,TIP,2025-12-04,2025-12-01,2025-12-04,39,-3.14,0,0.322417,-12.57,-9.43,Re
Change in Dividend Accruals,Data,Stocks,USD,TIP,2025-12-18,2025-12-19,2025-12-24,39,3.33,0,0.341961,13.33,10,Po
Change in Dividend Accruals,Data,Stocks,USD,TIP,2025-12-24,2025-12-19,2025-12-24,39,-3.34,0,0.341961,-13.34,-10,Re
Change in Dividend Accruals,Data,Stocks,USD,TSM,2025-04-10,2025-03-18,2025-04-10,14,-2.01,0,0.677693,-9.57,-7.56,Re
Change in Dividend Accruals,Data,Stocks,USD,TSM,2025-06-11,2025-06-12,2025-07-10,45,7.11,0,0.751983,33.84,26.73,Po
Change in Dividend Accruals,Data,Stocks,USD,TSM,2025-06-11,2025-06-12,2025-07-10,45,7.37,0,0.780305,35.11,27.74,Po
Change in Dividend Accruals,Data,Stocks,USD,TSM,2025-06-11,2025-06-12,2025-07-10,45,-7.11,0,0.780305,-33.84,-26.73,Re
Change in Dividend Accruals,Data,Stocks,USD,TSM,2025-07-10,2025-06-12,2025-07-10,45,-7.37,0,0.780305,-35.11,-27.74,Re
Change in Dividend Accruals,Data,Stocks,USD,TSM,2025-09-15,2025-09-16,2025-10-09,45,7.71,0,0.81577,36.71,29,Po
Change in Dividend Accruals,Data,Stocks,USD,TSM,2025-10-09,2025-09-16,2025-10-09,45,-7.71,0,0.821965,-36.71,-29,Re
Change in Dividend Accruals,Data,Stocks,USD,TSM,2025-12-10,2025-12-11,2026-01-08,45,7.53,0,0.797246,35.87,28.34,Po
Change in Dividend Accruals,Data,Stocks,USD,TSM,2025-12-10,2025-12-11,2026-01-08,45,7.52,0,0.79542,35.8,28.28,Po
Change in Dividend Accruals,Data,Stocks,USD,TSM,2025-12-10,2025-12-11,2026-01-08,45,-7.53,0,0.79542,-35.87,-28.34,Re
Change in Dividend Accruals,Data,Stocks,USD,TSM,2026-01-08,2025-12-11,2026-01-08,45,-7.52,0,0.79542,-35.8,-28.28,Re
Change in Dividend Accruals,Data,Stocks,USD,TSM,2026-03-16,2026-03-17,2026-04-09,45,9.03,0,0.955724,43.01,33.98,Po
Change in Dividend Accruals,Data,Stocks,USD,URA,2025-12-29,2025-12-30,2026-01-07,24,12.51,0,2.084331,50.02,37.51,Po
Change in Dividend Accruals,Data,Stocks,USD,URA,2026-01-07,2025-12-30,2026-01-07,24,-12.51,0,2.084331,-50.02,-37.51,Re
Change in Dividend Accruals,Data,Total,,,,,,,7.44,0,,35.11,27.67,
Change in Dividend Accruals,Data,Total Stocks in USD,,,,,,,8.3740899,0,,85.2254189,76.851329,
Change in Dividend Accruals,Data,Ending Dividend Accruals in USD,,,,,,,,,,,128.4470356,
Stock Yield Enhancement Program Securities Lent,Header,Asset Category,Currency,Symbol,Transaction ID,Quantity,SYEP Rate on Customer Collateral (%),Collateral Amount
Stock Yield Enhancement Program Securities Lent,Data,Stocks,HKD,3069,SLB.118913082,-471,2.81,7225.375497659
Stock Yield Enhancement Program Securities Lent,Data,Total,,,,,,7225.375497659
Stock Yield Enhancement Program Securities Lent,Data,Total in USD,,,,,,922.102421011
Stock Yield Enhancement Program Securities Lent,Data,Stocks,USD,EMXC,SLB.118947656,-73,1.38,5694
Stock Yield Enhancement Program Securities Lent,Data,Total,,,,,,5694
Stock Yield Enhancement Program Securities Collateral Held at IBKRSS,Header,Asset Category,Currency,Symbol,Quantity,Price,Value
Stock Yield Enhancement Program Securities Collateral Held at IBKRSS,Data,Securities,USD,T 4 12/15/27,"6,599.601",100.25,"6,616.10"
Stock Yield Enhancement Program Securities Collateral Held at IBKRSS,Data,Total,,,,,6616.1
Stock Yield Enhancement Program Securities Lent Activity,Header,Asset Category,Currency,Symbol,Date,Description, ,Transaction ID,Quantity,Collateral Amount
Stock Yield Enhancement Program Securities Lent Activity,Data,Stocks,HKD,3069,2025-07-21,New Loan Allocation, ,SLB.108342459,-668,11166.287994782
Stock Yield Enhancement Program Securities Lent Activity,Data,Stocks,HKD,3069,2025-07-22,Loan Return Allocation, ,SLB.108342459,668,-11166.287994782
Stock Yield Enhancement Program Securities Lent Activity,Data,Stocks,HKD,3069,2025-07-24,New Loan Allocation, ,SLB.108505216,-393,6462.098998739
Stock Yield Enhancement Program Securities Lent Activity,Data,Stocks,HKD,3069,2025-07-25,Loan Return Allocation, ,SLB.108505216,393,-6462.098998739
Stock Yield Enhancement Program Securities Lent Activity,Data,Stocks,HKD,3069,2025-07-25,New Loan Allocation, ,SLB.108560056,-358,6029.436002568
Stock Yield Enhancement Program Securities Lent Activity,Data,Stocks,HKD,3069,2025-07-28,Loan Return Allocation, ,SLB.108560056,358,-6029.436002568
Stock Yield Enhancement Program Securities Lent Activity,Data,Stocks,HKD,3069,2025-08-07,New Loan Allocation, ,SLB.109045634,-19,338.751006421
Stock Yield Enhancement Program Securities Lent Activity,Data,Stocks,HKD,3069,2025-08-08,Loan Return Allocation, ,SLB.109045634,19,-338.751006421
Stock Yield Enhancement Program Securities Lent Activity,Data,Stocks,HKD,3069,2025-08-26,New Loan Allocation, ,SLB.109755057,-547,10097.072998141
Stock Yield Enhancement Program Securities Lent Activity,Data,Stocks,HKD,3069,2025-08-27,Loan Return Allocation, ,SLB.109755057,547,-10097.072998141
Stock Yield Enhancement Program Securities Lent Activity,Data,Stocks,HKD,3069,2025-08-27,New Loan Allocation, ,SLB.109809502,-273,4953.311996434
Stock Yield Enhancement Program Securities Lent Activity,Data,Stocks,HKD,3069,2025-08-28,Loan Return Allocation, ,SLB.109809502,273,-4953.311996434
Stock Yield Enhancement Program Securities Lent Activity,Data,Stocks,HKD,3069,2025-08-28,New Loan Allocation, ,SLB.109864733,-251,4382.836506098
Stock Yield Enhancement Program Securities Lent Activity,Data,Stocks,HKD,3069,2025-08-29,Loan Return Allocation, ,SLB.109864733,251,-4382.836506098
Stock Yield Enhancement Program Securities Lent Activity,Data,Stocks,HKD,3069,2025-08-29,New Loan Allocation, ,SLB.109920419,-254,4365.879
Stock Yield Enhancement Program Securities Lent Activity,Data,Stocks,HKD,3069,2025-09-01,Loan Return Allocation, ,SLB.109920419,254,-4365.879
Stock Yield Enhancement Program Securities Lent Activity,Data,Stocks,HKD,3069,2025-09-01,New Loan Allocation, ,SLB.109973875,-241,4274.0145
Stock Yield Enhancement Program Securities Lent Activity,Data,Stocks,HKD,3069,2025-09-01,New Loan Allocation, ,SLB.109973890,-70,1241.414994461
Stock Yield Enhancement Program Securities Lent Activity,Data,Stocks,HKD,3069,2025-09-02,Loan Return Allocation, ,SLB.109973875,241,-4274.0145
Stock Yield Enhancement Program Securities Lent Activity,Data,Stocks,HKD,3069,2025-09-02,Loan Return Allocation, ,SLB.109973890,70,-1241.414994461
Stock Yield Enhancement Program Securities Lent Activity,Data,Stocks,HKD,3069,2025-09-02,New Loan Allocation, ,SLB.110012737,-295,5535.232505186
Stock Yield Enhancement Program Securities Lent Activity,Data,Stocks,HKD,3069,2025-09-03,Loan Return Allocation, ,SLB.110012737,295,-5535.232505186
Stock Yield Enhancement Program Securities Lent Activity,Data,Stocks,HKD,3069,2025-09-03,New Loan Allocation, ,SLB.110072311,-296,5510.48399707
Stock Yield Enhancement Program Securities Lent Activity,Data,Stocks,HKD,3069,2025-09-04,Loan Return Allocation, ,SLB.110072311,296,-5510.48399707
Stock Yield Enhancement Program Securities Lent Activity,Data,Stocks,HKD,3069,2025-09-04,New Loan Allocation, ,SLB.110129854,-333,6321.672
Stock Yield Enhancement Program Securities Lent Activity,Data,Stocks,HKD,3069,2025-09-05,Loan Return Allocation, ,SLB.110129854,333,-6321.672
Stock Yield Enhancement Program Securities Lent Activity,Data,Stocks,HKD,3069,2025-09-05,New Loan Allocation, ,SLB.110186220,-370,6701.624997041
Stock Yield Enhancement Program Securities Lent Activity,Data,Stocks,HKD,3069,2025-09-08,Loan Return Allocation, ,SLB.110186220,370,-6701.624997041
Stock Yield Enhancement Program Securities Lent Activity,Data,Stocks,HKD,3069,2025-09-08,New Loan Allocation, ,SLB.110243255,-389,7409.282998861
Stock Yield Enhancement Program Securities Lent Activity,Data,Stocks,HKD,3069,2025-09-08,New Loan Allocation, ,SLB.110243271,-13,247.611001112
Stock Yield Enhancement Program Securities Lent Activity,Data,Stocks,HKD,3069,2025-09-09,Loan Return Allocation, ,SLB.110243255,389,-7409.282998861
Stock Yield Enhancement Program Securities Lent Activity,Data,Stocks,HKD,3069,2025-09-09,Loan Return Allocation, ,SLB.110243271,13,-247.611001112
Stock Yield Enhancement Program Securities Lent Activity,Data,Stocks,HKD,3069,2025-09-09,New Loan Allocation, ,SLB.110300391,-387,7395.57
Stock Yield Enhancement Program Securities Lent Activity,Data,Stocks,HKD,3069,2025-09-10,Loan Return Allocation, ,SLB.110300391,387,-7395.57
Stock Yield Enhancement Program Securities Lent Activity,Data,Stocks,HKD,3069,2025-09-10,New Loan Allocation, ,SLB.110359644,-425,8072.662503415
Stock Yield Enhancement Program Securities Lent Activity,Data,Stocks,HKD,3069,2025-09-11,Loan Return Allocation, ,SLB.110359644,425,-8072.662503415
Stock Yield Enhancement Program Securities Lent Activity,Data,Stocks,HKD,3069,2025-09-11,New Loan Allocation, ,SLB.110414876,-443,8326.185
Stock Yield Enhancement Program Securities Lent Activity,Data,Stocks,HKD,3069,2025-09-12,Loan Return Allocation, ,SLB.110414876,443,-8326.185
Stock Yield Enhancement Program Securities Lent Activity,Data,Stocks,HKD,3069,2025-09-12,New Loan Allocation, ,SLB.110471910,-510,9280.214998635
Stock Yield Enhancement Program Securities Lent Activity,Data,Stocks,HKD,3069,2025-09-15,Loan Return Allocation, ,SLB.110471910,510,-9280.214998635
Stock Yield Enhancement Program Securities Lent Activity,Data,Stocks,HKD,3069,2025-09-15,New Loan Allocation, ,SLB.110528952,-367,6805.281004009
Stock Yield Enhancement Program Securities Lent Activity,Data,Stocks,HKD,3069,2025-09-16,Loan Return Allocation, ,SLB.110528952,367,-6805.281004009
Stock Yield Enhancement Program Securities Lent Activity,Data,Stocks,HKD,3069,2025-09-16,New Loan Allocation, ,SLB.110588145,-312,5814.900002464
Stock Yield Enhancement Program Securities Lent Activity,Data,Stocks,HKD,3069,2025-09-17,Loan Return Allocation, ,SLB.110588145,312,-5814.900002464
Stock Yield Enhancement Program Securities Lent Activity,Data,Stocks,HKD,3069,2025-09-17,New Loan Allocation, ,SLB.110647130,-309,5681.119500748
Stock Yield Enhancement Program Securities Lent Activity,Data,Stocks,HKD,3069,2025-09-18,Loan Return Allocation, ,SLB.110647130,309,-5681.119500748
Stock Yield Enhancement Program Securities Lent Activity,Data,Stocks,HKD,3069,2025-09-18,New Loan Allocation, ,SLB.110705536,-263,4835.386500598
Stock Yield Enhancement Program Securities Lent Activity,Data,Stocks,HKD,3069,2025-09-19,Loan Return Allocation, ,SLB.110705536,263,-4835.386500598
Stock Yield Enhancement Program Securities Lent Activity,Data,Stocks,HKD,3069,2025-09-19,New Loan Allocation, ,SLB.110762125,-223,4097.625007733
Stock Yield Enhancement Program Securities Lent Activity,Data,Stocks,HKD,3069,2025-09-22,Loan Return Allocation, ,SLB.110762125,223,-4097.625007733
Stock Yield Enhancement Program Securities Lent Activity,Data,Stocks,HKD,3069,2025-09-22,New Loan Allocation, ,SLB.110819481,-302,5485.83
Stock Yield Enhancement Program Securities Lent Activity,Data,Stocks,HKD,3069,2025-09-23,Loan Return Allocation, ,SLB.110819481,302,-5485.83
Stock Yield Enhancement Program Securities Lent Activity,Data,Stocks,HKD,3069,2025-09-23,New Loan Allocation, ,SLB.110884673,-356,6571.404001192
Stock Yield Enhancement Program Securities Lent Activity,Data,Stocks,HKD,3069,2025-09-24,Loan Return Allocation, ,SLB.110884673,356,-6571.404001192
Stock Yield Enhancement Program Securities Lent Activity,Data,Stocks,HKD,3069,2025-09-24,New Loan Allocation, ,SLB.110945238,-277,5046.24750432
Stock Yield Enhancement Program Securities Lent Activity,Data,Stocks,HKD,3069,2025-09-25,Loan Return Allocation, ,SLB.110945238,277,-5046.24750432
Stock Yield Enhancement Program Securities Lent Activity,Data,Stocks,HKD,3069,2025-09-25,New Loan Allocation, ,SLB.111001386,-364,6650.28
Stock Yield Enhancement Program Securities Lent Activity,Data,Stocks,HKD,3069,2025-09-26,Loan Return Allocation, ,SLB.111001386,364,-6650.28
Stock Yield Enhancement Program Securities Lent Activity,Data,Stocks,HKD,3069,2025-09-26,New Loan Allocation, ,SLB.111058785,-388,7072.464003161
Stock Yield Enhancement Program Securities Lent Activity,Data,Stocks,HKD,3069,2025-09-29,Loan Return Allocation, ,SLB.111058785,388,-7072.464003161
Stock Yield Enhancement Program Securities Lent Activity,Data,Stocks,HKD,3069,2025-09-29,New Loan Allocation, ,SLB.111118228,-452,8072.945989966
Stock Yield Enhancement Program Securities Lent Activity,Data,Stocks,HKD,3069,2025-09-30,Loan Return Allocation, ,SLB.111118228,452,-8072.945989966
Stock Yield Enhancement Program Securities Lent Activity,Data,Stocks,HKD,3069,2025-09-30,New Loan Allocation, ,SLB.111174174,-385,6989.482500999
Stock Yield Enhancement Program Securities Lent Activity,Data,Stocks,HKD,3069,2025-10-01,Loan Return Allocation, ,SLB.111174174,385,-6989.482500999
Stock Yield Enhancement Program Securities Lent Activity,Data,Stocks,HKD,3069,2025-10-01,New Loan Allocation, ,SLB.111231461,-369,6699.01049819
Stock Yield Enhancement Program Securities Lent Activity,Data,Stocks,HKD,3069,2025-10-02,Loan Return Allocation, ,SLB.111231461,369,-6699.01049819
Stock Yield Enhancement Program Securities Lent Activity,Data,Stocks,HKD,3069,2025-10-02,New Loan Allocation, ,SLB.111288329,-386,7230.551995486
Stock Yield Enhancement Program Securities Lent Activity,Data,Stocks,HKD,3069,2025-10-03,Loan Return Allocation, ,SLB.111288329,386,-7230.551995486
Stock Yield Enhancement Program Securities Lent Activity,Data,Stocks,HKD,3069,2025-10-03,New Loan Allocation, ,SLB.111347667,-378,7275.176995552
Stock Yield Enhancement Program Securities Lent Activity,Data,Stocks,HKD,3069,2025-10-06,Loan Return Allocation, ,SLB.111347667,378,-7275.176995552
Stock Yield Enhancement Program Securities Lent Activity,Data,Stocks,HKD,3069,2025-10-06,New Loan Allocation, ,SLB.111401690,-365,6986.647507684
Stock Yield Enhancement Program Securities Lent Activity,Data,Stocks,HKD,3069,2025-10-07,Loan Return Allocation, ,SLB.111401690,365,-6986.647507684
Stock Yield Enhancement Program Securities Lent Activity,Data,Stocks,HKD,3069,2025-10-07,New Loan Allocation, ,SLB.111456929,-369,7063.213501105
Stock Yield Enhancement Program Securities Lent Activity,Data,Stocks,HKD,3069,2025-10-08,Loan Return Allocation, ,SLB.111456929,369,-7063.213501105
Stock Yield Enhancement Program Securities Lent Activity,Data,Stocks,HKD,3069,2025-10-08,New Loan Allocation, ,SLB.111512787,-20,383.03999559
Stock Yield Enhancement Program Securities Lent Activity,Data,Stocks,HKD,3069,2025-10-08,New Loan Allocation, ,SLB.111512772,-405,7756.560004398
Stock Yield Enhancement Program Securities Lent Activity,Data,Stocks,HKD,3069,2025-10-09,Loan Return Allocation, ,SLB.111512787,20,-383.03999559
Stock Yield Enhancement Program Securities Lent Activity,Data,Stocks,HKD,3069,2025-10-09,Loan Return Allocation, ,SLB.111512772,405,-7756.560004398
Stock Yield Enhancement Program Securities Lent Activity,Data,Stocks,HKD,3069,2025-10-09,New Loan Allocation, ,SLB.111570807,-444,8638.685996745
Stock Yield Enhancement Program Securities Lent Activity,Data,Stocks,HKD,3069,2025-10-10,Loan Return Allocation, ,SLB.111570807,444,-8638.685996745
Stock Yield Enhancement Program Securities Lent Activity,Data,Stocks,HKD,3069,2025-10-10,New Loan Allocation, ,SLB.111626671,-373,6865.624495545
Stock Yield Enhancement Program Securities Lent Activity,Data,Stocks,HKD,3069,2025-10-13,Loan Return Allocation, ,SLB.111626671,373,-6865.624495545
Stock Yield Enhancement Program Securities Lent Activity,Data,Stocks,HKD,3069,2025-10-13,New Loan Allocation, ,SLB.111680868,-267,4763.146502329
Stock Yield Enhancement Program Securities Lent Activity,Data,Stocks,HKD,3069,2025-10-14,Loan Return Allocation, ,SLB.111680868,267,-4763.146502329
Stock Yield Enhancement Program Securities Lent Activity,Data,Stocks,HKD,3069,2025-10-14,New Loan Allocation, ,SLB.111718480,-242,4223.142011797
Stock Yield Enhancement Program Securities Lent Activity,Data,Stocks,HKD,3069,2025-10-15,Loan Return Allocation, ,SLB.111718480,242,-4223.142011797
Stock Yield Enhancement Program Securities Lent Activity,Data,Stocks,HKD,3069,2025-10-15,New Loan Allocation, ,SLB.111777094,-139,2306.01
Stock Yield Enhancement Program Securities Lent Activity,Data,Stocks,HKD,3069,2025-10-16,Loan Return Allocation, ,SLB.111777094,139,-2306.01
Stock Yield Enhancement Program Securities Lent Activity,Data,Stocks,HKD,3069,2025-10-16,New Loan Allocation, ,SLB.111834707,-96,1631.951993058
Stock Yield Enhancement Program Securities Lent Activity,Data,Stocks,HKD,3069,2025-10-17,Loan Return Allocation, ,SLB.111834707,96,-1631.951993058
Stock Yield Enhancement Program Securities Lent Activity,Data,Stocks,HKD,3069,2025-10-17,New Loan Allocation, ,SLB.111888092,-28,485.10000938
Stock Yield Enhancement Program Securities Lent Activity,Data,Stocks,HKD,3069,2025-10-20,Loan Return Allocation, ,SLB.111888092,28,-485.10000938
Stock Yield Enhancement Program Securities Lent Activity,Data,Stocks,HKD,3069,2025-10-23,New Loan Allocation, ,SLB.112115945,-66,1104.642002228
Stock Yield Enhancement Program Securities Lent Activity,Data,Stocks,HKD,3069,2025-10-24,Loan Return Allocation, ,SLB.112115945,66,-1104.642002228
Stock Yield Enhancement Program Securities Lent Activity,Data,Stocks,HKD,3069,2025-10-24,New Loan Allocation, ,SLB.112172557,-173,2833.74
Stock Yield Enhancement Program Securities Lent Activity,Data,Stocks,HKD,3069,2025-10-27,Loan Return Allocation, ,SLB.112172557,173,-2833.74
Stock Yield Enhancement Program Securities Lent Activity,Data,Stocks,HKD,3069,2025-10-27,New Loan Allocation, ,SLB.112228276,-141,2334.748494174
Stock Yield Enhancement Program Securities Lent Activity,Data,Stocks,HKD,3069,2025-10-28,Loan Return Allocation, ,SLB.112228276,141,-2334.748494174
Stock Yield Enhancement Program Securities Lent Activity,Data,Stocks,HKD,3069,2025-10-28,New Loan Allocation, ,SLB.112285097,-6,100.989002732
Stock Yield Enhancement Program Securities Lent Activity,Data,Stocks,HKD,3069,2025-10-28,New Loan Allocation, ,SLB.112285082,-133,2238.5895
Stock Yield Enhancement Program Securities Lent Activity,Data,Stocks,HKD,3069,2025-10-29,Loan Return Allocation, ,SLB.112285097,6,-100.989002732
Stock Yield Enhancement Program Securities Lent Activity,Data,Stocks,HKD,3069,2025-10-29,Loan Return Allocation, ,SLB.112285082,133,-2238.5895
Stock Yield Enhancement Program Securities Lent Activity,Data,Stocks,HKD,3069,2025-10-29,New Loan Allocation, ,SLB.112339952,-137,2305.91550591
Stock Yield Enhancement Program Securities Lent Activity,Data,Stocks,HKD,3069,2025-10-30,Loan Return Allocation, ,SLB.112339952,137,-2305.91550591
Stock Yield Enhancement Program Securities Lent Activity,Data,Stocks,HKD,3069,2025-10-30,New Loan Allocation, ,SLB.112393324,-193,3207.949505868
Stock Yield Enhancement Program Securities Lent Activity,Data,Stocks,HKD,3069,2025-10-31,Loan Return Allocation, ,SLB.112393324,193,-3207.949505868
Stock Yield Enhancement Program Securities Lent Activity,Data,Stocks,HKD,3069,2025-10-31,New Loan Allocation, ,SLB.112453940,-59,964.561497419
Stock Yield Enhancement Program Securities Lent Activity,Data,Stocks,HKD,3069,2025-11-03,Loan Return Allocation, ,SLB.112453940,59,-964.561497419
Stock Yield Enhancement Program Securities Lent Activity,Data,Stocks,HKD,3069,2025-11-03,New Loan Allocation, ,SLB.112508420,-213,3560.507997334
Stock Yield Enhancement Program Securities Lent Activity,Data,Stocks,HKD,3069,2025-11-03,New Loan Allocation, ,SLB.112508437,-7,117.011994922
Stock Yield Enhancement Program Securities Lent Activity,Data,Stocks,HKD,3069,2025-11-04,Loan Return Allocation, ,SLB.112508420,213,-3560.507997334
Stock Yield Enhancement Program Securities Lent Activity,Data,Stocks,HKD,3069,2025-11-04,Loan Return Allocation, ,SLB.112508437,7,-117.011994922
Stock Yield Enhancement Program Securities Lent Activity,Data,Stocks,HKD,3069,2025-11-04,New Loan Allocation, ,SLB.112560850,-286,4831.827005318
Stock Yield Enhancement Program Securities Lent Activity,Data,Stocks,HKD,3069,2025-11-05,Loan Return Allocation, ,SLB.112560850,286,-4831.827005318
Stock Yield Enhancement Program Securities Lent Activity,Data,Stocks,HKD,3069,2025-11-05,New Loan Allocation, ,SLB.112621978,-317,5185.802997362
Stock Yield Enhancement Program Securities Lent Activity,Data,Stocks,HKD,3069,2025-11-06,Loan Return Allocation, ,SLB.112621978,317,-5185.802997362
Stock Yield Enhancement Program Securities Lent Activity,Data,Stocks,HKD,3069,2025-11-06,New Loan Allocation, ,SLB.112677968,-323,5290.74
Stock Yield Enhancement Program Securities Lent Activity,Data,Stocks,HKD,3069,2025-11-07,Loan Return Allocation, ,SLB.112677968,323,-5290.74
Stock Yield Enhancement Program Securities Lent Activity,Data,Stocks,HKD,3069,2025-11-07,New Loan Allocation, ,SLB.112732551,-5,83.370002807
Stock Yield Enhancement Program Securities Lent Activity,Data,Stocks,HKD,3069,2025-11-07,New Loan Allocation, ,SLB.112732534,-393,6552.882005366
Stock Yield Enhancement Program Securities Lent Activity,Data,Stocks,HKD,3069,2025-11-10,Loan Return Allocation, ,SLB.112732551,5,-83.370002807
Stock Yield Enhancement Program Securities Lent Activity,Data,Stocks,HKD,3069,2025-11-10,Loan Return Allocation, ,SLB.112732534,393,-6552.882005366
Stock Yield Enhancement Program Securities Lent Activity,Data,Stocks,HKD,3069,2025-11-10,New Loan Allocation, ,SLB.112788761,-397,6415.321495311
Stock Yield Enhancement Program Securities Lent Activity,Data,Stocks,HKD,3069,2025-11-11,Loan Return Allocation, ,SLB.112788761,397,-6415.321495311
Stock Yield Enhancement Program Securities Lent Activity,Data,Stocks,HKD,3069,2025-11-11,New Loan Allocation, ,SLB.112844604,-384,6281.85599474
Stock Yield Enhancement Program Securities Lent Activity,Data,Stocks,HKD,3069,2025-11-11,New Loan Allocation, ,SLB.112844622,-10,163.590002587
Stock Yield Enhancement Program Securities Lent Activity,Data,Stocks,HKD,3069,2025-11-12,Loan Return Allocation, ,SLB.112844604,384,-6281.85599474
Stock Yield Enhancement Program Securities Lent Activity,Data,Stocks,HKD,3069,2025-11-12,Loan Return Allocation, ,SLB.112844622,10,-163.590002587
Stock Yield Enhancement Program Securities Lent Activity,Data,Stocks,HKD,3069,2025-11-12,New Loan Allocation, ,SLB.112883778,-394,6412.350006049
Stock Yield Enhancement Program Securities Lent Activity,Data,Stocks,HKD,3069,2025-11-12,New Loan Allocation, ,SLB.112883795,-15,244.125
Stock Yield Enhancement Program Securities Lent Activity,Data,Stocks,HKD,3069,2025-11-13,Loan Return Allocation, ,SLB.112883778,394,-6412.350006049
Stock Yield Enhancement Program Securities Lent Activity,Data,Stocks,HKD,3069,2025-11-13,Loan Return Allocation, ,SLB.112883795,15,-244.125
Stock Yield Enhancement Program Securities Lent Activity,Data,Stocks,HKD,3069,2025-11-13,New Loan Allocation, ,SLB.112945449,-392,6536.207995424
Stock Yield Enhancement Program Securities Lent Activity,Data,Stocks,HKD,3069,2025-11-13,New Loan Allocation, ,SLB.112945466,-14,233.435997734
Stock Yield Enhancement Program Securities Lent Activity,Data,Stocks,HKD,3069,2025-11-14,Loan Return Allocation, ,SLB.112945449,392,-6536.207995424
Stock Yield Enhancement Program Securities Lent Activity,Data,Stocks,HKD,3069,2025-11-14,Loan Return Allocation, ,SLB.112945466,14,-233.435997734
Stock Yield Enhancement Program Securities Lent Activity,Data,Stocks,HKD,3069,2025-11-14,New Loan Allocation, ,SLB.113002116,-58,1006.676997679
Stock Yield Enhancement Program Securities Lent Activity,Data,Stocks,HKD,3069,2025-11-14,New Loan Allocation, ,SLB.113002101,-399,6925.243501741
Stock Yield Enhancement Program Securities Lent Activity,Data,Stocks,HKD,3069,2025-11-17,Loan Return Allocation, ,SLB.113002116,58,-1006.676997679
Stock Yield Enhancement Program Securities Lent Activity,Data,Stocks,HKD,3069,2025-11-17,Loan Return Allocation, ,SLB.113002101,399,-6925.243501741
Stock Yield Enhancement Program Securities Lent Activity,Data,Stocks,HKD,3069,2025-11-17,New Loan Allocation, ,SLB.113059502,-428,7451.051996715
Stock Yield Enhancement Program Securities Lent Activity,Data,Stocks,HKD,3069,2025-11-18,Loan Return Allocation, ,SLB.113059502,428,-7451.051996715
Stock Yield Enhancement Program Securities Lent Activity,Data,Stocks,HKD,3069,2025-11-18,New Loan Allocation, ,SLB.113115246,-656,11103.456002251
Stock Yield Enhancement Program Securities Lent Activity,Data,Stocks,HKD,3069,2025-11-18,New Loan Allocation, ,SLB.113115259,-9,152.334002181
Stock Yield Enhancement Program Securities Lent Activity,Data,Stocks,HKD,3069,2025-11-19,Loan Return Allocation, ,SLB.113115246,656,-11103.456002251
Stock Yield Enhancement Program Securities Lent Activity,Data,Stocks,HKD,3069,2025-11-19,Loan Return Allocation, ,SLB.113115259,9,-152.334002181
Stock Yield Enhancement Program Securities Lent Activity,Data,Stocks,HKD,3069,2025-11-19,New Loan Allocation, ,SLB.113173295,-696,11619.72
Stock Yield Enhancement Program Securities Lent Activity,Data,Stocks,HKD,3069,2025-11-20,Loan Return Allocation, ,SLB.113173295,696,-11619.72
Stock Yield Enhancement Program Securities Lent Activity,Data,Stocks,HKD,3069,2025-11-20,New Loan Allocation, ,SLB.113230186,-670,11122.334999478
Stock Yield Enhancement Program Securities Lent Activity,Data,Stocks,HKD,3069,2025-11-21,Loan Return Allocation, ,SLB.113230186,670,-11122.334999478
Stock Yield Enhancement Program Securities Lent Activity,Data,Stocks,HKD,3069,2025-11-21,New Loan Allocation, ,SLB.113286742,-668,11208.371997642
Stock Yield Enhancement Program Securities Lent Activity,Data,Stocks,HKD,3069,2025-11-24,Loan Return Allocation, ,SLB.113286742,668,-11208.371997642
Stock Yield Enhancement Program Securities Lent Activity,Data,Stocks,HKD,3069,2025-11-24,New Loan Allocation, ,SLB.113345162,-667,10638.316503273
Stock Yield Enhancement Program Securities Lent Activity,Data,Stocks,HKD,3069,2025-11-24,New Loan Allocation, ,SLB.113345178,-1,15.949506173
Stock Yield Enhancement Program Securities Lent Activity,Data,Stocks,HKD,3069,2025-11-25,Loan Return Allocation, ,SLB.113345162,667,-10638.316503273
Stock Yield Enhancement Program Securities Lent Activity,Data,Stocks,HKD,3069,2025-11-25,Loan Return Allocation, ,SLB.113345178,1,-15.949506173
Stock Yield Enhancement Program Securities Lent Activity,Data,Stocks,HKD,3069,2025-11-25,New Loan Allocation, ,SLB.113402266,-700,11532.149995554
Stock Yield Enhancement Program Securities Lent Activity,Data,Stocks,HKD,3069,2025-11-26,Loan Return Allocation, ,SLB.113402266,700,-11532.149995554
Stock Yield Enhancement Program Securities Lent Activity,Data,Stocks,HKD,3069,2025-11-26,New Loan Allocation, ,SLB.113460657,-592,9827.495999129
Stock Yield Enhancement Program Securities Lent Activity,Data,Stocks,HKD,3069,2025-11-27,Loan Return Allocation, ,SLB.113460657,592,-9827.495999129
Stock Yield Enhancement Program Securities Lent Activity,Data,Stocks,HKD,3069,2025-11-27,New Loan Allocation, ,SLB.113517273,-654,11000.933996555
Stock Yield Enhancement Program Securities Lent Activity,Data,Stocks,HKD,3069,2025-11-28,Loan Return Allocation, ,SLB.113517273,654,-11000.933996555
Stock Yield Enhancement Program Securities Lent Activity,Data,Stocks,HKD,3069,2025-11-28,New Loan Allocation, ,SLB.113557513,-652,10967.292003422
Stock Yield Enhancement Program Securities Lent Activity,Data,Stocks,HKD,3069,2025-12-01,Loan Return Allocation, ,SLB.113557513,652,-10967.292003422
Stock Yield Enhancement Program Securities Lent Activity,Data,Stocks,HKD,3069,2025-12-01,New Loan Allocation, ,SLB.113614893,-595,9958.514997132
Stock Yield Enhancement Program Securities Lent Activity,Data,Stocks,HKD,3069,2025-12-01,New Loan Allocation, ,SLB.113614940,-5,83.684998984
Stock Yield Enhancement Program Securities Lent Activity,Data,Stocks,HKD,3069,2025-12-02,Loan Return Allocation, ,SLB.113614893,595,-9958.514997132
Stock Yield Enhancement Program Securities Lent Activity,Data,Stocks,HKD,3069,2025-12-02,Loan Return Allocation, ,SLB.113614940,5,-83.684998984
Stock Yield Enhancement Program Securities Lent Activity,Data,Stocks,HKD,3069,2025-12-02,New Loan Allocation, ,SLB.113671516,-617,10300.815005045
Stock Yield Enhancement Program Securities Lent Activity,Data,Stocks,HKD,3069,2025-12-03,Loan Return Allocation, ,SLB.113671516,617,-10300.815005045
Stock Yield Enhancement Program Securities Lent Activity,Data,Stocks,HKD,3069,2025-12-03,New Loan Allocation, ,SLB.113731304,-647,10638.620995457
Stock Yield Enhancement Program Securities Lent Activity,Data,Stocks,HKD,3069,2025-12-04,Loan Return Allocation, ,SLB.113731304,647,-10638.620995457
Stock Yield Enhancement Program Securities Lent Activity,Data,Stocks,HKD,3069,2025-12-04,New Loan Allocation, ,SLB.113790054,-502,8096.255995925
Stock Yield Enhancement Program Securities Lent Activity,Data,Stocks,HKD,3069,2025-12-05,Loan Return Allocation, ,SLB.113790054,502,-8096.255995925
Stock Yield Enhancement Program Securities Lent Activity,Data,Stocks,HKD,3069,2025-12-05,New Loan Allocation, ,SLB.113848012,-477,7913.43
Stock Yield Enhancement Program Securities Lent Activity,Data,Stocks,HKD,3069,2025-12-08,Loan Return Allocation, ,SLB.113848012,477,-7913.43
Stock Yield Enhancement Program Securities Lent Activity,Data,Stocks,HKD,3069,2025-12-08,New Loan Allocation, ,SLB.113905146,-442,7300.29300661
Stock Yield Enhancement Program Securities Lent Activity,Data,Stocks,HKD,3069,2025-12-09,Loan Return Allocation, ,SLB.113905146,442,-7300.29300661
Stock Yield Enhancement Program Securities Lent Activity,Data,Stocks,HKD,3069,2025-12-09,New Loan Allocation, ,SLB.113961897,-441,7195.796994262
Stock Yield Enhancement Program Securities Lent Activity,Data,Stocks,HKD,3069,2025-12-10,Loan Return Allocation, ,SLB.113961897,441,-7195.796994262
Stock Yield Enhancement Program Securities Lent Activity,Data,Stocks,HKD,3069,2025-12-10,New Loan Allocation, ,SLB.114018661,-461,7425.327001411
Stock Yield Enhancement Program Securities Lent Activity,Data,Stocks,HKD,3069,2025-12-11,Loan Return Allocation, ,SLB.114018661,461,-7425.327001411
Stock Yield Enhancement Program Securities Lent Activity,Data,Stocks,HKD,3069,2025-12-11,New Loan Allocation, ,SLB.114074568,-419,6718.036504136
Stock Yield Enhancement Program Securities Lent Activity,Data,Stocks,HKD,3069,2025-12-11,New Loan Allocation, ,SLB.114074585,-42,673.407003563
Stock Yield Enhancement Program Securities Lent Activity,Data,Stocks,HKD,3069,2025-12-12,Loan Return Allocation, ,SLB.114074568,419,-6718.036504136
Stock Yield Enhancement Program Securities Lent Activity,Data,Stocks,HKD,3069,2025-12-12,Loan Return Allocation, ,SLB.114074585,42,-673.407003563
Stock Yield Enhancement Program Securities Lent Activity,Data,Stocks,HKD,3069,2025-12-12,New Loan Allocation, ,SLB.114136543,-47,755.548501891
Stock Yield Enhancement Program Securities Lent Activity,Data,Stocks,HKD,3069,2025-12-12,New Loan Allocation, ,SLB.114136525,-414,6655.257003738
Stock Yield Enhancement Program Securities Lent Activity,Data,Stocks,HKD,3069,2025-12-15,Loan Return Allocation, ,SLB.114136543,47,-755.548501891
Stock Yield Enhancement Program Securities Lent Activity,Data,Stocks,HKD,3069,2025-12-15,Loan Return Allocation, ,SLB.114136525,414,-6655.257003738
Stock Yield Enhancement Program Securities Lent Activity,Data,Stocks,HKD,3069,2025-12-15,New Loan Allocation, ,SLB.114194993,-38,616.056002258
Stock Yield Enhancement Program Securities Lent Activity,Data,Stocks,HKD,3069,2025-12-15,New Loan Allocation, ,SLB.114194978,-416,6744.191995507
Stock Yield Enhancement Program Securities Lent Activity,Data,Stocks,HKD,3069,2025-12-16,Loan Return Allocation, ,SLB.114194993,38,-616.056002258
Stock Yield Enhancement Program Securities Lent Activity,Data,Stocks,HKD,3069,2025-12-16,Loan Return Allocation, ,SLB.114194978,416,-6744.191995507
Stock Yield Enhancement Program Securities Lent Activity,Data,Stocks,HKD,3069,2025-12-16,New Loan Allocation, ,SLB.114254679,-499,7759.699501112
Stock Yield Enhancement Program Securities Lent Activity,Data,Stocks,HKD,3069,2025-12-17,Loan Return Allocation, ,SLB.114254679,499,-7759.699501112
Stock Yield Enhancement Program Securities Lent Activity,Data,Stocks,HKD,3069,2025-12-17,New Loan Allocation, ,SLB.114315070,-522,8035.145994827
Stock Yield Enhancement Program Securities Lent Activity,Data,Stocks,HKD,3069,2025-12-18,Loan Return Allocation, ,SLB.114315070,522,-8035.145994827
Stock Yield Enhancement Program Securities Lent Activity,Data,Stocks,HKD,3069,2025-12-18,New Loan Allocation, ,SLB.114371730,-534,8264.717996949
Stock Yield Enhancement Program Securities Lent Activity,Data,Stocks,HKD,3069,2025-12-19,Loan Return Allocation, ,SLB.114371730,534,-8264.717996949
Stock Yield Enhancement Program Securities Lent Activity,Data,Stocks,HKD,3069,2025-12-19,New Loan Allocation, ,SLB.114428156,-501,7785.54
Stock Yield Enhancement Program Securities Lent Activity,Data,Stocks,HKD,3069,2025-12-22,Loan Return Allocation, ,SLB.114428156,501,-7785.54
Stock Yield Enhancement Program Securities Lent Activity,Data,Stocks,HKD,3069,2025-12-22,New Loan Allocation, ,SLB.114491982,-432,6831.216007125
Stock Yield Enhancement Program Securities Lent Activity,Data,Stocks,HKD,3069,2025-12-23,Loan Return Allocation, ,SLB.114491982,432,-6831.216007125
Stock Yield Enhancement Program Securities Lent Activity,Data,Stocks,HKD,3069,2025-12-23,New Loan Allocation, ,SLB.114552931,-336,5292
Stock Yield Enhancement Program Securities Lent Activity,Data,Stocks,HKD,3069,2025-12-24,Loan Return Allocation, ,SLB.114552931,336,-5292
Stock Yield Enhancement Program Securities Lent Activity,Data,Stocks,HKD,3069,2025-12-24,New Loan Allocation, ,SLB.114612852,-316,4927.23000373
Stock Yield Enhancement Program Securities Lent Activity,Data,Stocks,HKD,3069,2025-12-25,Loan Return Allocation, ,SLB.114612852,316,-4927.23000373
Stock Yield Enhancement Program Securities Lent Activity,Data,Stocks,HKD,3069,2025-12-25,New Loan Allocation, ,SLB.114666016,-337,5254.672503099
Stock Yield Enhancement Program Securities Lent Activity,Data,Stocks,HKD,3069,2025-12-26,Loan Return Allocation, ,SLB.114666016,337,-5254.672503099
Stock Yield Enhancement Program Securities Lent Activity,Data,Stocks,HKD,3069,2025-12-26,New Loan Allocation, ,SLB.114697197,-337,5254.6724969
Stock Yield Enhancement Program Securities Lent Activity,Data,Stocks,HKD,3069,2025-12-29,Loan Return Allocation, ,SLB.114697197,337,-5254.6724969
Stock Yield Enhancement Program Securities Lent Activity,Data,Stocks,HKD,3069,2025-12-29,New Loan Allocation, ,SLB.114755513,-348,5393.303994816
Stock Yield Enhancement Program Securities Lent Activity,Data,Stocks,HKD,3069,2025-12-30,Loan Return Allocation, ,SLB.114755513,348,-5393.303994816
Stock Yield Enhancement Program Securities Lent Activity,Data,Stocks,HKD,3069,2025-12-30,New Loan Allocation, ,SLB.114810778,-383,5847.261005187
Stock Yield Enhancement Program Securities Lent Activity,Data,Stocks,HKD,3069,2025-12-31,Loan Return Allocation, ,SLB.114810778,383,-5847.261005187
Stock Yield Enhancement Program Securities Lent Activity,Data,Stocks,HKD,3069,2025-12-31,New Loan Allocation, ,SLB.114871828,-390,5933.65499879
Stock Yield Enhancement Program Securities Lent Activity,Data,Stocks,HKD,3069,2026-01-01,Loan Return Allocation, ,SLB.114871828,390,-5933.65499879
Stock Yield Enhancement Program Securities Lent Activity,Data,Stocks,HKD,3069,2026-01-01,New Loan Allocation, ,SLB.114924032,-382,5811.939003842
Stock Yield Enhancement Program Securities Lent Activity,Data,Stocks,HKD,3069,2026-01-02,Loan Return Allocation, ,SLB.114924032,382,-5811.939003842
Stock Yield Enhancement Program Securities Lent Activity,Data,Stocks,HKD,3069,2026-01-02,New Loan Allocation, ,SLB.114960030,-121,1823.1675
Stock Yield Enhancement Program Securities Lent Activity,Data,Stocks,HKD,3069,2026-01-02,New Loan Allocation, ,SLB.114960038,-383,5770.85250682
Stock Yield Enhancement Program Securities Lent Activity,Data,Stocks,HKD,3069,2026-01-05,Loan Return Allocation, ,SLB.114960030,121,-1823.1675
Stock Yield Enhancement Program Securities Lent Activity,Data,Stocks,HKD,3069,2026-01-05,Loan Return Allocation, ,SLB.114960038,383,-5770.85250682
Stock Yield Enhancement Program Securities Lent Activity,Data,Stocks,HKD,3069,2026-01-05,New Loan Allocation, ,SLB.115017318,-491,7521.874499258
Stock Yield Enhancement Program Securities Lent Activity,Data,Stocks,HKD,3069,2026-01-06,Loan Return Allocation, ,SLB.115017318,491,-7521.874499258
Stock Yield Enhancement Program Securities Lent Activity,Data,Stocks,HKD,3069,2026-01-06,New Loan Allocation, ,SLB.115076196,-473,7539.14699357
Stock Yield Enhancement Program Securities Lent Activity,Data,Stocks,HKD,3069,2026-01-07,Loan Return Allocation, ,SLB.115076196,473,-7539.14699357
Stock Yield Enhancement Program Securities Lent Activity,Data,Stocks,HKD,3069,2026-01-07,New Loan Allocation, ,SLB.115136615,-497,8026.05299685
Stock Yield Enhancement Program Securities Lent Activity,Data,Stocks,HKD,3069,2026-01-08,Loan Return Allocation, ,SLB.115136615,497,-8026.05299685
Stock Yield Enhancement Program Securities Lent Activity,Data,Stocks,HKD,3069,2026-01-08,New Loan Allocation, ,SLB.115192478,-483,8129.61450312
Stock Yield Enhancement Program Securities Lent Activity,Data,Stocks,HKD,3069,2026-01-09,Loan Return Allocation, ,SLB.115192478,483,-8129.61450312
Stock Yield Enhancement Program Securities Lent Activity,Data,Stocks,HKD,3069,2026-01-09,New Loan Allocation, ,SLB.115251732,-433,7283.493
Stock Yield Enhancement Program Securities Lent Activity,Data,Stocks,HKD,3069,2026-01-12,Loan Return Allocation, ,SLB.115251732,433,-7283.493
Stock Yield Enhancement Program Securities Lent Activity,Data,Stocks,HKD,3069,2026-01-12,New Loan Allocation, ,SLB.115307289,-546,9281.726997894
Stock Yield Enhancement Program Securities Lent Activity,Data,Stocks,HKD,3069,2026-01-13,Loan Return Allocation, ,SLB.115307289,546,-9281.726997894
Stock Yield Enhancement Program Securities Lent Activity,Data,Stocks,HKD,3069,2026-01-13,New Loan Allocation, ,SLB.115365754,-504,8647.128
Stock Yield Enhancement Program Securities Lent Activity,Data,Stocks,HKD,3069,2026-01-14,Loan Return Allocation, ,SLB.115365754,504,-8647.128
Stock Yield Enhancement Program Securities Lent Activity,Data,Stocks,HKD,3069,2026-01-14,New Loan Allocation, ,SLB.115428622,-508,8881.110003846
Stock Yield Enhancement Program Securities Lent Activity,Data,Stocks,HKD,3069,2026-01-15,Loan Return Allocation, ,SLB.115428622,508,-8881.110003846
Stock Yield Enhancement Program Securities Lent Activity,Data,Stocks,HKD,3069,2026-01-15,New Loan Allocation, ,SLB.115490252,-475,8473.762498453
Stock Yield Enhancement Program Securities Lent Activity,Data,Stocks,HKD,3069,2026-01-16,Loan Return Allocation, ,SLB.115490252,475,-8473.762498453
Stock Yield Enhancement Program Securities Lent Activity,Data,Stocks,HKD,3069,2026-01-16,New Loan Allocation, ,SLB.115552183,-592,10349.640003813
Stock Yield Enhancement Program Securities Lent Activity,Data,Stocks,HKD,3069,2026-01-19,Loan Return Allocation, ,SLB.115552183,592,-10349.640003813
Stock Yield Enhancement Program Securities Lent Activity,Data,Stocks,HKD,3069,2026-01-19,New Loan Allocation, ,SLB.115613855,-523,9060.974992436
Stock Yield Enhancement Program Securities Lent Activity,Data,Stocks,HKD,3069,2026-01-20,Loan Return Allocation, ,SLB.115613855,523,-9060.974992436
Stock Yield Enhancement Program Securities Lent Activity,Data,Stocks,HKD,3069,2026-01-20,New Loan Allocation, ,SLB.115658668,-505,8499.907493852
Stock Yield Enhancement Program Securities Lent Activity,Data,Stocks,HKD,3069,2026-01-21,Loan Return Allocation, ,SLB.115658668,505,-8499.907493852
Stock Yield Enhancement Program Securities Lent Activity,Data,Stocks,HKD,3069,2026-01-21,New Loan Allocation, ,SLB.115722668,-501,8369.455496234
Stock Yield Enhancement Program Securities Lent Activity,Data,Stocks,HKD,3069,2026-01-22,Loan Return Allocation, ,SLB.115722668,501,-8369.455496234
Stock Yield Enhancement Program Securities Lent Activity,Data,Stocks,HKD,3069,2026-01-22,New Loan Allocation, ,SLB.115791501,-549,9257.786994627
Stock Yield Enhancement Program Securities Lent Activity,Data,Stocks,HKD,3069,2026-01-23,Loan Return Allocation, ,SLB.115791501,549,-9257.786994627
Stock Yield Enhancement Program Securities Lent Activity,Data,Stocks,HKD,3069,2026-01-23,New Loan Allocation, ,SLB.115853939,-387,6444.711004194
Stock Yield Enhancement Program Securities Lent Activity,Data,Stocks,HKD,3069,2026-01-26,Loan Return Allocation, ,SLB.115853939,387,-6444.711004194
Stock Yield Enhancement Program Securities Lent Activity,Data,Stocks,HKD,3069,2026-01-26,New Loan Allocation, ,SLB.115920779,-333,5622.372002763
Stock Yield Enhancement Program Securities Lent Activity,Data,Stocks,HKD,3069,2026-01-27,Loan Return Allocation, ,SLB.115920779,333,-5622.372002763
Stock Yield Enhancement Program Securities Lent Activity,Data,Stocks,HKD,3069,2026-01-27,New Loan Allocation, ,SLB.115984369,-306,5063.687994706
Stock Yield Enhancement Program Securities Lent Activity,Data,Stocks,HKD,3069,2026-01-28,Loan Return Allocation, ,SLB.115984369,306,-5063.687994706
Stock Yield Enhancement Program Securities Lent Activity,Data,Stocks,HKD,3069,2026-01-28,New Loan Allocation, ,SLB.116049013,-315,5232.464997338
Stock Yield Enhancement Program Securities Lent Activity,Data,Stocks,HKD,3069,2026-01-29,Loan Return Allocation, ,SLB.116049013,315,-5232.464997338
Stock Yield Enhancement Program Securities Lent Activity,Data,Stocks,HKD,3069,2026-01-29,New Loan Allocation, ,SLB.116109890,-320,5396.160004125
Stock Yield Enhancement Program Securities Lent Activity,Data,Stocks,HKD,3069,2026-01-30,Loan Return Allocation, ,SLB.116109890,320,-5396.160004125
Stock Yield Enhancement Program Securities Lent Activity,Data,Stocks,HKD,3069,2026-01-30,New Loan Allocation, ,SLB.116177992,-262,4396.098005002
Stock Yield Enhancement Program Securities Lent Activity,Data,Stocks,HKD,3069,2026-02-02,Loan Return Allocation, ,SLB.116177992,262,-4396.098005002
Stock Yield Enhancement Program Securities Lent Activity,Data,Stocks,HKD,3069,2026-02-02,New Loan Allocation, ,SLB.116243747,-234,3820.63499649
Stock Yield Enhancement Program Securities Lent Activity,Data,Stocks,HKD,3069,2026-02-02,New Loan Allocation, ,SLB.116243763,-27,440.842496544
Stock Yield Enhancement Program Securities Lent Activity,Data,Stocks,HKD,3069,2026-02-03,Loan Return Allocation, ,SLB.116243747,234,-3820.63499649
Stock Yield Enhancement Program Securities Lent Activity,Data,Stocks,HKD,3069,2026-02-03,Loan Return Allocation, ,SLB.116243763,27,-440.842496544
Stock Yield Enhancement Program Securities Lent Activity,Data,Stocks,HKD,3069,2026-02-03,New Loan Allocation, ,SLB.116307518,-266,4175.535
Stock Yield Enhancement Program Securities Lent Activity,Data,Stocks,HKD,3069,2026-02-04,Loan Return Allocation, ,SLB.116307518,266,-4175.535
Stock Yield Enhancement Program Securities Lent Activity,Data,Stocks,HKD,3069,2026-02-04,New Loan Allocation, ,SLB.116370630,-255,4077.832495018
Stock Yield Enhancement Program Securities Lent Activity,Data,Stocks,HKD,3069,2026-02-05,Loan Return Allocation, ,SLB.116370630,255,-4077.832495018
Stock Yield Enhancement Program Securities Lent Activity,Data,Stocks,HKD,3069,2026-02-05,New Loan Allocation, ,SLB.116435365,-255,4099.252501382
Stock Yield Enhancement Program Securities Lent Activity,Data,Stocks,HKD,3069,2026-02-06,Loan Return Allocation, ,SLB.116435365,255,-4099.252501382
Stock Yield Enhancement Program Securities Lent Activity,Data,Stocks,HKD,3069,2026-02-06,New Loan Allocation, ,SLB.116499943,-254,4093.845
Stock Yield Enhancement Program Securities Lent Activity,Data,Stocks,HKD,3069,2026-02-06,New Loan Allocation, ,SLB.116499960,-3,48.352492228
Stock Yield Enhancement Program Securities Lent Activity,Data,Stocks,HKD,3069,2026-02-09,Loan Return Allocation, ,SLB.116499943,254,-4093.845
Stock Yield Enhancement Program Securities Lent Activity,Data,Stocks,HKD,3069,2026-02-09,Loan Return Allocation, ,SLB.116499960,3,-48.352492228
Stock Yield Enhancement Program Securities Lent Activity,Data,Stocks,HKD,3069,2026-02-09,New Loan Allocation, ,SLB.116566774,-303,4880.421004396
Stock Yield Enhancement Program Securities Lent Activity,Data,Stocks,HKD,3069,2026-02-10,Loan Return Allocation, ,SLB.116566774,303,-4880.421004396
Stock Yield Enhancement Program Securities Lent Activity,Data,Stocks,HKD,3069,2026-02-10,New Loan Allocation, ,SLB.116621424,-322,5294.646005818
Stock Yield Enhancement Program Securities Lent Activity,Data,Stocks,HKD,3069,2026-02-11,Loan Return Allocation, ,SLB.116621424,322,-5294.646005818
Stock Yield Enhancement Program Securities Lent Activity,Data,Stocks,HKD,3069,2026-02-11,New Loan Allocation, ,SLB.116691524,-282,4767.210007215
Stock Yield Enhancement Program Securities Lent Activity,Data,Stocks,HKD,3069,2026-02-12,Loan Return Allocation, ,SLB.116691524,282,-4767.210007215
Stock Yield Enhancement Program Securities Lent Activity,Data,Stocks,HKD,3069,2026-02-12,New Loan Allocation, ,SLB.116754114,-290,4926.810001483
Stock Yield Enhancement Program Securities Lent Activity,Data,Stocks,HKD,3069,2026-02-13,Loan Return Allocation, ,SLB.116754114,290,-4926.810001483
Stock Yield Enhancement Program Securities Lent Activity,Data,Stocks,HKD,3069,2026-02-13,New Loan Allocation, ,SLB.116813516,-206,3454.311002878
Stock Yield Enhancement Program Securities Lent Activity,Data,Stocks,HKD,3069,2026-02-16,Loan Return Allocation, ,SLB.116813516,206,-3454.311002878
Stock Yield Enhancement Program Securities Lent Activity,Data,Stocks,HKD,3069,2026-02-16,New Loan Allocation, ,SLB.116880949,-193,3228.214501445
Stock Yield Enhancement Program Securities Lent Activity,Data,Stocks,HKD,3069,2026-02-17,Loan Return Allocation, ,SLB.116880949,193,-3228.214501445
Stock Yield Enhancement Program Securities Lent Activity,Data,Stocks,HKD,3069,2026-02-17,New Loan Allocation, ,SLB.116921322,-193,3228.214500722
Stock Yield Enhancement Program Securities Lent Activity,Data,Stocks,HKD,3069,2026-02-18,Loan Return Allocation, ,SLB.116921322,193,-3228.214500722
Stock Yield Enhancement Program Securities Lent Activity,Data,Stocks,HKD,3069,2026-02-18,New Loan Allocation, ,SLB.116983610,-192,3211.488
Stock Yield Enhancement Program Securities Lent Activity,Data,Stocks,HKD,3069,2026-02-19,Loan Return Allocation, ,SLB.116983610,192,-3211.488
Stock Yield Enhancement Program Securities Lent Activity,Data,Stocks,HKD,3069,2026-02-19,New Loan Allocation, ,SLB.117044452,-195,3261.667504228
Stock Yield Enhancement Program Securities Lent Activity,Data,Stocks,HKD,3069,2026-02-20,Loan Return Allocation, ,SLB.117044452,195,-3261.667504228
Stock Yield Enhancement Program Securities Lent Activity,Data,Stocks,HKD,3069,2026-02-20,New Loan Allocation, ,SLB.117105418,-22,367.983005811
Stock Yield Enhancement Program Securities Lent Activity,Data,Stocks,HKD,3069,2026-02-20,New Loan Allocation, ,SLB.117105398,-196,3278.394005793
Stock Yield Enhancement Program Securities Lent Activity,Data,Stocks,HKD,3069,2026-02-20,New Loan Allocation, ,SLB.117105426,-2,33.453006711
Stock Yield Enhancement Program Securities Lent Activity,Data,Stocks,HKD,3069,2026-02-23,Loan Return Allocation, ,SLB.117105418,22,-367.983005811
Stock Yield Enhancement Program Securities Lent Activity,Data,Stocks,HKD,3069,2026-02-23,Loan Return Allocation, ,SLB.117105398,196,-3278.394005793
Stock Yield Enhancement Program Securities Lent Activity,Data,Stocks,HKD,3069,2026-02-23,Loan Return Allocation, ,SLB.117105426,2,-33.453006711
Stock Yield Enhancement Program Securities Lent Activity,Data,Stocks,HKD,3069,2026-02-23,New Loan Allocation, ,SLB.117170365,-19,321.394494121
Stock Yield Enhancement Program Securities Lent Activity,Data,Stocks,HKD,3069,2026-02-23,New Loan Allocation, ,SLB.117170349,-197,3332.353496376
Stock Yield Enhancement Program Securities Lent Activity,Data,Stocks,HKD,3069,2026-02-24,Loan Return Allocation, ,SLB.117170365,19,-321.394494121
Stock Yield Enhancement Program Securities Lent Activity,Data,Stocks,HKD,3069,2026-02-24,Loan Return Allocation, ,SLB.117170349,197,-3332.353496376
Stock Yield Enhancement Program Securities Lent Activity,Data,Stocks,HKD,3069,2026-02-24,New Loan Allocation, ,SLB.117229124,-216,3705.912004209
Stock Yield Enhancement Program Securities Lent Activity,Data,Stocks,HKD,3069,2026-02-25,Loan Return Allocation, ,SLB.117229124,216,-3705.912004209
Stock Yield Enhancement Program Securities Lent Activity,Data,Stocks,HKD,3069,2026-02-25,New Loan Allocation, ,SLB.117299679,-201,3355.695007037
Stock Yield Enhancement Program Securities Lent Activity,Data,Stocks,HKD,3069,2026-02-26,Loan Return Allocation, ,SLB.117299679,201,-3355.695007037
Stock Yield Enhancement Program Securities Lent Activity,Data,Stocks,HKD,3069,2026-02-26,New Loan Allocation, ,SLB.117362037,-201,3334.59
Stock Yield Enhancement Program Securities Lent Activity,Data,Stocks,HKD,3069,2026-02-27,Loan Return Allocation, ,SLB.117362037,201,-3334.59
Stock Yield Enhancement Program Securities Lent Activity,Data,Stocks,HKD,3069,2026-02-27,New Loan Allocation, ,SLB.117426264,-205,3222.29250562
Stock Yield Enhancement Program Securities Lent Activity,Data,Stocks,HKD,3069,2026-03-02,Loan Return Allocation, ,SLB.117426264,205,-3222.29250562
Stock Yield Enhancement Program Securities Lent Activity,Data,Stocks,HKD,3069,2026-03-02,New Loan Allocation, ,SLB.117489728,-297,4740.12
Stock Yield Enhancement Program Securities Lent Activity,Data,Stocks,HKD,3069,2026-03-03,Loan Return Allocation, ,SLB.117489728,297,-4740.12
Stock Yield Enhancement Program Securities Lent Activity,Data,Stocks,HKD,3069,2026-03-03,New Loan Allocation, ,SLB.117552562,-306,4742.387994362
Stock Yield Enhancement Program Securities Lent Activity,Data,Stocks,HKD,3069,2026-03-04,Loan Return Allocation, ,SLB.117552562,306,-4742.387994362
Stock Yield Enhancement Program Securities Lent Activity,Data,Stocks,HKD,3069,2026-03-04,New Loan Allocation, ,SLB.117616160,-299,4458.09
Stock Yield Enhancement Program Securities Lent Activity,Data,Stocks,HKD,3069,2026-03-05,Loan Return Allocation, ,SLB.117616160,299,-4458.09
Stock Yield Enhancement Program Securities Lent Activity,Data,Stocks,HKD,3069,2026-03-05,New Loan Allocation, ,SLB.117680558,-291,4219.645502812
Stock Yield Enhancement Program Securities Lent Activity,Data,Stocks,HKD,3069,2026-03-06,Loan Return Allocation, ,SLB.117680558,291,-4219.645502812
Stock Yield Enhancement Program Securities Lent Activity,Data,Stocks,HKD,3069,2026-03-06,New Loan Allocation, ,SLB.117745118,-172,2564.52
Stock Yield Enhancement Program Securities Lent Activity,Data,Stocks,HKD,3069,2026-03-09,Loan Return Allocation, ,SLB.117745118,172,-2564.52
Stock Yield Enhancement Program Securities Lent Activity,Data,Stocks,HKD,3069,2026-03-09,New Loan Allocation, ,SLB.117808712,-94,1442.9940014
Stock Yield Enhancement Program Securities Lent Activity,Data,Stocks,HKD,3069,2026-03-10,Loan Return Allocation, ,SLB.117808712,94,-1442.9940014
Stock Yield Enhancement Program Securities Lent Activity,Data,Stocks,HKD,3069,2026-03-10,New Loan Allocation, ,SLB.117868553,-86,1291.290007192
Stock Yield Enhancement Program Securities Lent Activity,Data,Stocks,HKD,3069,2026-03-11,Loan Return Allocation, ,SLB.117868553,86,-1291.290007192
Stock Yield Enhancement Program Securities Lent Activity,Data,Stocks,HKD,3069,2026-03-11,New Loan Allocation, ,SLB.117940232,-85,1334.28750344
Stock Yield Enhancement Program Securities Lent Activity,Data,Stocks,HKD,3069,2026-03-12,Loan Return Allocation, ,SLB.117940232,85,-1334.28750344
Stock Yield Enhancement Program Securities Lent Activity,Data,Stocks,HKD,3069,2026-03-12,New Loan Allocation, ,SLB.118004460,-84,1293.893996518
Stock Yield Enhancement Program Securities Lent Activity,Data,Stocks,HKD,3069,2026-03-13,Loan Return Allocation, ,SLB.118004460,84,-1293.893996518
Stock Yield Enhancement Program Securities Lent Activity,Data,Stocks,HKD,3069,2026-03-13,New Loan Allocation, ,SLB.118069100,-139,2098.76100693
Stock Yield Enhancement Program Securities Lent Activity,Data,Stocks,HKD,3069,2026-03-13,New Loan Allocation, ,SLB.118069116,-3,45.296996116
Stock Yield Enhancement Program Securities Lent Activity,Data,Stocks,HKD,3069,2026-03-16,Loan Return Allocation, ,SLB.118069100,139,-2098.76100693
Stock Yield Enhancement Program Securities Lent Activity,Data,Stocks,HKD,3069,2026-03-16,Loan Return Allocation, ,SLB.118069116,3,-45.296996116
Stock Yield Enhancement Program Securities Lent Activity,Data,Stocks,HKD,3069,2026-03-16,New Loan Allocation, ,SLB.118139411,-154,2273.501994463
Stock Yield Enhancement Program Securities Lent Activity,Data,Stocks,HKD,3069,2026-03-17,Loan Return Allocation, ,SLB.118139411,154,-2273.501994463
Stock Yield Enhancement Program Securities Lent Activity,Data,Stocks,HKD,3069,2026-03-17,New Loan Allocation, ,SLB.118206901,-163,2474.829006772
Stock Yield Enhancement Program Securities Lent Activity,Data,Stocks,HKD,3069,2026-03-18,Loan Return Allocation, ,SLB.118206901,163,-2474.829006772
Stock Yield Enhancement Program Securities Lent Activity,Data,Stocks,HKD,3069,2026-03-18,New Loan Allocation, ,SLB.118275168,-170,2591.82
Stock Yield Enhancement Program Securities Lent Activity,Data,Stocks,HKD,3069,2026-03-19,Loan Return Allocation, ,SLB.118275168,170,-2591.82
Stock Yield Enhancement Program Securities Lent Activity,Data,Stocks,HKD,3069,2026-03-19,New Loan Allocation, ,SLB.118343466,-197,3057.243005379
Stock Yield Enhancement Program Securities Lent Activity,Data,Stocks,HKD,3069,2026-03-20,Loan Return Allocation, ,SLB.118343466,197,-3057.243005379
Stock Yield Enhancement Program Securities Lent Activity,Data,Stocks,HKD,3069,2026-03-20,New Loan Allocation, ,SLB.118412992,-173,2597.595
Stock Yield Enhancement Program Securities Lent Activity,Data,Stocks,HKD,3069,2026-03-23,Loan Return Allocation, ,SLB.118412992,173,-2597.595
Stock Yield Enhancement Program Securities Lent Activity,Data,Stocks,HKD,3069,2026-03-23,New Loan Allocation, ,SLB.118481941,-435,6435.607504238
Stock Yield Enhancement Program Securities Lent Activity,Data,Stocks,HKD,3069,2026-03-24,Loan Return Allocation, ,SLB.118481941,435,-6435.607504238
Stock Yield Enhancement Program Securities Lent Activity,Data,Stocks,HKD,3069,2026-03-24,New Loan Allocation, ,SLB.118555075,-468,6643.727995676
Stock Yield Enhancement Program Securities Lent Activity,Data,Stocks,HKD,3069,2026-03-25,Loan Return Allocation, ,SLB.118555075,468,-6643.727995676
Stock Yield Enhancement Program Securities Lent Activity,Data,Stocks,HKD,3069,2026-03-25,New Loan Allocation, ,SLB.118630451,-490,7264.740004486
Stock Yield Enhancement Program Securities Lent Activity,Data,Stocks,HKD,3069,2026-03-26,Loan Return Allocation, ,SLB.118630451,490,-7264.740004486
Stock Yield Enhancement Program Securities Lent Activity,Data,Stocks,HKD,3069,2026-03-26,New Loan Allocation, ,SLB.118699326,-476,7057.175996343
Stock Yield Enhancement Program Securities Lent Activity,Data,Stocks,HKD,3069,2026-03-27,Loan Return Allocation, ,SLB.118699326,476,-7057.175996343
Stock Yield Enhancement Program Securities Lent Activity,Data,Stocks,HKD,3069,2026-03-27,New Loan Allocation, ,SLB.118769607,-475,6917.662496338
Stock Yield Enhancement Program Securities Lent Activity,Data,Stocks,HKD,3069,2026-03-30,Loan Return Allocation, ,SLB.118769607,475,-6917.662496338
Stock Yield Enhancement Program Securities Lent Activity,Data,Stocks,HKD,3069,2026-03-30,New Loan Allocation, ,SLB.118840457,-458,7040.376001816
Stock Yield Enhancement Program Securities Lent Activity,Data,Stocks,HKD,3069,2026-03-31,Loan Return Allocation, ,SLB.118840457,458,-7040.376001816
Stock Yield Enhancement Program Securities Lent Activity,Data,Stocks,HKD,3069,2026-03-31,New Loan Allocation, ,SLB.118913082,-471,7225.375497659
Stock Yield Enhancement Program Securities Lent Activity,Data,Stocks,HKD,3416,2025-09-01,New Loan Allocation, ,SLB.109976803,-63,698.543998093
Stock Yield Enhancement Program Securities Lent Activity,Data,Stocks,HKD,3416,2025-09-02,Loan Return Allocation, ,SLB.109976803,63,-698.543998093
Stock Yield Enhancement Program Securities Lent Activity,Data,Total,,,,,,,,7225.375497659
Stock Yield Enhancement Program Securities Lent Activity,Data,Total in USD,,,,,,,,922.837788517
Stock Yield Enhancement Program Securities Lent Activity,Data,Stocks,JPY,4568.T,2025-08-22,New Loan Allocation, ,SLB.109646953,-100,389550
Stock Yield Enhancement Program Securities Lent Activity,Data,Stocks,JPY,4568.T,2025-08-25,Loan Return Allocation, ,SLB.109646953,100,-389550
Stock Yield Enhancement Program Securities Lent Activity,Data,Stocks,JPY,4568.T,2025-09-10,New Loan Allocation, ,SLB.110355997,-104,401856
Stock Yield Enhancement Program Securities Lent Activity,Data,Stocks,JPY,4568.T,2025-09-11,Loan Return Allocation, ,SLB.110355997,104,-401856
Stock Yield Enhancement Program Securities Lent Activity,Data,Stocks,JPY,4568.T,2025-09-19,New Loan Allocation, ,SLB.110759487,-106,404352.9
Stock Yield Enhancement Program Securities Lent Activity,Data,Stocks,JPY,4568.T,2025-09-22,Loan Return Allocation, ,SLB.110759487,106,-404352.9
Stock Yield Enhancement Program Securities Lent Activity,Data,Stocks,JPY,4568.T,2025-09-22,New Loan Allocation, ,SLB.110817942,-112,416656.8
Stock Yield Enhancement Program Securities Lent Activity,Data,Stocks,JPY,4568.T,2025-09-23,Loan Return Allocation, ,SLB.110817942,112,-416656.8
Stock Yield Enhancement Program Securities Lent Activity,Data,Stocks,JPY,4568.T,2025-09-23,New Loan Allocation, ,SLB.110881179,-113,408393.3
Stock Yield Enhancement Program Securities Lent Activity,Data,Stocks,JPY,4568.T,2025-09-24,Loan Return Allocation, ,SLB.110881179,113,-408393.3
Stock Yield Enhancement Program Securities Lent Activity,Data,Stocks,JPY,4568.T,2025-09-24,New Loan Allocation, ,SLB.110941395,-110,397551
Stock Yield Enhancement Program Securities Lent Activity,Data,Stocks,JPY,4568.T,2025-09-25,Loan Return Allocation, ,SLB.110941395,110,-397551
Stock Yield Enhancement Program Securities Lent Activity,Data,Stocks,JPY,4568.T,2025-11-05,New Loan Allocation, ,SLB.112616642,-200,707700
Stock Yield Enhancement Program Securities Lent Activity,Data,Stocks,JPY,4568.T,2025-11-06,Loan Return Allocation, ,SLB.112616642,200,-707700
Stock Yield Enhancement Program Securities Lent Activity,Data,Stocks,JPY,4568.T,2025-11-06,New Loan Allocation, ,SLB.112672746,-200,707490
Stock Yield Enhancement Program Securities Lent Activity,Data,Stocks,JPY,4568.T,2025-11-07,Loan Return Allocation, ,SLB.112672746,200,-707490
Stock Yield Enhancement Program Securities Lent Activity,Data,Stocks,JPY,4568.T,2025-11-07,New Loan Allocation, ,SLB.112728931,-199,712728.45
Stock Yield Enhancement Program Securities Lent Activity,Data,Stocks,JPY,4568.T,2025-11-10,Loan Return Allocation, ,SLB.112728931,199,-712728.45
Stock Yield Enhancement Program Securities Lent Activity,Data,Stocks,JPY,4568.T,2025-11-19,New Loan Allocation, ,SLB.113168384,-158,571193.7
Stock Yield Enhancement Program Securities Lent Activity,Data,Stocks,JPY,4568.T,2025-11-20,Loan Return Allocation, ,SLB.113168384,158,-571193.7
Stock Yield Enhancement Program Securities Lent Activity,Data,Stocks,JPY,4568.T,2025-11-27,New Loan Allocation, ,SLB.113515046,-184,746138.4
Stock Yield Enhancement Program Securities Lent Activity,Data,Stocks,JPY,4568.T,2025-11-28,Loan Return Allocation, ,SLB.113515046,184,-746138.4
Stock Yield Enhancement Program Securities Lent Activity,Data,Stocks,JPY,4568.T,2025-12-19,New Loan Allocation, ,SLB.114429774,-51,178910.55
Stock Yield Enhancement Program Securities Lent Activity,Data,Stocks,JPY,4568.T,2025-12-22,Loan Return Allocation, ,SLB.114429774,51,-178910.55
Stock Yield Enhancement Program Securities Lent Activity,Data,Total,,,,,,,,0
Stock Yield Enhancement Program Securities Lent Activity,Data,Total in USD,,,,,,,,33.471784185
Stock Yield Enhancement Program Securities Lent Activity,Data,Stocks,EUR,CNUA,2025-12-19,New Loan Allocation, ,SLB.114400976,-8,1139.208
Stock Yield Enhancement Program Securities Lent Activity,Data,Stocks,EUR,CNUA,2025-12-22,Loan Return Allocation, ,SLB.114400976,8,-1139.208
Stock Yield Enhancement Program Securities Lent Activity,Data,Stocks,EUR,CNUA,2025-12-22,New Loan Allocation, ,SLB.114400976,-8,1144.92
Stock Yield Enhancement Program Securities Lent Activity,Data,Stocks,EUR,CNUA,2025-12-23,Loan Return Allocation, ,SLB.114400976,8,-1144.92
Stock Yield Enhancement Program Securities Lent Activity,Data,Stocks,EUR,CNUA,2025-12-29,New Loan Allocation, ,SLB.114774189,-4,577.248
Stock Yield Enhancement Program Securities Lent Activity,Data,Stocks,EUR,CNUA,2025-12-30,Loan Return Allocation, ,SLB.114774189,4,-577.248
Stock Yield Enhancement Program Securities Lent Activity,Data,Stocks,EUR,NOVd,2025-07-31,New Loan Allocation, ,SLB.108721419,-9,417.69
Stock Yield Enhancement Program Securities Lent Activity,Data,Stocks,EUR,NOVd,2025-08-01,Loan Return Allocation, ,SLB.108721419,9,-417.69
Stock Yield Enhancement Program Securities Lent Activity,Data,Total,,,,,,,,0
Stock Yield Enhancement Program Securities Lent Activity,Data,Total in USD,,,,,,,,-4.8924036
Stock Yield Enhancement Program Securities Lent Activity,Data,Stocks,USD,BLBD,2025-04-04,New Loan Allocation, ,SLB.104275357,-24,792
Stock Yield Enhancement Program Securities Lent Activity,Data,Stocks,USD,BLBD,2025-04-07,Loan Return Allocation, ,SLB.104275357,24,-792
Stock Yield Enhancement Program Securities Lent Activity,Data,Stocks,USD,BLBD,2025-04-07,New Loan Allocation, ,SLB.104275357,-24,816
Stock Yield Enhancement Program Securities Lent Activity,Data,Stocks,USD,BLBD,2025-04-08,Loan Return Allocation, ,SLB.104275357,24,-816
Stock Yield Enhancement Program Securities Lent Activity,Data,Stocks,USD,BLBD,2025-04-08,New Loan Allocation, ,SLB.104390057,-24,792
Stock Yield Enhancement Program Securities Lent Activity,Data,Stocks,USD,BLBD,2025-04-09,Loan Return Allocation, ,SLB.104390057,24,-792
Stock Yield Enhancement Program Securities Lent Activity,Data,Stocks,USD,BLBD,2025-04-09,New Loan Allocation, ,SLB.104390057,-24,768
Stock Yield Enhancement Program Securities Lent Activity,Data,Stocks,USD,BLBD,2025-04-10,Loan Return Allocation, ,SLB.104390057,24,-768
Stock Yield Enhancement Program Securities Lent Activity,Data,Stocks,USD,BLBD,2025-04-10,New Loan Allocation, ,SLB.104509896,-24,840
Stock Yield Enhancement Program Securities Lent Activity,Data,Stocks,USD,BLBD,2025-04-11,Loan Return Allocation, ,SLB.104509896,24,-840
Stock Yield Enhancement Program Securities Lent Activity,Data,Stocks,USD,BLBD,2025-04-11,New Loan Allocation, ,SLB.104568424,-24,840
Stock Yield Enhancement Program Securities Lent Activity,Data,Stocks,USD,BLBD,2025-04-14,Loan Return Allocation, ,SLB.104568424,24,-840
Stock Yield Enhancement Program Securities Lent Activity,Data,Stocks,USD,BLBD,2025-04-14,New Loan Allocation, ,SLB.104625061,-24,840
Stock Yield Enhancement Program Securities Lent Activity,Data,Stocks,USD,BLBD,2025-04-15,Loan Return Allocation, ,SLB.104625061,24,-840
Stock Yield Enhancement Program Securities Lent Activity,Data,Stocks,USD,BLBD,2025-04-15,New Loan Allocation, ,SLB.104680538,-24,888
Stock Yield Enhancement Program Securities Lent Activity,Data,Stocks,USD,BLBD,2025-04-16,Loan Return Allocation, ,SLB.104680538,24,-888
Stock Yield Enhancement Program Securities Lent Activity,Data,Stocks,USD,BLBD,2025-04-16,New Loan Allocation, ,SLB.104680538,-24,840
Stock Yield Enhancement Program Securities Lent Activity,Data,Stocks,USD,BLBD,2025-04-17,Loan Return Allocation, ,SLB.104680538,24,-840
Stock Yield Enhancement Program Securities Lent Activity,Data,Stocks,USD,BLBD,2025-04-24,New Loan Allocation, ,SLB.105041313,-24,864
Stock Yield Enhancement Program Securities Lent Activity,Data,Stocks,USD,BLBD,2025-04-25,Loan Return Allocation, ,SLB.105041313,24,-864
Stock Yield Enhancement Program Securities Lent Activity,Data,Stocks,USD,BLBD,2025-05-02,New Loan Allocation, ,SLB.105368449,-24,888
Stock Yield Enhancement Program Securities Lent Activity,Data,Stocks,USD,BLBD,2025-05-05,Loan Return Allocation, ,SLB.105368449,24,-888
Stock Yield Enhancement Program Securities Lent Activity,Data,Stocks,USD,BLBD,2025-05-15,New Loan Allocation, ,SLB.105860344,-24,984
Stock Yield Enhancement Program Securities Lent Activity,Data,Stocks,USD,BLBD,2025-05-16,Loan Return Allocation, ,SLB.105860344,24,-984
Stock Yield Enhancement Program Securities Lent Activity,Data,Stocks,USD,BLBD,2025-05-16,New Loan Allocation, ,SLB.105915095,-24,1008
Stock Yield Enhancement Program Securities Lent Activity,Data,Stocks,USD,BLBD,2025-05-19,Loan Return Allocation, ,SLB.105915095,24,-1008
Stock Yield Enhancement Program Securities Lent Activity,Data,Stocks,USD,BLBD,2025-05-20,New Loan Allocation, ,SLB.106023178,-24,1032
Stock Yield Enhancement Program Securities Lent Activity,Data,Stocks,USD,BLBD,2025-05-21,Loan Return Allocation, ,SLB.106023178,24,-1032
Stock Yield Enhancement Program Securities Lent Activity,Data,Stocks,USD,BLBD,2025-05-21,New Loan Allocation, ,SLB.106077179,-24,1008
Stock Yield Enhancement Program Securities Lent Activity,Data,Stocks,USD,BLBD,2025-05-22,Loan Return Allocation, ,SLB.106077179,24,-1008
Stock Yield Enhancement Program Securities Lent Activity,Data,Stocks,USD,BLBD,2025-05-28,New Loan Allocation, ,SLB.106322717,-24,984
Stock Yield Enhancement Program Securities Lent Activity,Data,Stocks,USD,BLBD,2025-05-29,Loan Return Allocation, ,SLB.106322717,24,-984
Stock Yield Enhancement Program Securities Lent Activity,Data,Stocks,USD,BLBD,2025-06-05,New Loan Allocation, ,SLB.106639685,-24,960
Stock Yield Enhancement Program Securities Lent Activity,Data,Stocks,USD,BLBD,2025-06-06,Loan Return Allocation, ,SLB.106639685,24,-960
Stock Yield Enhancement Program Securities Lent Activity,Data,Stocks,USD,BLBD,2025-06-09,New Loan Allocation, ,SLB.106639685,-24,1008
Stock Yield Enhancement Program Securities Lent Activity,Data,Stocks,USD,BLBD,2025-06-10,Loan Return Allocation, ,SLB.106639685,24,-1008
Stock Yield Enhancement Program Securities Lent Activity,Data,Stocks,USD,BLBD,2025-06-10,New Loan Allocation, ,SLB.106798534,-24,1008
Stock Yield Enhancement Program Securities Lent Activity,Data,Stocks,USD,BLBD,2025-06-11,Loan Return Allocation, ,SLB.106798534,24,-1008
Stock Yield Enhancement Program Securities Lent Activity,Data,Stocks,USD,BLBD,2025-06-11,New Loan Allocation, ,SLB.106798534,-24,1032
Stock Yield Enhancement Program Securities Lent Activity,Data,Stocks,USD,BLBD,2025-06-12,Loan Return Allocation, ,SLB.106798534,24,-1032
Stock Yield Enhancement Program Securities Lent Activity,Data,Stocks,USD,BLBD,2025-06-12,New Loan Allocation, ,SLB.106798534,-24,1008
Stock Yield Enhancement Program Securities Lent Activity,Data,Stocks,USD,BLBD,2025-06-13,Loan Return Allocation, ,SLB.106798534,24,-1008
Stock Yield Enhancement Program Securities Lent Activity,Data,Stocks,USD,BLBD,2025-06-13,New Loan Allocation, ,SLB.106960783,-24,1032
Stock Yield Enhancement Program Securities Lent Activity,Data,Stocks,USD,BLBD,2025-06-16,Loan Return Allocation, ,SLB.106960783,24,-1032
Stock Yield Enhancement Program Securities Lent Activity,Data,Stocks,USD,BLBD,2025-06-16,New Loan Allocation, ,SLB.106960783,-24,1008
Stock Yield Enhancement Program Securities Lent Activity,Data,Stocks,USD,BLBD,2025-06-17,Loan Return Allocation, ,SLB.106960783,24,-1008
Stock Yield Enhancement Program Securities Lent Activity,Data,Stocks,USD,BLBD,2025-06-17,New Loan Allocation, ,SLB.106960783,-24,1032
Stock Yield Enhancement Program Securities Lent Activity,Data,Stocks,USD,BLBD,2025-06-18,Loan Return Allocation, ,SLB.106960783,24,-1032
Stock Yield Enhancement Program Securities Lent Activity,Data,Stocks,USD,BLBD,2025-06-18,New Loan Allocation, ,SLB.106960783,-24,1032
Stock Yield Enhancement Program Securities Lent Activity,Data,Stocks,USD,BLBD,2025-06-19,Loan Return Allocation, ,SLB.106960783,24,-1032
Stock Yield Enhancement Program Securities Lent Activity,Data,Stocks,USD,BLBD,2025-06-19,New Loan Allocation, ,SLB.106960783,-24,1032
Stock Yield Enhancement Program Securities Lent Activity,Data,Stocks,USD,BLBD,2025-06-20,Loan Return Allocation, ,SLB.106960783,24,-1032
Stock Yield Enhancement Program Securities Lent Activity,Data,Stocks,USD,BLBD,2025-06-20,New Loan Allocation, ,SLB.107220863,-24,1032
Stock Yield Enhancement Program Securities Lent Activity,Data,Stocks,USD,BLBD,2025-06-23,Loan Return Allocation, ,SLB.107220863,24,-1032
Stock Yield Enhancement Program Securities Lent Activity,Data,Stocks,USD,BLBD,2025-06-23,New Loan Allocation, ,SLB.107278538,-24,1032
Stock Yield Enhancement Program Securities Lent Activity,Data,Stocks,USD,BLBD,2025-06-24,Loan Return Allocation, ,SLB.107278538,24,-1032
Stock Yield Enhancement Program Securities Lent Activity,Data,Stocks,USD,BLBD,2025-06-30,New Loan Allocation, ,SLB.107564073,-24,1056
Stock Yield Enhancement Program Securities Lent Activity,Data,Stocks,USD,BLBD,2025-07-01,Loan Return Allocation, ,SLB.107564073,24,-1056
Stock Yield Enhancement Program Securities Lent Activity,Data,Stocks,USD,BLBD,2025-07-02,New Loan Allocation, ,SLB.107675527,-24,1104
Stock Yield Enhancement Program Securities Lent Activity,Data,Stocks,USD,BLBD,2025-07-03,Loan Return Allocation, ,SLB.107675527,24,-1104
Stock Yield Enhancement Program Securities Lent Activity,Data,Stocks,USD,BLBD,2025-07-03,New Loan Allocation, ,SLB.107675527,-24,1128
Stock Yield Enhancement Program Securities Lent Activity,Data,Stocks,USD,BLBD,2025-07-04,Loan Return Allocation, ,SLB.107675527,24,-1128
Stock Yield Enhancement Program Securities Lent Activity,Data,Stocks,USD,DXJ,2025-04-01,Loan Return Allocation, ,SLB.104070082,15,-1710
Stock Yield Enhancement Program Securities Lent Activity,Data,Stocks,USD,DXJ,2025-04-03,New Loan Allocation, ,SLB.104226388,-14,1568
Stock Yield Enhancement Program Securities Lent Activity,Data,Stocks,USD,DXJ,2025-04-04,Loan Return Allocation, ,SLB.104226388,14,-1568
Stock Yield Enhancement Program Securities Lent Activity,Data,Stocks,USD,DXJ,2025-04-04,New Loan Allocation, ,SLB.104275202,-24,2520
Stock Yield Enhancement Program Securities Lent Activity,Data,Stocks,USD,DXJ,2025-04-07,Loan Return Allocation, ,SLB.104275202,24,-2520
Stock Yield Enhancement Program Securities Lent Activity,Data,Stocks,USD,DXJ,2025-04-07,New Loan Allocation, ,SLB.104332121,-24,2376
Stock Yield Enhancement Program Securities Lent Activity,Data,Stocks,USD,DXJ,2025-04-08,Loan Return Allocation, ,SLB.104332121,24,-2376
Stock Yield Enhancement Program Securities Lent Activity,Data,Stocks,USD,DXJ,2025-04-23,New Loan Allocation, ,SLB.104984750,-16,1696
Stock Yield Enhancement Program Securities Lent Activity,Data,Stocks,USD,DXJ,2025-04-24,Loan Return Allocation, ,SLB.104984750,16,-1696
Stock Yield Enhancement Program Securities Lent Activity,Data,Stocks,USD,DXJ,2025-04-24,New Loan Allocation, ,SLB.105041742,-16,1728
Stock Yield Enhancement Program Securities Lent Activity,Data,Stocks,USD,DXJ,2025-04-25,Loan Return Allocation, ,SLB.105041742,16,-1728
Stock Yield Enhancement Program Securities Lent Activity,Data,Stocks,USD,DXJ,2025-04-25,New Loan Allocation, ,SLB.105041742,-16,1744
Stock Yield Enhancement Program Securities Lent Activity,Data,Stocks,USD,DXJ,2025-04-28,Loan Return Allocation, ,SLB.105041742,16,-1744
Stock Yield Enhancement Program Securities Lent Activity,Data,Stocks,USD,DXJ,2025-04-28,New Loan Allocation, ,SLB.105153905,-18,1998
Stock Yield Enhancement Program Securities Lent Activity,Data,Stocks,USD,DXJ,2025-04-29,Loan Return Allocation, ,SLB.105153905,18,-1998
Stock Yield Enhancement Program Securities Lent Activity,Data,Stocks,USD,DXJ,2025-04-29,New Loan Allocation, ,SLB.105208165,-24,2664
Stock Yield Enhancement Program Securities Lent Activity,Data,Stocks,USD,DXJ,2025-04-30,Loan Return Allocation, ,SLB.105208165,24,-2664
Stock Yield Enhancement Program Securities Lent Activity,Data,Stocks,USD,DXJ,2025-04-30,New Loan Allocation, ,SLB.105208165,-24,2688
Stock Yield Enhancement Program Securities Lent Activity,Data,Stocks,USD,DXJ,2025-05-01,Loan Return Allocation, ,SLB.105208165,24,-2688
Stock Yield Enhancement Program Securities Lent Activity,Data,Stocks,USD,DXJ,2025-05-01,New Loan Allocation, ,SLB.105312602,-24,2664
Stock Yield Enhancement Program Securities Lent Activity,Data,Stocks,USD,DXJ,2025-05-02,Loan Return Allocation, ,SLB.105312602,24,-2664
Stock Yield Enhancement Program Securities Lent Activity,Data,Stocks,USD,DXJ,2025-05-02,New Loan Allocation, ,SLB.105368020,-24,2712
Stock Yield Enhancement Program Securities Lent Activity,Data,Stocks,USD,DXJ,2025-05-05,Loan Return Allocation, ,SLB.105368020,24,-2712
Stock Yield Enhancement Program Securities Lent Activity,Data,Stocks,USD,DXJ,2025-05-05,New Loan Allocation, ,SLB.105368020,-24,2712
Stock Yield Enhancement Program Securities Lent Activity,Data,Stocks,USD,DXJ,2025-05-06,Loan Return Allocation, ,SLB.105368020,24,-2712
Stock Yield Enhancement Program Securities Lent Activity,Data,Stocks,USD,DXJ,2025-05-06,New Loan Allocation, ,SLB.105477814,-23,2599
Stock Yield Enhancement Program Securities Lent Activity,Data,Stocks,USD,DXJ,2025-05-07,Loan Return Allocation, ,SLB.105477814,23,-2599
Stock Yield Enhancement Program Securities Lent Activity,Data,Stocks,USD,DXJ,2025-05-07,New Loan Allocation, ,SLB.105532220,-23,2576
Stock Yield Enhancement Program Securities Lent Activity,Data,Stocks,USD,DXJ,2025-05-08,Loan Return Allocation, ,SLB.105532220,23,-2576
Stock Yield Enhancement Program Securities Lent Activity,Data,Stocks,USD,DXJ,2025-05-08,New Loan Allocation, ,SLB.105532220,-18,2016
Stock Yield Enhancement Program Securities Lent Activity,Data,Stocks,USD,DXJ,2025-05-09,Loan Return Allocation, ,SLB.105532220,18,-2016
Stock Yield Enhancement Program Securities Lent Activity,Data,Stocks,USD,DXJ,2025-05-09,New Loan Allocation, ,SLB.105638221,-14,1582
Stock Yield Enhancement Program Securities Lent Activity,Data,Stocks,USD,DXJ,2025-05-12,Loan Return Allocation, ,SLB.105638221,14,-1582
Stock Yield Enhancement Program Securities Lent Activity,Data,Stocks,USD,DXJ,2025-05-12,New Loan Allocation, ,SLB.105692780,-21,2373
Stock Yield Enhancement Program Securities Lent Activity,Data,Stocks,USD,DXJ,2025-05-13,Loan Return Allocation, ,SLB.105692780,21,-2373
Stock Yield Enhancement Program Securities Lent Activity,Data,Stocks,USD,DXJ,2025-05-13,New Loan Allocation, ,SLB.105748218,-21,2457
Stock Yield Enhancement Program Securities Lent Activity,Data,Stocks,USD,DXJ,2025-05-14,Loan Return Allocation, ,SLB.105748218,21,-2457
Stock Yield Enhancement Program Securities Lent Activity,Data,Stocks,USD,DXJ,2025-05-14,New Loan Allocation, ,SLB.105803319,-24,2760
Stock Yield Enhancement Program Securities Lent Activity,Data,Stocks,USD,DXJ,2025-05-15,Loan Return Allocation, ,SLB.105803319,24,-2760
Stock Yield Enhancement Program Securities Lent Activity,Data,Stocks,USD,DXJ,2025-05-15,New Loan Allocation, ,SLB.105803319,-15,1695
Stock Yield Enhancement Program Securities Lent Activity,Data,Stocks,USD,DXJ,2025-05-16,Loan Return Allocation, ,SLB.105803319,15,-1695
Stock Yield Enhancement Program Securities Lent Activity,Data,Stocks,USD,DXJ,2025-05-16,New Loan Allocation, ,SLB.105916197,-19,2166
Stock Yield Enhancement Program Securities Lent Activity,Data,Stocks,USD,DXJ,2025-05-19,Loan Return Allocation, ,SLB.105916197,19,-2166
Stock Yield Enhancement Program Securities Lent Activity,Data,Stocks,USD,DXJ,2025-05-21,New Loan Allocation, ,SLB.106077438,-23,2645
Stock Yield Enhancement Program Securities Lent Activity,Data,Stocks,USD,DXJ,2025-05-22,Loan Return Allocation, ,SLB.106077438,23,-2645
Stock Yield Enhancement Program Securities Lent Activity,Data,Stocks,USD,DXJ,2025-05-22,New Loan Allocation, ,SLB.106130769,-24,2712
Stock Yield Enhancement Program Securities Lent Activity,Data,Stocks,USD,DXJ,2025-05-23,Loan Return Allocation, ,SLB.106130769,24,-2712
Stock Yield Enhancement Program Securities Lent Activity,Data,Stocks,USD,DXJ,2025-05-23,New Loan Allocation, ,SLB.106130769,-12,1356
Stock Yield Enhancement Program Securities Lent Activity,Data,Stocks,USD,DXJ,2025-05-26,Loan Return Allocation, ,SLB.106130769,12,-1356
Stock Yield Enhancement Program Securities Lent Activity,Data,Stocks,USD,DXJ,2025-05-26,New Loan Allocation, ,SLB.106130769,-11,1243
Stock Yield Enhancement Program Securities Lent Activity,Data,Stocks,USD,DXJ,2025-05-27,Loan Return Allocation, ,SLB.106130769,11,-1243
Stock Yield Enhancement Program Securities Lent Activity,Data,Stocks,USD,DXJ,2025-05-27,New Loan Allocation, ,SLB.106270495,-24,2712
Stock Yield Enhancement Program Securities Lent Activity,Data,Stocks,USD,DXJ,2025-05-28,Loan Return Allocation, ,SLB.106270495,24,-2712
Stock Yield Enhancement Program Securities Lent Activity,Data,Stocks,USD,DXJ,2025-05-29,New Loan Allocation, ,SLB.106374163,-22,2552
Stock Yield Enhancement Program Securities Lent Activity,Data,Stocks,USD,DXJ,2025-05-30,Loan Return Allocation, ,SLB.106374163,22,-2552
Stock Yield Enhancement Program Securities Lent Activity,Data,Stocks,USD,DXJ,2025-05-30,New Loan Allocation, ,SLB.106374163,-21,2436
Stock Yield Enhancement Program Securities Lent Activity,Data,Stocks,USD,DXJ,2025-06-02,Loan Return Allocation, ,SLB.106374163,21,-2436
Stock Yield Enhancement Program Securities Lent Activity,Data,Stocks,USD,DXJ,2025-06-02,New Loan Allocation, ,SLB.106479089,-22,2552
Stock Yield Enhancement Program Securities Lent Activity,Data,Stocks,USD,DXJ,2025-06-03,Loan Return Allocation, ,SLB.106479089,22,-2552
Stock Yield Enhancement Program Securities Lent Activity,Data,Stocks,USD,DXJ,2025-06-03,New Loan Allocation, ,SLB.106479089,-20,2340
Stock Yield Enhancement Program Securities Lent Activity,Data,Stocks,USD,DXJ,2025-06-04,Loan Return Allocation, ,SLB.106479089,20,-2340
Stock Yield Enhancement Program Securities Lent Activity,Data,Stocks,USD,DXJ,2025-06-04,New Loan Allocation, ,SLB.106585703,-24,2808
Stock Yield Enhancement Program Securities Lent Activity,Data,Stocks,USD,DXJ,2025-06-05,Loan Return Allocation, ,SLB.106585703,24,-2808
Stock Yield Enhancement Program Securities Lent Activity,Data,Stocks,USD,DXJ,2025-06-05,New Loan Allocation, ,SLB.106638917,-16,1856
Stock Yield Enhancement Program Securities Lent Activity,Data,Stocks,USD,DXJ,2025-06-06,Loan Return Allocation, ,SLB.106638917,16,-1856
Stock Yield Enhancement Program Securities Lent Activity,Data,Stocks,USD,DXJ,2025-06-06,New Loan Allocation, ,SLB.106638917,-12,1380
Stock Yield Enhancement Program Securities Lent Activity,Data,Stocks,USD,DXJ,2025-06-09,Loan Return Allocation, ,SLB.106638917,12,-1380
Stock Yield Enhancement Program Securities Lent Activity,Data,Stocks,USD,DXJ,2025-06-20,New Loan Allocation, ,SLB.107221029,-24,2784
Stock Yield Enhancement Program Securities Lent Activity,Data,Stocks,USD,DXJ,2025-06-23,Loan Return Allocation, ,SLB.107221029,24,-2784
Stock Yield Enhancement Program Securities Lent Activity,Data,Stocks,USD,DXJ,2025-06-23,New Loan Allocation, ,SLB.107278973,-22,2530
Stock Yield Enhancement Program Securities Lent Activity,Data,Stocks,USD,DXJ,2025-06-24,Loan Return Allocation, ,SLB.107278973,22,-2530
Stock Yield Enhancement Program Securities Lent Activity,Data,Stocks,USD,DXJ,2025-06-26,New Loan Allocation, ,SLB.107429399,-24,2736
Stock Yield Enhancement Program Securities Lent Activity,Data,Stocks,USD,DXJ,2025-06-27,Loan Return Allocation, ,SLB.107429399,24,-2736
Stock Yield Enhancement Program Securities Lent Activity,Data,Stocks,USD,DXJ,2025-06-27,New Loan Allocation, ,SLB.107429399,-19,2204
Stock Yield Enhancement Program Securities Lent Activity,Data,Stocks,USD,DXJ,2025-06-30,Loan Return Allocation, ,SLB.107429399,19,-2204
Stock Yield Enhancement Program Securities Lent Activity,Data,Stocks,USD,DXJ,2025-06-30,New Loan Allocation, ,SLB.107564031,-21,2478
Stock Yield Enhancement Program Securities Lent Activity,Data,Stocks,USD,DXJ,2025-07-01,Loan Return Allocation, ,SLB.107564031,21,-2478
Stock Yield Enhancement Program Securities Lent Activity,Data,Stocks,USD,DXJ,2025-07-16,New Loan Allocation, ,SLB.108195260,-14,1638
Stock Yield Enhancement Program Securities Lent Activity,Data,Stocks,USD,DXJ,2025-07-17,Loan Return Allocation, ,SLB.108195260,14,-1638
Stock Yield Enhancement Program Securities Lent Activity,Data,Stocks,USD,DXJ,2025-07-24,New Loan Allocation, ,SLB.108517955,-24,2952
Stock Yield Enhancement Program Securities Lent Activity,Data,Stocks,USD,DXJ,2025-07-25,Loan Return Allocation, ,SLB.108517955,24,-2952
Stock Yield Enhancement Program Securities Lent Activity,Data,Stocks,USD,DXJ,2025-07-25,New Loan Allocation, ,SLB.108586063,-24,2976
Stock Yield Enhancement Program Securities Lent Activity,Data,Stocks,USD,DXJ,2025-07-28,Loan Return Allocation, ,SLB.108586063,24,-2976
Stock Yield Enhancement Program Securities Lent Activity,Data,Stocks,USD,DXJ,2025-07-28,New Loan Allocation, ,SLB.108586063,-22,2706
Stock Yield Enhancement Program Securities Lent Activity,Data,Stocks,USD,DXJ,2025-07-29,Loan Return Allocation, ,SLB.108586063,22,-2706
Stock Yield Enhancement Program Securities Lent Activity,Data,Stocks,USD,DXJ,2025-07-29,New Loan Allocation, ,SLB.108691384,-20,2440
Stock Yield Enhancement Program Securities Lent Activity,Data,Stocks,USD,DXJ,2025-07-30,Loan Return Allocation, ,SLB.108691384,20,-2440
Stock Yield Enhancement Program Securities Lent Activity,Data,Stocks,USD,DXJ,2025-07-30,New Loan Allocation, ,SLB.108745199,-22,2662
Stock Yield Enhancement Program Securities Lent Activity,Data,Stocks,USD,DXJ,2025-07-31,Loan Return Allocation, ,SLB.108745199,22,-2662
Stock Yield Enhancement Program Securities Lent Activity,Data,Stocks,USD,DXJ,2025-07-31,New Loan Allocation, ,SLB.108745199,-21,2562
Stock Yield Enhancement Program Securities Lent Activity,Data,Stocks,USD,DXJ,2025-08-01,Loan Return Allocation, ,SLB.108745199,21,-2562
Stock Yield Enhancement Program Securities Lent Activity,Data,Stocks,USD,DXJ,2025-08-19,New Loan Allocation, ,SLB.109491117,-20,2580
Stock Yield Enhancement Program Securities Lent Activity,Data,Stocks,USD,DXJ,2025-08-20,Loan Return Allocation, ,SLB.109491117,20,-2580
Stock Yield Enhancement Program Securities Lent Activity,Data,Stocks,USD,DXJ,2025-08-20,New Loan Allocation, ,SLB.109571207,-22,2838
Stock Yield Enhancement Program Securities Lent Activity,Data,Stocks,USD,DXJ,2025-08-21,Loan Return Allocation, ,SLB.109571207,22,-2838
Stock Yield Enhancement Program Securities Lent Activity,Data,Stocks,USD,DXJ,2025-08-21,New Loan Allocation, ,SLB.109623435,-21,2709
Stock Yield Enhancement Program Securities Lent Activity,Data,Stocks,USD,DXJ,2025-08-22,Loan Return Allocation, ,SLB.109623435,21,-2709
Stock Yield Enhancement Program Securities Lent Activity,Data,Stocks,USD,DXJ,2025-08-22,New Loan Allocation, ,SLB.109623435,-20,2580
Stock Yield Enhancement Program Securities Lent Activity,Data,Stocks,USD,DXJ,2025-08-25,Loan Return Allocation, ,SLB.109623435,20,-2580
Stock Yield Enhancement Program Securities Lent Activity,Data,Stocks,USD,DXJ,2025-08-25,New Loan Allocation, ,SLB.109623435,-20,2580
Stock Yield Enhancement Program Securities Lent Activity,Data,Stocks,USD,DXJ,2025-08-26,Loan Return Allocation, ,SLB.109623435,20,-2580
Stock Yield Enhancement Program Securities Lent Activity,Data,Stocks,USD,DXJ,2025-08-26,New Loan Allocation, ,SLB.109782777,-23,2967
Stock Yield Enhancement Program Securities Lent Activity,Data,Stocks,USD,DXJ,2025-08-27,Loan Return Allocation, ,SLB.109782777,23,-2967
Stock Yield Enhancement Program Securities Lent Activity,Data,Stocks,USD,DXJ,2025-08-27,New Loan Allocation, ,SLB.109782777,-23,2967
Stock Yield Enhancement Program Securities Lent Activity,Data,Stocks,USD,DXJ,2025-08-28,Loan Return Allocation, ,SLB.109782777,23,-2967
Stock Yield Enhancement Program Securities Lent Activity,Data,Stocks,USD,DXJ,2025-08-28,New Loan Allocation, ,SLB.109782777,-19,2432
Stock Yield Enhancement Program Securities Lent Activity,Data,Stocks,USD,DXJ,2025-08-29,Loan Return Allocation, ,SLB.109782777,19,-2432
Stock Yield Enhancement Program Securities Lent Activity,Data,Stocks,USD,DXJ,2025-08-29,New Loan Allocation, ,SLB.109782777,-20,2580
Stock Yield Enhancement Program Securities Lent Activity,Data,Stocks,USD,DXJ,2025-09-01,Loan Return Allocation, ,SLB.109782777,20,-2580
Stock Yield Enhancement Program Securities Lent Activity,Data,Stocks,USD,DXJ,2025-09-01,New Loan Allocation, ,SLB.109782777,-20,2540
Stock Yield Enhancement Program Securities Lent Activity,Data,Stocks,USD,DXJ,2025-09-02,Loan Return Allocation, ,SLB.109782777,20,-2540
Stock Yield Enhancement Program Securities Lent Activity,Data,Stocks,USD,DXJ,2025-09-02,New Loan Allocation, ,SLB.110043500,-21,2667
Stock Yield Enhancement Program Securities Lent Activity,Data,Stocks,USD,DXJ,2025-09-03,Loan Return Allocation, ,SLB.110043500,21,-2667
Stock Yield Enhancement Program Securities Lent Activity,Data,Stocks,USD,DXJ,2025-09-03,New Loan Allocation, ,SLB.110043500,-20,2580
Stock Yield Enhancement Program Securities Lent Activity,Data,Stocks,USD,DXJ,2025-09-04,Loan Return Allocation, ,SLB.110043500,20,-2580
Stock Yield Enhancement Program Securities Lent Activity,Data,Stocks,USD,DXJ,2025-09-04,New Loan Allocation, ,SLB.110159142,-21,2688
Stock Yield Enhancement Program Securities Lent Activity,Data,Stocks,USD,DXJ,2025-09-05,Loan Return Allocation, ,SLB.110159142,21,-2688
Stock Yield Enhancement Program Securities Lent Activity,Data,Stocks,USD,DXJ,2025-09-05,New Loan Allocation, ,SLB.110159142,-20,2600
Stock Yield Enhancement Program Securities Lent Activity,Data,Stocks,USD,DXJ,2025-09-08,Loan Return Allocation, ,SLB.110159142,20,-2600
Stock Yield Enhancement Program Securities Lent Activity,Data,Stocks,USD,DXJ,2025-09-08,New Loan Allocation, ,SLB.110271686,-24,3120
Stock Yield Enhancement Program Securities Lent Activity,Data,Stocks,USD,DXJ,2025-09-09,Loan Return Allocation, ,SLB.110271686,24,-3120
Stock Yield Enhancement Program Securities Lent Activity,Data,Stocks,USD,DXJ,2025-09-09,New Loan Allocation, ,SLB.110332565,-24,3192
Stock Yield Enhancement Program Securities Lent Activity,Data,Stocks,USD,DXJ,2025-09-10,Loan Return Allocation, ,SLB.110332565,24,-3192
Stock Yield Enhancement Program Securities Lent Activity,Data,Stocks,USD,DXJ,2025-09-10,New Loan Allocation, ,SLB.110332565,-24,3168
Stock Yield Enhancement Program Securities Lent Activity,Data,Stocks,USD,DXJ,2025-09-11,Loan Return Allocation, ,SLB.110332565,24,-3168
Stock Yield Enhancement Program Securities Lent Activity,Data,Stocks,USD,DXJ,2025-09-11,New Loan Allocation, ,SLB.110444657,-24,3144
Stock Yield Enhancement Program Securities Lent Activity,Data,Stocks,USD,DXJ,2025-09-12,Loan Return Allocation, ,SLB.110444657,24,-3144
Stock Yield Enhancement Program Securities Lent Activity,Data,Stocks,USD,DXJ,2025-09-12,New Loan Allocation, ,SLB.110504941,-24,3168
Stock Yield Enhancement Program Securities Lent Activity,Data,Stocks,USD,DXJ,2025-09-15,Loan Return Allocation, ,SLB.110504941,24,-3168
Stock Yield Enhancement Program Securities Lent Activity,Data,Stocks,USD,DXJ,2025-09-15,New Loan Allocation, ,SLB.110560460,-24,3168
Stock Yield Enhancement Program Securities Lent Activity,Data,Stocks,USD,DXJ,2025-09-16,Loan Return Allocation, ,SLB.110560460,24,-3168
Stock Yield Enhancement Program Securities Lent Activity,Data,Stocks,USD,DXJ,2025-09-16,New Loan Allocation, ,SLB.110560460,-17,2261
Stock Yield Enhancement Program Securities Lent Activity,Data,Stocks,USD,DXJ,2025-09-17,Loan Return Allocation, ,SLB.110560460,17,-2261
Stock Yield Enhancement Program Securities Lent Activity,Data,Stocks,USD,DXJ,2025-09-17,New Loan Allocation, ,SLB.110678261,-24,3168
Stock Yield Enhancement Program Securities Lent Activity,Data,Stocks,USD,DXJ,2025-09-18,Loan Return Allocation, ,SLB.110678261,24,-3168
Stock Yield Enhancement Program Securities Lent Activity,Data,Stocks,USD,DXJ,2025-09-18,New Loan Allocation, ,SLB.110735848,-19,2508
Stock Yield Enhancement Program Securities Lent Activity,Data,Stocks,USD,DXJ,2025-09-19,Loan Return Allocation, ,SLB.110735848,19,-2508
Stock Yield Enhancement Program Securities Lent Activity,Data,Stocks,USD,DXJ,2025-09-19,New Loan Allocation, ,SLB.110795037,-24,3192
Stock Yield Enhancement Program Securities Lent Activity,Data,Stocks,USD,DXJ,2025-09-22,Loan Return Allocation, ,SLB.110795037,24,-3192
Stock Yield Enhancement Program Securities Lent Activity,Data,Stocks,USD,DXJ,2025-09-22,New Loan Allocation, ,SLB.110795037,-23,3036
Stock Yield Enhancement Program Securities Lent Activity,Data,Stocks,USD,DXJ,2025-09-23,Loan Return Allocation, ,SLB.110795037,23,-3036
Stock Yield Enhancement Program Securities Lent Activity,Data,Stocks,USD,DXJ,2025-09-23,New Loan Allocation, ,SLB.110916351,-24,3192
Stock Yield Enhancement Program Securities Lent Activity,Data,Stocks,USD,DXJ,2025-09-24,Loan Return Allocation, ,SLB.110916351,24,-3192
Stock Yield Enhancement Program Securities Lent Activity,Data,Stocks,USD,DXJ,2025-09-24,New Loan Allocation, ,SLB.110916351,-14,1862
Stock Yield Enhancement Program Securities Lent Activity,Data,Stocks,USD,DXJ,2025-09-25,Loan Return Allocation, ,SLB.110916351,14,-1862
Stock Yield Enhancement Program Securities Lent Activity,Data,Stocks,USD,DXJ,2025-09-25,New Loan Allocation, ,SLB.111032707,-24,3192
Stock Yield Enhancement Program Securities Lent Activity,Data,Stocks,USD,DXJ,2025-09-26,Loan Return Allocation, ,SLB.111032707,24,-3192
Stock Yield Enhancement Program Securities Lent Activity,Data,Stocks,USD,DXJ,2025-09-26,New Loan Allocation, ,SLB.111090433,-23,3059
Stock Yield Enhancement Program Securities Lent Activity,Data,Stocks,USD,DXJ,2025-09-29,Loan Return Allocation, ,SLB.111090433,23,-3059
Stock Yield Enhancement Program Securities Lent Activity,Data,Stocks,USD,DXJ,2025-09-29,New Loan Allocation, ,SLB.111146363,-23,3059
Stock Yield Enhancement Program Securities Lent Activity,Data,Stocks,USD,DXJ,2025-09-30,Loan Return Allocation, ,SLB.111146363,23,-3059
Stock Yield Enhancement Program Securities Lent Activity,Data,Stocks,USD,DXJ,2025-09-30,New Loan Allocation, ,SLB.111204530,-22,2904
Stock Yield Enhancement Program Securities Lent Activity,Data,Stocks,USD,DXJ,2025-10-01,Loan Return Allocation, ,SLB.111204530,22,-2904
Stock Yield Enhancement Program Securities Lent Activity,Data,Stocks,USD,DXJ,2025-10-08,New Loan Allocation, ,SLB.111543269,-12,1632
Stock Yield Enhancement Program Securities Lent Activity,Data,Stocks,USD,DXJ,2025-10-09,Loan Return Allocation, ,SLB.111543269,12,-1632
Stock Yield Enhancement Program Securities Lent Activity,Data,Stocks,USD,DXJ,2025-10-09,New Loan Allocation, ,SLB.111600198,-19,2584
Stock Yield Enhancement Program Securities Lent Activity,Data,Stocks,USD,DXJ,2025-10-10,Loan Return Allocation, ,SLB.111600198,19,-2584
Stock Yield Enhancement Program Securities Lent Activity,Data,Stocks,USD,DXJ,2025-10-10,New Loan Allocation, ,SLB.111600198,-18,2448
Stock Yield Enhancement Program Securities Lent Activity,Data,Stocks,USD,DXJ,2025-10-13,Loan Return Allocation, ,SLB.111600198,18,-2448
Stock Yield Enhancement Program Securities Lent Activity,Data,Stocks,USD,DXJ,2025-10-13,New Loan Allocation, ,SLB.111600198,-18,2340
Stock Yield Enhancement Program Securities Lent Activity,Data,Stocks,USD,DXJ,2025-10-14,Loan Return Allocation, ,SLB.111600198,18,-2340
Stock Yield Enhancement Program Securities Lent Activity,Data,Stocks,USD,DXJ,2025-10-14,New Loan Allocation, ,SLB.111751186,-24,3168
Stock Yield Enhancement Program Securities Lent Activity,Data,Stocks,USD,DXJ,2025-10-15,Loan Return Allocation, ,SLB.111751186,24,-3168
Stock Yield Enhancement Program Securities Lent Activity,Data,Stocks,USD,DXJ,2025-10-15,New Loan Allocation, ,SLB.111807038,-24,3192
Stock Yield Enhancement Program Securities Lent Activity,Data,Stocks,USD,DXJ,2025-10-16,Loan Return Allocation, ,SLB.111807038,24,-3192
Stock Yield Enhancement Program Securities Lent Activity,Data,Stocks,USD,DXJ,2025-10-16,New Loan Allocation, ,SLB.111807038,-11,1474
Stock Yield Enhancement Program Securities Lent Activity,Data,Stocks,USD,DXJ,2025-10-17,Loan Return Allocation, ,SLB.111807038,11,-1474
Stock Yield Enhancement Program Securities Lent Activity,Data,Stocks,USD,DXJ,2025-10-17,New Loan Allocation, ,SLB.111807038,-8,1064
Stock Yield Enhancement Program Securities Lent Activity,Data,Stocks,USD,DXJ,2025-10-20,Loan Return Allocation, ,SLB.111807038,8,-1064
Stock Yield Enhancement Program Securities Lent Activity,Data,Stocks,USD,DXJ,2025-10-20,New Loan Allocation, ,SLB.111975156,-9,1206
Stock Yield Enhancement Program Securities Lent Activity,Data,Stocks,USD,DXJ,2025-10-21,Loan Return Allocation, ,SLB.111975156,9,-1206
Stock Yield Enhancement Program Securities Lent Activity,Data,Stocks,USD,DXJ,2025-10-21,New Loan Allocation, ,SLB.112032432,-9,1224
Stock Yield Enhancement Program Securities Lent Activity,Data,Stocks,USD,DXJ,2025-10-22,Loan Return Allocation, ,SLB.112032432,9,-1224
Stock Yield Enhancement Program Securities Lent Activity,Data,Stocks,USD,DXJ,2025-10-22,New Loan Allocation, ,SLB.112032432,-8,1088
Stock Yield Enhancement Program Securities Lent Activity,Data,Stocks,USD,DXJ,2025-10-23,Loan Return Allocation, ,SLB.112032432,8,-1088
Stock Yield Enhancement Program Securities Lent Activity,Data,Stocks,USD,DXJ,2025-10-23,New Loan Allocation, ,SLB.112146846,-9,1224
Stock Yield Enhancement Program Securities Lent Activity,Data,Stocks,USD,DXJ,2025-10-24,Loan Return Allocation, ,SLB.112146846,9,-1224
Stock Yield Enhancement Program Securities Lent Activity,Data,Stocks,USD,DXJ,2025-10-24,New Loan Allocation, ,SLB.112205173,-10,1370
Stock Yield Enhancement Program Securities Lent Activity,Data,Stocks,USD,DXJ,2025-10-27,Loan Return Allocation, ,SLB.112205173,10,-1370
Stock Yield Enhancement Program Securities Lent Activity,Data,Stocks,USD,DXJ,2025-10-27,New Loan Allocation, ,SLB.112258660,-9,1233
Stock Yield Enhancement Program Securities Lent Activity,Data,Stocks,USD,DXJ,2025-10-28,Loan Return Allocation, ,SLB.112258660,9,-1233
Stock Yield Enhancement Program Securities Lent Activity,Data,Stocks,USD,DXJ,2025-10-28,New Loan Allocation, ,SLB.112316314,-11,1529
Stock Yield Enhancement Program Securities Lent Activity,Data,Stocks,USD,DXJ,2025-10-29,Loan Return Allocation, ,SLB.112316314,11,-1529
Stock Yield Enhancement Program Securities Lent Activity,Data,Stocks,USD,DXJ,2025-10-29,New Loan Allocation, ,SLB.112316314,-9,1242
Stock Yield Enhancement Program Securities Lent Activity,Data,Stocks,USD,DXJ,2025-10-30,Loan Return Allocation, ,SLB.112316314,9,-1242
Stock Yield Enhancement Program Securities Lent Activity,Data,Stocks,USD,DXJ,2025-10-30,New Loan Allocation, ,SLB.112426929,-24,3288
Stock Yield Enhancement Program Securities Lent Activity,Data,Stocks,USD,DXJ,2025-10-31,Loan Return Allocation, ,SLB.112426929,24,-3288
Stock Yield Enhancement Program Securities Lent Activity,Data,Stocks,USD,DXJ,2025-10-31,New Loan Allocation, ,SLB.112482102,-24,3336
Stock Yield Enhancement Program Securities Lent Activity,Data,Stocks,USD,DXJ,2025-11-03,Loan Return Allocation, ,SLB.112482102,24,-3336
Stock Yield Enhancement Program Securities Lent Activity,Data,Stocks,USD,DXJ,2025-11-03,New Loan Allocation, ,SLB.112537207,-24,3336
Stock Yield Enhancement Program Securities Lent Activity,Data,Stocks,USD,DXJ,2025-11-04,Loan Return Allocation, ,SLB.112537207,24,-3336
Stock Yield Enhancement Program Securities Lent Activity,Data,Stocks,USD,DXJ,2025-11-06,New Loan Allocation, ,SLB.112687310,-19,2641
Stock Yield Enhancement Program Securities Lent Activity,Data,Stocks,USD,DXJ,2025-11-07,Loan Return Allocation, ,SLB.112687310,19,-2641
Stock Yield Enhancement Program Securities Lent Activity,Data,Stocks,USD,DXJ,2025-11-10,New Loan Allocation, ,SLB.112819900,-24,3336
Stock Yield Enhancement Program Securities Lent Activity,Data,Stocks,USD,DXJ,2025-11-11,Loan Return Allocation, ,SLB.112819900,24,-3336
Stock Yield Enhancement Program Securities Lent Activity,Data,Stocks,USD,DXJ,2025-11-11,New Loan Allocation, ,SLB.112819900,-24,3360
Stock Yield Enhancement Program Securities Lent Activity,Data,Stocks,USD,DXJ,2025-11-12,Loan Return Allocation, ,SLB.112819900,24,-3360
Stock Yield Enhancement Program Securities Lent Activity,Data,Stocks,USD,DXJ,2025-11-12,New Loan Allocation, ,SLB.112819900,-23,3220
Stock Yield Enhancement Program Securities Lent Activity,Data,Stocks,USD,DXJ,2025-11-13,Loan Return Allocation, ,SLB.112819900,23,-3220
Stock Yield Enhancement Program Securities Lent Activity,Data,Stocks,USD,DXJ,2025-11-13,New Loan Allocation, ,SLB.112819900,-21,2982
Stock Yield Enhancement Program Securities Lent Activity,Data,Stocks,USD,DXJ,2025-11-14,Loan Return Allocation, ,SLB.112819900,21,-2982
Stock Yield Enhancement Program Securities Lent Activity,Data,Stocks,USD,DXJ,2025-11-14,New Loan Allocation, ,SLB.113035097,-22,3102
Stock Yield Enhancement Program Securities Lent Activity,Data,Stocks,USD,DXJ,2025-11-17,Loan Return Allocation, ,SLB.113035097,22,-3102
Stock Yield Enhancement Program Securities Lent Activity,Data,Stocks,USD,DXJ,2025-11-17,New Loan Allocation, ,SLB.113089321,-23,3266
Stock Yield Enhancement Program Securities Lent Activity,Data,Stocks,USD,DXJ,2025-11-18,Loan Return Allocation, ,SLB.113089321,23,-3266
Stock Yield Enhancement Program Securities Lent Activity,Data,Stocks,USD,DXJ,2025-11-18,New Loan Allocation, ,SLB.113146185,-15,2115
Stock Yield Enhancement Program Securities Lent Activity,Data,Stocks,USD,DXJ,2025-11-19,Loan Return Allocation, ,SLB.113146185,15,-2115
Stock Yield Enhancement Program Securities Lent Activity,Data,Stocks,USD,DXJ,2025-11-19,New Loan Allocation, ,SLB.113146185,-11,1518
Stock Yield Enhancement Program Securities Lent Activity,Data,Stocks,USD,DXJ,2025-11-20,Loan Return Allocation, ,SLB.113146185,11,-1518
Stock Yield Enhancement Program Securities Lent Activity,Data,Stocks,USD,DXJ,2025-11-21,New Loan Allocation, ,SLB.113318216,-18,2484
Stock Yield Enhancement Program Securities Lent Activity,Data,Stocks,USD,DXJ,2025-11-24,Loan Return Allocation, ,SLB.113318216,18,-2484
Stock Yield Enhancement Program Securities Lent Activity,Data,Stocks,USD,DXJ,2025-12-10,New Loan Allocation, ,SLB.114048370,-8,1160
Stock Yield Enhancement Program Securities Lent Activity,Data,Stocks,USD,DXJ,2025-12-11,Loan Return Allocation, ,SLB.114048370,8,-1160
Stock Yield Enhancement Program Securities Lent Activity,Data,Stocks,USD,DXJ,2025-12-11,New Loan Allocation, ,SLB.114106298,-4,584
Stock Yield Enhancement Program Securities Lent Activity,Data,Stocks,USD,DXJ,2025-12-12,Loan Return Allocation, ,SLB.114106298,4,-584
Stock Yield Enhancement Program Securities Lent Activity,Data,Stocks,USD,DXJ,2025-12-16,New Loan Allocation, ,SLB.114262763,-10,1480
Stock Yield Enhancement Program Securities Lent Activity,Data,Stocks,USD,DXJ,2025-12-17,Loan Return Allocation, ,SLB.114262763,10,-1480
Stock Yield Enhancement Program Securities Lent Activity,Data,Stocks,USD,DXJ,2025-12-17,New Loan Allocation, ,SLB.114348644,-21,3066
Stock Yield Enhancement Program Securities Lent Activity,Data,Stocks,USD,DXJ,2025-12-18,Loan Return Allocation, ,SLB.114348644,21,-3066
Stock Yield Enhancement Program Securities Lent Activity,Data,Stocks,USD,DXJ,2025-12-18,New Loan Allocation, ,SLB.114348644,-11,1595
Stock Yield Enhancement Program Securities Lent Activity,Data,Stocks,USD,DXJ,2025-12-19,Loan Return Allocation, ,SLB.114348644,11,-1595
Stock Yield Enhancement Program Securities Lent Activity,Data,Stocks,USD,DXJ,2025-12-19,New Loan Allocation, ,SLB.114463391,-4,580
Stock Yield Enhancement Program Securities Lent Activity,Data,Stocks,USD,DXJ,2025-12-22,Loan Return Allocation, ,SLB.114463391,4,-580
Stock Yield Enhancement Program Securities Lent Activity,Data,Stocks,USD,DXJ,2025-12-22,New Loan Allocation, ,SLB.114527897,-15,2220
Stock Yield Enhancement Program Securities Lent Activity,Data,Stocks,USD,DXJ,2025-12-23,Loan Return Allocation, ,SLB.114527897,15,-2220
Stock Yield Enhancement Program Securities Lent Activity,Data,Stocks,USD,DXJ,2025-12-23,New Loan Allocation, ,SLB.114586183,-24,3528
Stock Yield Enhancement Program Securities Lent Activity,Data,Stocks,USD,DXJ,2025-12-24,Loan Return Allocation, ,SLB.114586183,24,-3528
Stock Yield Enhancement Program Securities Lent Activity,Data,Stocks,USD,DXJ,2025-12-24,New Loan Allocation, ,SLB.114642322,-12,1776
Stock Yield Enhancement Program Securities Lent Activity,Data,Stocks,USD,DXJ,2025-12-25,Loan Return Allocation, ,SLB.114642322,12,-1776
Stock Yield Enhancement Program Securities Lent Activity,Data,Stocks,USD,DXJ,2025-12-25,New Loan Allocation, ,SLB.114642322,-13,1911
Stock Yield Enhancement Program Securities Lent Activity,Data,Stocks,USD,DXJ,2025-12-26,Loan Return Allocation, ,SLB.114642322,13,-1911
Stock Yield Enhancement Program Securities Lent Activity,Data,Stocks,USD,DXJ,2025-12-26,New Loan Allocation, ,SLB.114725542,-14,2058
Stock Yield Enhancement Program Securities Lent Activity,Data,Stocks,USD,DXJ,2025-12-29,Loan Return Allocation, ,SLB.114725542,14,-2058
Stock Yield Enhancement Program Securities Lent Activity,Data,Stocks,USD,DXJ,2025-12-29,New Loan Allocation, ,SLB.114725542,-5,735
Stock Yield Enhancement Program Securities Lent Activity,Data,Stocks,USD,DXJ,2025-12-30,Loan Return Allocation, ,SLB.114725542,5,-735
Stock Yield Enhancement Program Securities Lent Activity,Data,Stocks,USD,DXJ,2026-01-07,New Loan Allocation, ,SLB.115165249,-24,3624
Stock Yield Enhancement Program Securities Lent Activity,Data,Stocks,USD,DXJ,2026-01-08,Loan Return Allocation, ,SLB.115165249,24,-3624
Stock Yield Enhancement Program Securities Lent Activity,Data,Stocks,USD,DXJ,2026-01-08,New Loan Allocation, ,SLB.115165249,-24,3624
Stock Yield Enhancement Program Securities Lent Activity,Data,Stocks,USD,DXJ,2026-01-09,Loan Return Allocation, ,SLB.115165249,24,-3624
Stock Yield Enhancement Program Securities Lent Activity,Data,Stocks,USD,DXJ,2026-01-09,New Loan Allocation, ,SLB.115279109,-24,3648
Stock Yield Enhancement Program Securities Lent Activity,Data,Stocks,USD,DXJ,2026-01-12,Loan Return Allocation, ,SLB.115279109,24,-3648
Stock Yield Enhancement Program Securities Lent Activity,Data,Stocks,USD,DXJ,2026-01-15,New Loan Allocation, ,SLB.115500008,-23,3634
Stock Yield Enhancement Program Securities Lent Activity,Data,Stocks,USD,DXJ,2026-01-16,Loan Return Allocation, ,SLB.115500008,23,-3634
Stock Yield Enhancement Program Securities Lent Activity,Data,Stocks,USD,DXJ,2026-01-21,New Loan Allocation, ,SLB.115735756,-12,1872
Stock Yield Enhancement Program Securities Lent Activity,Data,Stocks,USD,DXJ,2026-01-22,Loan Return Allocation, ,SLB.115735756,12,-1872
Stock Yield Enhancement Program Securities Lent Activity,Data,Stocks,USD,DXJ,2026-02-05,New Loan Allocation, ,SLB.116469370,-11,1804
Stock Yield Enhancement Program Securities Lent Activity,Data,Stocks,USD,DXJ,2026-02-06,Loan Return Allocation, ,SLB.116469370,11,-1804
Stock Yield Enhancement Program Securities Lent Activity,Data,Stocks,USD,DXJ,2026-02-06,New Loan Allocation, ,SLB.116534242,-23,3726
Stock Yield Enhancement Program Securities Lent Activity,Data,Stocks,USD,DXJ,2026-02-09,Loan Return Allocation, ,SLB.116534242,23,-3726
Stock Yield Enhancement Program Securities Lent Activity,Data,Stocks,USD,DXJ,2026-02-09,New Loan Allocation, ,SLB.116534242,-20,3340
Stock Yield Enhancement Program Securities Lent Activity,Data,Stocks,USD,DXJ,2026-02-10,Loan Return Allocation, ,SLB.116534242,20,-3340
Stock Yield Enhancement Program Securities Lent Activity,Data,Stocks,USD,DXJ,2026-02-10,New Loan Allocation, ,SLB.116650271,-4,676
Stock Yield Enhancement Program Securities Lent Activity,Data,Stocks,USD,DXJ,2026-02-11,Loan Return Allocation, ,SLB.116650271,4,-676
Stock Yield Enhancement Program Securities Lent Activity,Data,Stocks,USD,DXJ,2026-03-03,New Loan Allocation, ,SLB.117564578,-14,2394
Stock Yield Enhancement Program Securities Lent Activity,Data,Stocks,USD,DXJ,2026-03-04,Loan Return Allocation, ,SLB.117564578,14,-2394
Stock Yield Enhancement Program Securities Lent Activity,Data,Stocks,USD,EMXC,2025-04-01,Loan Return Allocation, ,SLB.104068678,75,-4275
Stock Yield Enhancement Program Securities Lent Activity,Data,Stocks,USD,EMXC,2025-05-23,New Loan Allocation, ,SLB.106183746,-75,4575
Stock Yield Enhancement Program Securities Lent Activity,Data,Stocks,USD,EMXC,2025-05-26,Loan Return Allocation, ,SLB.106183746,75,-4575
Stock Yield Enhancement Program Securities Lent Activity,Data,Stocks,USD,EMXC,2025-05-26,New Loan Allocation, ,SLB.106183746,-75,4575
Stock Yield Enhancement Program Securities Lent Activity,Data,Stocks,USD,EMXC,2025-05-27,Loan Return Allocation, ,SLB.106183746,75,-4575
Stock Yield Enhancement Program Securities Lent Activity,Data,Stocks,USD,EMXC,2025-06-05,New Loan Allocation, ,SLB.106586433,-16,992
Stock Yield Enhancement Program Securities Lent Activity,Data,Stocks,USD,EMXC,2025-06-06,Loan Return Allocation, ,SLB.106586433,16,-992
Stock Yield Enhancement Program Securities Lent Activity,Data,Stocks,USD,EMXC,2026-01-02,New Loan Allocation, ,SLB.114992497,-75,5625
Stock Yield Enhancement Program Securities Lent Activity,Data,Stocks,USD,EMXC,2026-01-05,Loan Return Allocation, ,SLB.114992497,75,-5625
Stock Yield Enhancement Program Securities Lent Activity,Data,Stocks,USD,EMXC,2026-02-18,New Loan Allocation, ,SLB.116993208,-39,3354
Stock Yield Enhancement Program Securities Lent Activity,Data,Stocks,USD,EMXC,2026-02-19,Loan Return Allocation, ,SLB.116993208,39,-3354
Stock Yield Enhancement Program Securities Lent Activity,Data,Stocks,USD,EMXC,2026-02-25,New Loan Allocation, ,SLB.117331246,-73,6497
Stock Yield Enhancement Program Securities Lent Activity,Data,Stocks,USD,EMXC,2026-02-26,Loan Return Allocation, ,SLB.117331246,73,-6497
Stock Yield Enhancement Program Securities Lent Activity,Data,Stocks,USD,EMXC,2026-03-10,New Loan Allocation, ,SLB.117905510,-63,5229
Stock Yield Enhancement Program Securities Lent Activity,Data,Stocks,USD,EMXC,2026-03-11,Loan Return Allocation, ,SLB.117905510,63,-5229
Stock Yield Enhancement Program Securities Lent Activity,Data,Stocks,USD,EMXC,2026-03-11,New Loan Allocation, ,SLB.117905510,-63,5229
Stock Yield Enhancement Program Securities Lent Activity,Data,Stocks,USD,EMXC,2026-03-12,Loan Return Allocation, ,SLB.117905510,63,-5229
Stock Yield Enhancement Program Securities Lent Activity,Data,Stocks,USD,EMXC,2026-03-12,New Loan Allocation, ,SLB.118036559,-65,5395
Stock Yield Enhancement Program Securities Lent Activity,Data,Stocks,USD,EMXC,2026-03-13,Loan Return Allocation, ,SLB.118036559,65,-5395
Stock Yield Enhancement Program Securities Lent Activity,Data,Stocks,USD,EMXC,2026-03-13,New Loan Allocation, ,SLB.118106434,-71,5680
Stock Yield Enhancement Program Securities Lent Activity,Data,Stocks,USD,EMXC,2026-03-16,Loan Return Allocation, ,SLB.118106434,71,-5680
Stock Yield Enhancement Program Securities Lent Activity,Data,Stocks,USD,EMXC,2026-03-16,New Loan Allocation, ,SLB.118172108,-74,5920
Stock Yield Enhancement Program Securities Lent Activity,Data,Stocks,USD,EMXC,2026-03-17,Loan Return Allocation, ,SLB.118172108,74,-5920
Stock Yield Enhancement Program Securities Lent Activity,Data,Stocks,USD,EMXC,2026-03-17,New Loan Allocation, ,SLB.118172108,-54,4482
Stock Yield Enhancement Program Securities Lent Activity,Data,Stocks,USD,EMXC,2026-03-18,Loan Return Allocation, ,SLB.118172108,54,-4482
Stock Yield Enhancement Program Securities Lent Activity,Data,Stocks,USD,EMXC,2026-03-18,New Loan Allocation, ,SLB.118309500,-75,6225
Stock Yield Enhancement Program Securities Lent Activity,Data,Stocks,USD,EMXC,2026-03-19,Loan Return Allocation, ,SLB.118309500,75,-6225
Stock Yield Enhancement Program Securities Lent Activity,Data,Stocks,USD,EMXC,2026-03-19,New Loan Allocation, ,SLB.118379039,-75,6150
Stock Yield Enhancement Program Securities Lent Activity,Data,Stocks,USD,EMXC,2026-03-20,Loan Return Allocation, ,SLB.118379039,75,-6150
Stock Yield Enhancement Program Securities Lent Activity,Data,Stocks,USD,EMXC,2026-03-20,New Loan Allocation, ,SLB.118379039,-75,6150
Stock Yield Enhancement Program Securities Lent Activity,Data,Stocks,USD,EMXC,2026-03-23,Loan Return Allocation, ,SLB.118379039,75,-6150
Stock Yield Enhancement Program Securities Lent Activity,Data,Stocks,USD,EMXC,2026-03-23,New Loan Allocation, ,SLB.118519841,-75,5925
Stock Yield Enhancement Program Securities Lent Activity,Data,Stocks,USD,EMXC,2026-03-24,Loan Return Allocation, ,SLB.118519841,75,-5925
Stock Yield Enhancement Program Securities Lent Activity,Data,Stocks,USD,EMXC,2026-03-24,New Loan Allocation, ,SLB.118592792,-75,6150
Stock Yield Enhancement Program Securities Lent Activity,Data,Stocks,USD,EMXC,2026-03-25,Loan Return Allocation, ,SLB.118592792,75,-6150
Stock Yield Enhancement Program Securities Lent Activity,Data,Stocks,USD,EMXC,2026-03-25,New Loan Allocation, ,SLB.118592792,-75,6075
Stock Yield Enhancement Program Securities Lent Activity,Data,Stocks,USD,EMXC,2026-03-26,Loan Return Allocation, ,SLB.118592792,75,-6075
Stock Yield Enhancement Program Securities Lent Activity,Data,Stocks,USD,EMXC,2026-03-26,New Loan Allocation, ,SLB.118592792,-64,5248
Stock Yield Enhancement Program Securities Lent Activity,Data,Stocks,USD,EMXC,2026-03-27,Loan Return Allocation, ,SLB.118592792,64,-5248
Stock Yield Enhancement Program Securities Lent Activity,Data,Stocks,USD,EMXC,2026-03-27,New Loan Allocation, ,SLB.118807908,-75,5925
Stock Yield Enhancement Program Securities Lent Activity,Data,Stocks,USD,EMXC,2026-03-30,Loan Return Allocation, ,SLB.118807908,75,-5925
Stock Yield Enhancement Program Securities Lent Activity,Data,Stocks,USD,EMXC,2026-03-30,New Loan Allocation, ,SLB.118807908,-71,5609
Stock Yield Enhancement Program Securities Lent Activity,Data,Stocks,USD,EMXC,2026-03-31,Loan Return Allocation, ,SLB.118807908,71,-5609
Stock Yield Enhancement Program Securities Lent Activity,Data,Stocks,USD,EMXC,2026-03-31,New Loan Allocation, ,SLB.118947656,-73,5694
Stock Yield Enhancement Program Securities Lent Activity,Data,Stocks,USD,TIP,2025-08-04,New Loan Allocation, ,SLB.108889153,-29,3277
Stock Yield Enhancement Program Securities Lent Activity,Data,Stocks,USD,TIP,2025-08-05,Loan Return Allocation, ,SLB.108889153,29,-3277
Stock Yield Enhancement Program Securities Lent Activity,Data,Stocks,USD,TIP,2025-08-05,New Loan Allocation, ,SLB.108965033,-32,3616
Stock Yield Enhancement Program Securities Lent Activity,Data,Stocks,USD,TIP,2025-08-06,Loan Return Allocation, ,SLB.108965033,32,-3616
Stock Yield Enhancement Program Securities Lent Activity,Data,Stocks,USD,TIP,2025-08-25,New Loan Allocation, ,SLB.109717209,-29,3306
Stock Yield Enhancement Program Securities Lent Activity,Data,Stocks,USD,TIP,2025-08-26,Loan Return Allocation, ,SLB.109717209,29,-3306
Stock Yield Enhancement Program Securities Lent Activity,Data,Stocks,USD,TIP,2025-09-08,New Loan Allocation, ,SLB.110271697,-33,3762
Stock Yield Enhancement Program Securities Lent Activity,Data,Stocks,USD,TIP,2025-09-09,Loan Return Allocation, ,SLB.110271697,33,-3762
Stock Yield Enhancement Program Securities Lent Activity,Data,Stocks,USD,TIP,2025-11-03,New Loan Allocation, ,SLB.112503183,-36,4104
Stock Yield Enhancement Program Securities Lent Activity,Data,Stocks,USD,TIP,2025-11-04,Loan Return Allocation, ,SLB.112503183,36,-4104
Stock Yield Enhancement Program Securities Lent Activity,Data,Stocks,USD,TIP,2026-01-05,New Loan Allocation, ,SLB.115048370,-35,3955
Stock Yield Enhancement Program Securities Lent Activity,Data,Stocks,USD,TIP,2026-01-06,Loan Return Allocation, ,SLB.115048370,35,-3955
Stock Yield Enhancement Program Securities Lent Activity,Data,Stocks,USD,TIP,2026-01-06,New Loan Allocation, ,SLB.115107299,-36,4068
Stock Yield Enhancement Program Securities Lent Activity,Data,Stocks,USD,TIP,2026-01-07,Loan Return Allocation, ,SLB.115107299,36,-4068
Stock Yield Enhancement Program Securities Lent Activity,Data,Stocks,USD,TIP,2026-01-26,New Loan Allocation, ,SLB.115950316,-39,4407
Stock Yield Enhancement Program Securities Lent Activity,Data,Stocks,USD,TIP,2026-01-27,Loan Return Allocation, ,SLB.115950316,39,-4407
Stock Yield Enhancement Program Securities Lent Activity,Data,Stocks,USD,TIP,2026-02-23,New Loan Allocation, ,SLB.117201003,-39,4446
Stock Yield Enhancement Program Securities Lent Activity,Data,Stocks,USD,TIP,2026-02-24,Loan Return Allocation, ,SLB.117201003,39,-4446
Stock Yield Enhancement Program Securities Lent Activity,Data,Total,,,,,,,,-291
Stock Yield Enhancement Program Securities Lent Activity,Notes,"Important Notice re: SIPC Protection for Loans of Fully Paid and Excess Margin Securities:  Please be aware that if you execute loans of your fully paid or excess margin securities, the  provisions of the Securities Investor Protection Act of 1970 may not protect you with respect to the securities loan transaction.  Therefore, the collateral value credited to your account by Interactive Brokers (see above) may constitute the only source of satisfaction in the event that Interactive Brokers cannot return the securities."
Stock Yield Enhancement Program Securities Lent Interest Details,Header,Currency,Value Date,Symbol,Start Date,Quantity,Collateral Amount,Market-based Rate (%),Interest Rate on Customer Collateral (%),Interest Paid to Customer,Code
Stock Yield Enhancement Program Securities Lent Interest Details,Data,EUR,2025-07-31,NOVd,2025-07-31,-9,417.69,1.95,0.98,0.01,Po
Stock Yield Enhancement Program Securities Lent Interest Details,Data,Total,,,,,,,,0.01,
Stock Yield Enhancement Program Securities Lent Interest Details,Data,Total in USD,,,,,,,,0.011588,
Stock Yield Enhancement Program Securities Lent Interest Details,Data,HKD,2025-07-21,3069,2025-07-21,-668,11166.287995,3.92,1.96,0.61,Po
Stock Yield Enhancement Program Securities Lent Interest Details,Data,HKD,2025-07-24,3069,2025-07-24,-393,6462.098999,4.43,2.22,0.4,Po
Stock Yield Enhancement Program Securities Lent Interest Details,Data,HKD,2025-07-25,3069,2025-07-25,-358,6029.436003,3.93,1.97,0.33,Po
Stock Yield Enhancement Program Securities Lent Interest Details,Data,HKD,2025-07-26,3069,2025-07-25,-358,6029.436003,3.93,1.97,0.33,Po
Stock Yield Enhancement Program Securities Lent Interest Details,Data,HKD,2025-07-27,3069,2025-07-25,-358,6029.436003,3.93,1.97,0.33,Po
Stock Yield Enhancement Program Securities Lent Interest Details,Data,HKD,2025-08-07,3069,2025-08-07,-19,338.751006,3.41,1.71,0.02,Po
Stock Yield Enhancement Program Securities Lent Interest Details,Data,HKD,2025-08-26,3069,2025-08-26,-547,10097.072998,4.69,2.35,0.66,Po
Stock Yield Enhancement Program Securities Lent Interest Details,Data,HKD,2025-08-27,3069,2025-08-27,-273,4953.311996,4.69,2.35,0.33,Po
Stock Yield Enhancement Program Securities Lent Interest Details,Data,HKD,2025-08-28,3069,2025-08-28,-251,4382.836506,4.69,2.35,0.29,Po
Stock Yield Enhancement Program Securities Lent Interest Details,Data,HKD,2025-08-29,3069,2025-08-29,-254,4365.879,4.7,2.35,0.29,Po
Stock Yield Enhancement Program Securities Lent Interest Details,Data,HKD,2025-08-30,3069,2025-08-29,-254,4365.879,4.7,2.35,0.29,Po
Stock Yield Enhancement Program Securities Lent Interest Details,Data,HKD,2025-08-31,3069,2025-08-29,-254,4365.879,4.7,2.35,0.29,Po
Stock Yield Enhancement Program Securities Lent Interest Details,Data,HKD,2025-09-01,3069,2025-09-01,-241,4274.0145,4.7,2.35,0.28,Po
Stock Yield Enhancement Program Securities Lent Interest Details,Data,HKD,2025-09-01,3069,2025-09-01,-70,1241.414994,4.7,2.35,0.08,Po
Stock Yield Enhancement Program Securities Lent Interest Details,Data,HKD,2025-09-01,3416,2025-09-01,-63,698.543998,4.24,2.12,0.04,Po
Stock Yield Enhancement Program Securities Lent Interest Details,Data,HKD,2025-09-02,3069,2025-09-02,-295,5535.232505,4.7,2.35,0.36,Po
Stock Yield Enhancement Program Securities Lent Interest Details,Data,HKD,2025-09-03,3069,2025-09-03,-296,5510.483997,4.66,2.33,0.36,Po
Stock Yield Enhancement Program Securities Lent Interest Details,Data,HKD,2025-09-04,3069,2025-09-04,-333,6321.672,4.66,2.33,0.41,Po
Stock Yield Enhancement Program Securities Lent Interest Details,Data,HKD,2025-09-05,3069,2025-09-05,-370,6701.624997,4.65,2.33,0.44,Po
Stock Yield Enhancement Program Securities Lent Interest Details,Data,HKD,2025-09-06,3069,2025-09-05,-370,6701.624997,4.65,2.33,0.44,Po
Stock Yield Enhancement Program Securities Lent Interest Details,Data,HKD,2025-09-07,3069,2025-09-05,-370,6701.624997,4.65,2.33,0.44,Po
Stock Yield Enhancement Program Securities Lent Interest Details,Data,HKD,2025-09-08,3069,2025-09-08,-389,7409.282999,4.65,2.33,0.48,Po
Stock Yield Enhancement Program Securities Lent Interest Details,Data,HKD,2025-09-08,3069,2025-09-08,-13,247.611001,4.65,2.33,0.02,Po
Stock Yield Enhancement Program Securities Lent Interest Details,Data,HKD,2025-09-09,3069,2025-09-09,-387,7395.57,4.65,2.33,0.48,Po
Stock Yield Enhancement Program Securities Lent Interest Details,Data,HKD,2025-09-10,3069,2025-09-10,-425,8072.662503,4.65,2.33,0.52,Po
Stock Yield Enhancement Program Securities Lent Interest Details,Data,HKD,2025-09-11,3069,2025-09-11,-443,8326.185,4.65,2.33,0.54,Po
Stock Yield Enhancement Program Securities Lent Interest Details,Data,HKD,2025-09-12,3069,2025-09-12,-510,9280.214999,4.66,2.33,0.6,Po
Stock Yield Enhancement Program Securities Lent Interest Details,Data,HKD,2025-09-13,3069,2025-09-12,-510,9280.214999,4.66,2.33,0.6,Po
Stock Yield Enhancement Program Securities Lent Interest Details,Data,HKD,2025-09-14,3069,2025-09-12,-510,9280.214999,4.66,2.33,0.6,Po
Stock Yield Enhancement Program Securities Lent Interest Details,Data,HKD,2025-09-15,3069,2025-09-15,-367,6805.281004,4.66,2.33,0.44,Po
Stock Yield Enhancement Program Securities Lent Interest Details,Data,HKD,2025-09-16,3069,2025-09-16,-312,5814.900002,4.66,2.33,0.38,Po
Stock Yield Enhancement Program Securities Lent Interest Details,Data,HKD,2025-09-17,3069,2025-09-17,-309,5681.119501,4.66,2.33,0.37,Po
Stock Yield Enhancement Program Securities Lent Interest Details,Data,HKD,2025-09-18,3069,2025-09-18,-263,4835.386501,4.66,2.33,0.32,Po
Stock Yield Enhancement Program Securities Lent Interest Details,Data,HKD,2025-09-19,3069,2025-09-19,-223,4097.625008,4.66,2.33,0.27,Po
Stock Yield Enhancement Program Securities Lent Interest Details,Data,HKD,2025-09-20,3069,2025-09-19,-223,4097.625008,4.66,2.33,0.27,Po
Stock Yield Enhancement Program Securities Lent Interest Details,Data,HKD,2025-09-21,3069,2025-09-19,-223,4097.625008,4.66,2.33,0.27,Po
Stock Yield Enhancement Program Securities Lent Interest Details,Data,HKD,2025-09-22,3069,2025-09-22,-302,5485.83,4.66,2.33,0.36,Po
Stock Yield Enhancement Program Securities Lent Interest Details,Data,HKD,2025-09-23,3069,2025-09-23,-356,6571.404001,4.66,2.33,0.43,Po
Stock Yield Enhancement Program Securities Lent Interest Details,Data,HKD,2025-09-24,3069,2025-09-24,-277,5046.247504,4.66,2.33,0.33,Po
Stock Yield Enhancement Program Securities Lent Interest Details,Data,HKD,2025-09-25,3069,2025-09-25,-364,6650.28,4.66,2.33,0.43,Po
Stock Yield Enhancement Program Securities Lent Interest Details,Data,HKD,2025-09-26,3069,2025-09-26,-388,7072.464003,4.66,2.33,0.46,Po
Stock Yield Enhancement Program Securities Lent Interest Details,Data,HKD,2025-09-27,3069,2025-09-26,-388,7072.464003,4.66,2.33,0.46,Po
Stock Yield Enhancement Program Securities Lent Interest Details,Data,HKD,2025-09-28,3069,2025-09-26,-388,7072.464003,4.66,2.33,0.46,Po
Stock Yield Enhancement Program Securities Lent Interest Details,Data,HKD,2025-09-29,3069,2025-09-29,-452,8072.94599,4.66,2.33,0.52,Po
Stock Yield Enhancement Program Securities Lent Interest Details,Data,HKD,2025-09-30,3069,2025-09-30,-385,6989.482501,4.66,2.33,0.45,Po
Stock Yield Enhancement Program Securities Lent Interest Details,Data,HKD,2025-10-01,3069,2025-10-01,-369,6699.010498,4.66,2.33,0.44,Po
Stock Yield Enhancement Program Securities Lent Interest Details,Data,HKD,2025-10-02,3069,2025-10-02,-386,7230.551995,4.66,2.33,0.47,Po
Stock Yield Enhancement Program Securities Lent Interest Details,Data,HKD,2025-10-03,3069,2025-10-03,-378,7275.176996,4.66,2.33,0.47,Po
Stock Yield Enhancement Program Securities Lent Interest Details,Data,HKD,2025-10-04,3069,2025-10-03,-378,7275.176996,4.66,2.33,0.47,Po
Stock Yield Enhancement Program Securities Lent Interest Details,Data,HKD,2025-10-05,3069,2025-10-03,-378,7275.176996,4.66,2.33,0.47,Po
Stock Yield Enhancement Program Securities Lent Interest Details,Data,HKD,2025-10-06,3069,2025-10-06,-365,6986.647508,4.66,2.33,0.45,Po
Stock Yield Enhancement Program Securities Lent Interest Details,Data,HKD,2025-10-07,3069,2025-10-07,-369,7063.213501,4.66,2.33,0.46,Po
Stock Yield Enhancement Program Securities Lent Interest Details,Data,HKD,2025-10-08,3069,2025-10-08,-405,7756.560004,4.66,2.33,0.5,Po
Stock Yield Enhancement Program Securities Lent Interest Details,Data,HKD,2025-10-08,3069,2025-10-08,-20,383.039996,4.66,2.33,0.03,Po
Stock Yield Enhancement Program Securities Lent Interest Details,Data,HKD,2025-10-09,3069,2025-10-09,-444,8638.685997,4.66,2.33,0.56,Po
Stock Yield Enhancement Program Securities Lent Interest Details,Data,HKD,2025-10-10,3069,2025-10-10,-373,6865.624496,4.66,2.33,0.45,Po
Stock Yield Enhancement Program Securities Lent Interest Details,Data,HKD,2025-10-11,3069,2025-10-10,-373,6865.624496,4.66,2.33,0.45,Po
Stock Yield Enhancement Program Securities Lent Interest Details,Data,HKD,2025-10-12,3069,2025-10-10,-373,6865.624496,4.66,2.33,0.45,Po
Stock Yield Enhancement Program Securities Lent Interest Details,Data,HKD,2025-10-13,3069,2025-10-13,-267,4763.146502,4.66,2.33,0.31,Po
Stock Yield Enhancement Program Securities Lent Interest Details,Data,HKD,2025-10-14,3069,2025-10-14,-242,4223.142012,4.66,2.33,0.28,Po
Stock Yield Enhancement Program Securities Lent Interest Details,Data,HKD,2025-10-15,3069,2025-10-15,-139,2306.01,4.66,2.33,0.15,Po
Stock Yield Enhancement Program Securities Lent Interest Details,Data,HKD,2025-10-16,3069,2025-10-16,-96,1631.951993,4.66,2.33,0.11,Po
Stock Yield Enhancement Program Securities Lent Interest Details,Data,HKD,2025-10-17,3069,2025-10-17,-28,485.100009,4.66,2.33,0.03,Po
Stock Yield Enhancement Program Securities Lent Interest Details,Data,HKD,2025-10-18,3069,2025-10-17,-28,485.100009,4.66,2.33,0.03,Po
Stock Yield Enhancement Program Securities Lent Interest Details,Data,HKD,2025-10-19,3069,2025-10-17,-28,485.100009,4.66,2.33,0.03,Po
Stock Yield Enhancement Program Securities Lent Interest Details,Data,HKD,2025-10-23,3069,2025-10-23,-66,1104.642002,4.66,2.33,0.07,Po
Stock Yield Enhancement Program Securities Lent Interest Details,Data,HKD,2025-10-24,3069,2025-10-24,-173,2833.74,4.66,2.33,0.19,Po
Stock Yield Enhancement Program Securities Lent Interest Details,Data,HKD,2025-10-25,3069,2025-10-24,-173,2833.74,4.66,2.33,0.19,Po
Stock Yield Enhancement Program Securities Lent Interest Details,Data,HKD,2025-10-26,3069,2025-10-24,-173,2833.74,4.66,2.33,0.19,Po
Stock Yield Enhancement Program Securities Lent Interest Details,Data,HKD,2025-10-27,3069,2025-10-27,-141,2334.748494,4.66,2.33,0.15,Po
Stock Yield Enhancement Program Securities Lent Interest Details,Data,HKD,2025-10-28,3069,2025-10-28,-133,2238.5895,4.66,2.33,0.15,Po
Stock Yield Enhancement Program Securities Lent Interest Details,Data,HKD,2025-10-28,3069,2025-10-28,-6,100.989003,4.66,2.33,0.01,Po
Stock Yield Enhancement Program Securities Lent Interest Details,Data,HKD,2025-10-29,3069,2025-10-29,-137,2305.915506,4.66,2.33,0.15,Po
Stock Yield Enhancement Program Securities Lent Interest Details,Data,HKD,2025-10-30,3069,2025-10-30,-193,3207.949506,4.66,2.33,0.21,Po
Stock Yield Enhancement Program Securities Lent Interest Details,Data,HKD,2025-10-31,3069,2025-10-31,-59,964.561497,4.66,2.33,0.06,Po
Stock Yield Enhancement Program Securities Lent Interest Details,Data,HKD,2025-11-01,3069,2025-10-31,-59,964.561497,4.66,2.33,0.06,Po
Stock Yield Enhancement Program Securities Lent Interest Details,Data,HKD,2025-11-02,3069,2025-10-31,-59,964.561497,4.66,2.33,0.06,Po
Stock Yield Enhancement Program Securities Lent Interest Details,Data,HKD,2025-11-03,3069,2025-11-03,-213,3560.507997,4.66,2.33,0.23,Po
Stock Yield Enhancement Program Securities Lent Interest Details,Data,HKD,2025-11-03,3069,2025-11-03,-7,117.011995,4.66,2.33,0.01,Po
Stock Yield Enhancement Program Securities Lent Interest Details,Data,HKD,2025-11-04,3069,2025-11-04,-286,4831.827005,4.68,2.34,0.32,Po
Stock Yield Enhancement Program Securities Lent Interest Details,Data,HKD,2025-11-05,3069,2025-11-05,-317,5185.802997,4.68,2.34,0.34,Po
Stock Yield Enhancement Program Securities Lent Interest Details,Data,HKD,2025-11-06,3069,2025-11-06,-323,5290.74,4.68,2.34,0.35,Po
Stock Yield Enhancement Program Securities Lent Interest Details,Data,HKD,2025-11-07,3069,2025-11-07,-393,6552.882005,4.63,2.32,0.42,Po
Stock Yield Enhancement Program Securities Lent Interest Details,Data,HKD,2025-11-07,3069,2025-11-07,-5,83.370003,4.63,2.32,0.01,Po
Stock Yield Enhancement Program Securities Lent Interest Details,Data,HKD,2025-11-08,3069,2025-11-07,-393,6552.882005,4.63,2.32,0.42,Po
Stock Yield Enhancement Program Securities Lent Interest Details,Data,HKD,2025-11-08,3069,2025-11-07,-5,83.370003,4.63,2.32,0.01,Po
Stock Yield Enhancement Program Securities Lent Interest Details,Data,HKD,2025-11-09,3069,2025-11-07,-393,6552.882005,4.63,2.32,0.42,Po
Stock Yield Enhancement Program Securities Lent Interest Details,Data,HKD,2025-11-09,3069,2025-11-07,-5,83.370003,4.63,2.32,0.01,Po
Stock Yield Enhancement Program Securities Lent Interest Details,Data,HKD,2025-11-10,3069,2025-11-10,-397,6415.321495,4.68,2.34,0.42,Po
Stock Yield Enhancement Program Securities Lent Interest Details,Data,HKD,2025-11-11,3069,2025-11-11,-384,6281.855995,4.6,2.3,0.4,Po
Stock Yield Enhancement Program Securities Lent Interest Details,Data,HKD,2025-11-11,3069,2025-11-11,-10,163.590003,4.6,2.3,0.01,Po
Stock Yield Enhancement Program Securities Lent Interest Details,Data,HKD,2025-11-12,3069,2025-11-12,-394,6412.350006,4.74,2.37,0.42,Po
Stock Yield Enhancement Program Securities Lent Interest Details,Data,HKD,2025-11-12,3069,2025-11-12,-15,244.125,4.74,2.37,0.02,Po
Stock Yield Enhancement Program Securities Lent Interest Details,Data,HKD,2025-11-13,3069,2025-11-13,-392,6536.207995,4.82,2.41,0.44,Po
Stock Yield Enhancement Program Securities Lent Interest Details,Data,HKD,2025-11-13,3069,2025-11-13,-14,233.435998,4.82,2.41,0.02,Po
Stock Yield Enhancement Program Securities Lent Interest Details,Data,HKD,2025-11-14,3069,2025-11-14,-399,6925.243502,4.67,2.34,0.45,Po
Stock Yield Enhancement Program Securities Lent Interest Details,Data,HKD,2025-11-14,3069,2025-11-14,-58,1006.676998,4.67,2.34,0.07,Po
Stock Yield Enhancement Program Securities Lent Interest Details,Data,HKD,2025-11-15,3069,2025-11-14,-399,6925.243502,4.67,2.34,0.45,Po
Stock Yield Enhancement Program Securities Lent Interest Details,Data,HKD,2025-11-15,3069,2025-11-14,-58,1006.676998,4.67,2.34,0.07,Po
Stock Yield Enhancement Program Securities Lent Interest Details,Data,HKD,2025-11-16,3069,2025-11-14,-399,6925.243502,4.67,2.34,0.45,Po
Stock Yield Enhancement Program Securities Lent Interest Details,Data,HKD,2025-11-16,3069,2025-11-14,-58,1006.676998,4.67,2.34,0.07,Po
Stock Yield Enhancement Program Securities Lent Interest Details,Data,HKD,2025-11-17,3069,2025-11-17,-428,7451.051997,4.59,2.3,0.48,Po
Stock Yield Enhancement Program Securities Lent Interest Details,Data,HKD,2025-11-18,3069,2025-11-18,-656,11103.456002,4.75,2.38,0.74,Po
Stock Yield Enhancement Program Securities Lent Interest Details,Data,HKD,2025-11-18,3069,2025-11-18,-9,152.334002,4.75,2.38,0.01,Po
Stock Yield Enhancement Program Securities Lent Interest Details,Data,HKD,2025-11-19,3069,2025-11-19,-696,11619.72,4.79,2.4,0.78,Po
Stock Yield Enhancement Program Securities Lent Interest Details,Data,HKD,2025-11-20,3069,2025-11-20,-670,11122.334999,4.77,2.39,0.74,Po
Stock Yield Enhancement Program Securities Lent Interest Details,Data,HKD,2025-11-21,3069,2025-11-21,-668,11208.371998,4.48,2.24,0.7,Po
Stock Yield Enhancement Program Securities Lent Interest Details,Data,HKD,2025-11-22,3069,2025-11-21,-668,11208.371998,4.48,2.24,0.7,Po
Stock Yield Enhancement Program Securities Lent Interest Details,Data,HKD,2025-11-23,3069,2025-11-21,-668,11208.371998,4.48,2.24,0.7,Po
Stock Yield Enhancement Program Securities Lent Interest Details,Data,HKD,2025-11-24,3069,2025-11-24,-667,10638.316503,4.83,2.42,0.72,Po
Stock Yield Enhancement Program Securities Lent Interest Details,Data,HKD,2025-11-24,3069,2025-11-24,-1,15.949506,4.83,2.42,0.01,Po
Stock Yield Enhancement Program Securities Lent Interest Details,Data,HKD,2025-11-25,3069,2025-11-25,-700,11532.149996,3.38,1.69,0.54,Po
Stock Yield Enhancement Program Securities Lent Interest Details,Data,HKD,2025-11-26,3069,2025-11-26,-592,9827.495999,3.96,1.98,0.54,Po
Stock Yield Enhancement Program Securities Lent Interest Details,Data,HKD,2025-11-27,3069,2025-11-27,-654,11000.933997,4.52,2.26,0.69,Po
Stock Yield Enhancement Program Securities Lent Interest Details,Data,HKD,2025-11-28,3069,2025-11-28,-652,10967.292003,5.47,2.74,0.84,Po
Stock Yield Enhancement Program Securities Lent Interest Details,Data,HKD,2025-11-29,3069,2025-11-28,-652,10967.292003,5.47,2.74,0.84,Po
Stock Yield Enhancement Program Securities Lent Interest Details,Data,HKD,2025-11-30,3069,2025-11-28,-652,10967.292003,5.47,2.74,0.84,Po
Stock Yield Enhancement Program Securities Lent Interest Details,Data,HKD,2025-12-01,3069,2025-12-01,-595,9958.514997,5.41,2.71,0.75,Po
Stock Yield Enhancement Program Securities Lent Interest Details,Data,HKD,2025-12-01,3069,2025-12-01,-5,83.684999,5.41,2.71,0.01,Po
Stock Yield Enhancement Program Securities Lent Interest Details,Data,HKD,2025-12-02,3069,2025-12-02,-617,10300.815005,5.37,2.69,0.77,Po
Stock Yield Enhancement Program Securities Lent Interest Details,Data,HKD,2025-12-03,3069,2025-12-03,-647,10638.620995,5.4,2.7,0.8,Po
Stock Yield Enhancement Program Securities Lent Interest Details,Data,HKD,2025-12-04,3069,2025-12-04,-502,8096.255996,5.65,2.83,0.64,Po
Stock Yield Enhancement Program Securities Lent Interest Details,Data,HKD,2025-12-05,3069,2025-12-05,-477,7913.43,5.6,2.8,0.62,Po
Stock Yield Enhancement Program Securities Lent Interest Details,Data,HKD,2025-12-06,3069,2025-12-05,-477,7913.43,5.6,2.8,0.62,Po
Stock Yield Enhancement Program Securities Lent Interest Details,Data,HKD,2025-12-07,3069,2025-12-05,-477,7913.43,5.6,2.8,0.62,Po
Stock Yield Enhancement Program Securities Lent Interest Details,Data,HKD,2025-12-08,3069,2025-12-08,-442,7300.293007,5.3,2.65,0.54,Po
Stock Yield Enhancement Program Securities Lent Interest Details,Data,HKD,2025-12-09,3069,2025-12-09,-441,7195.796994,5.46,2.73,0.55,Po
Stock Yield Enhancement Program Securities Lent Interest Details,Data,HKD,2025-12-10,3069,2025-12-10,-461,7425.327001,5.35,2.68,0.55,Po
Stock Yield Enhancement Program Securities Lent Interest Details,Data,HKD,2025-12-11,3069,2025-12-11,-419,6718.036504,5.31,2.66,0.5,Po
Stock Yield Enhancement Program Securities Lent Interest Details,Data,HKD,2025-12-11,3069,2025-12-11,-42,673.407004,5.31,2.66,0.05,Po
Stock Yield Enhancement Program Securities Lent Interest Details,Data,HKD,2025-12-12,3069,2025-12-12,-414,6655.257004,5.55,2.78,0.52,Po
Stock Yield Enhancement Program Securities Lent Interest Details,Data,HKD,2025-12-12,3069,2025-12-12,-47,755.548502,5.55,2.78,0.06,Po
Stock Yield Enhancement Program Securities Lent Interest Details,Data,HKD,2025-12-13,3069,2025-12-12,-414,6655.257004,5.55,2.78,0.52,Po
Stock Yield Enhancement Program Securities Lent Interest Details,Data,HKD,2025-12-13,3069,2025-12-12,-47,755.548502,5.55,2.78,0.06,Po
Stock Yield Enhancement Program Securities Lent Interest Details,Data,HKD,2025-12-14,3069,2025-12-12,-414,6655.257004,5.55,2.78,0.52,Po
Stock Yield Enhancement Program Securities Lent Interest Details,Data,HKD,2025-12-14,3069,2025-12-12,-47,755.548502,5.55,2.78,0.06,Po
Stock Yield Enhancement Program Securities Lent Interest Details,Data,Total,,,,,,,,49.64,
Stock Yield Enhancement Program Securities Lent Interest Details,Data,Total in USD,,,,,,,,6.3766129,
Stock Yield Enhancement Program Securities Lent Interest Details,Data,JPY,2025-08-22,4568.T,2025-08-22,-100,389550,0.12,0.06,1,Po
Stock Yield Enhancement Program Securities Lent Interest Details,Data,JPY,2025-08-23,4568.T,2025-08-22,-100,389550,0.12,0.06,1,Po
Stock Yield Enhancement Program Securities Lent Interest Details,Data,JPY,2025-08-24,4568.T,2025-08-22,-100,389550,0.12,0.06,1,Po
Stock Yield Enhancement Program Securities Lent Interest Details,Data,JPY,2025-09-10,4568.T,2025-09-10,-104,401856,0.12,0.06,1,Po
Stock Yield Enhancement Program Securities Lent Interest Details,Data,JPY,2025-09-19,4568.T,2025-09-19,-106,404352.9,0.9,0.45,5,Po
Stock Yield Enhancement Program Securities Lent Interest Details,Data,JPY,2025-09-20,4568.T,2025-09-19,-106,404352.9,0.9,0.45,5,Po
Stock Yield Enhancement Program Securities Lent Interest Details,Data,JPY,2025-09-21,4568.T,2025-09-19,-106,404352.9,0.9,0.45,5,Po
Stock Yield Enhancement Program Securities Lent Interest Details,Data,JPY,2025-09-22,4568.T,2025-09-22,-112,416656.8,0.31,0.16,2,Po
Stock Yield Enhancement Program Securities Lent Interest Details,Data,JPY,2025-09-23,4568.T,2025-09-23,-113,408393.3,0.83,0.42,5,Po
Stock Yield Enhancement Program Securities Lent Interest Details,Data,JPY,2025-09-24,4568.T,2025-09-24,-110,397551,0.83,0.42,5,Po
Stock Yield Enhancement Program Securities Lent Interest Details,Data,JPY,2025-11-05,4568.T,2025-11-05,-200,707700,0.11,0.06,1,Po
Stock Yield Enhancement Program Securities Lent Interest Details,Data,JPY,2025-11-06,4568.T,2025-11-06,-200,707490,0.11,0.06,1,Po
Stock Yield Enhancement Program Securities Lent Interest Details,Data,JPY,2025-11-07,4568.T,2025-11-07,-199,712728.45,0.1,0.05,1,Po
Stock Yield Enhancement Program Securities Lent Interest Details,Data,JPY,2025-11-08,4568.T,2025-11-07,-199,712728.45,0.1,0.05,1,Po
Stock Yield Enhancement Program Securities Lent Interest Details,Data,JPY,2025-11-09,4568.T,2025-11-07,-199,712728.45,0.1,0.05,1,Po
Stock Yield Enhancement Program Securities Lent Interest Details,Data,JPY,2025-11-19,4568.T,2025-11-19,-158,571193.7,0.1,0.05,1,Po
Stock Yield Enhancement Program Securities Lent Interest Details,Data,JPY,2025-11-27,4568.T,2025-11-27,-184,746138.4,0.1,0.05,1,Po
Stock Yield Enhancement Program Securities Lent Interest Details,Data,Total,,,,,,,,38,
Stock Yield Enhancement Program Securities Lent Interest Details,Data,Total in USD,,,,,,,,0.2556282,
Stock Yield Enhancement Program Securities Lent Interest Details,Data,USD,2025-03-07,DXJ,2025-03-07,-19,2128,0.35,0.18,0.01,Po
Stock Yield Enhancement Program Securities Lent Interest Details,Data,USD,2025-03-08,DXJ,2025-03-07,-19,2128,0.35,0.18,0.01,Po
Stock Yield Enhancement Program Securities Lent Interest Details,Data,USD,2025-03-09,DXJ,2025-03-07,-19,2128,0.35,0.18,0.01,Po
Stock Yield Enhancement Program Securities Lent Interest Details,Data,USD,2025-03-13,DXJ,2025-03-13,-20,2240,0.36,0.18,0.01,Po
Stock Yield Enhancement Program Securities Lent Interest Details,Data,USD,2025-03-17,DXJ,2025-03-17,-23,2622,0.35,0.18,0.02,Po
Stock Yield Enhancement Program Securities Lent Interest Details,Data,USD,2025-03-18,DXJ,2025-03-18,-24,2784,0.4,0.2,0.02,Po
Stock Yield Enhancement Program Securities Lent Interest Details,Data,USD,2025-03-20,DXJ,2025-03-20,-24,2808,0.42,0.21,0.02,Po
Stock Yield Enhancement Program Securities Lent Interest Details,Data,USD,2025-03-21,DXJ,2025-03-21,-24,2784,0.42,0.21,0.02,Po
Stock Yield Enhancement Program Securities Lent Interest Details,Data,USD,2025-03-22,DXJ,2025-03-21,-24,2784,0.42,0.21,0.02,Po
Stock Yield Enhancement Program Securities Lent Interest Details,Data,USD,2025-03-23,DXJ,2025-03-21,-24,2784,0.42,0.21,0.02,Po
Stock Yield Enhancement Program Securities Lent Interest Details,Data,USD,2025-03-24,DXJ,2025-03-24,-24,2808,0.41,0.21,0.02,Po
Stock Yield Enhancement Program Securities Lent Interest Details,Data,USD,2025-03-25,BLBD,2025-03-25,-24,864,0.1,0.05,0.01,Po
Stock Yield Enhancement Program Securities Lent Interest Details,Data,USD,2025-03-25,DXJ,2025-03-25,-17,1989,0.45,0.23,0.01,Po
Stock Yield Enhancement Program Securities Lent Interest Details,Data,USD,2025-03-26,DXJ,2025-03-26,-23,2714,0.56,0.28,0.02,Po
Stock Yield Enhancement Program Securities Lent Interest Details,Data,USD,2025-03-27,DXJ,2025-03-27,-15,1755,0.49,0.25,0.01,Po
Stock Yield Enhancement Program Securities Lent Interest Details,Data,USD,2025-03-28,DXJ,2025-03-28,-14,1638,0.5,0.25,0.01,Po
Stock Yield Enhancement Program Securities Lent Interest Details,Data,USD,2025-03-29,DXJ,2025-03-28,-14,1638,0.5,0.25,0.01,Po
Stock Yield Enhancement Program Securities Lent Interest Details,Data,USD,2025-03-30,DXJ,2025-03-28,-14,1638,0.5,0.25,0.01,Po
Stock Yield Enhancement Program Securities Lent Interest Details,Data,USD,2025-03-31,DXJ,2025-03-31,-15,1710,0.48,0.24,0.01,Po
Stock Yield Enhancement Program Securities Lent Interest Details,Data,USD,2025-03-31,EMXC,2025-03-31,-75,4275,0.2,0.1,0.01,Po
Stock Yield Enhancement Program Securities Lent Interest Details,Data,USD,2025-04-03,DXJ,2025-04-03,-14,1568,0.47,0.24,0.01,Po
Stock Yield Enhancement Program Securities Lent Interest Details,Data,USD,2025-04-04,BLBD,2025-04-04,-24,792,0.1,0.05,0.01,Po
Stock Yield Enhancement Program Securities Lent Interest Details,Data,USD,2025-04-04,DXJ,2025-04-04,-24,2520,0.49,0.25,0.02,Po
Stock Yield Enhancement Program Securities Lent Interest Details,Data,USD,2025-04-05,BLBD,2025-04-04,-24,792,0.1,0.05,0.01,Po
Stock Yield Enhancement Program Securities Lent Interest Details,Data,USD,2025-04-05,DXJ,2025-04-04,-24,2520,0.49,0.25,0.02,Po
Stock Yield Enhancement Program Securities Lent Interest Details,Data,USD,2025-04-06,BLBD,2025-04-04,-24,792,0.1,0.05,0.01,Po
Stock Yield Enhancement Program Securities Lent Interest Details,Data,USD,2025-04-06,DXJ,2025-04-04,-24,2520,0.49,0.25,0.02,Po
Stock Yield Enhancement Program Securities Lent Interest Details,Data,USD,2025-04-07,BLBD,2025-04-07,-24,816,0.1,0.05,0.01,Po
Stock Yield Enhancement Program Securities Lent Interest Details,Data,USD,2025-04-07,DXJ,2025-04-07,-24,2376,0.49,0.25,0.02,Po
Stock Yield Enhancement Program Securities Lent Interest Details,Data,USD,2025-04-08,BLBD,2025-04-08,-24,792,0.1,0.05,0.01,Po
Stock Yield Enhancement Program Securities Lent Interest Details,Data,USD,2025-04-09,BLBD,2025-04-09,-24,768,0.1,0.05,0.01,Po
Stock Yield Enhancement Program Securities Lent Interest Details,Data,USD,2025-04-10,BLBD,2025-04-10,-24,840,0.1,0.05,0.01,Po
Stock Yield Enhancement Program Securities Lent Interest Details,Data,USD,2025-04-11,BLBD,2025-04-11,-24,840,0.1,0.05,0.01,Po
Stock Yield Enhancement Program Securities Lent Interest Details,Data,USD,2025-04-12,BLBD,2025-04-11,-24,840,0.1,0.05,0.01,Po
Stock Yield Enhancement Program Securities Lent Interest Details,Data,USD,2025-04-13,BLBD,2025-04-11,-24,840,0.1,0.05,0.01,Po
Stock Yield Enhancement Program Securities Lent Interest Details,Data,USD,2025-04-14,BLBD,2025-04-14,-24,840,0.1,0.05,0.01,Po
Stock Yield Enhancement Program Securities Lent Interest Details,Data,USD,2025-04-15,BLBD,2025-04-15,-24,888,0.1,0.05,0.01,Po
Stock Yield Enhancement Program Securities Lent Interest Details,Data,USD,2025-04-16,BLBD,2025-04-16,-24,840,0.1,0.05,0.01,Po
Stock Yield Enhancement Program Securities Lent Interest Details,Data,USD,2025-04-23,DXJ,2025-04-23,-16,1696,0.47,0.24,0.01,Po
Stock Yield Enhancement Program Securities Lent Interest Details,Data,USD,2025-04-24,BLBD,2025-04-24,-24,864,0.1,0.05,0.01,Po
Stock Yield Enhancement Program Securities Lent Interest Details,Data,USD,2025-04-24,DXJ,2025-04-24,-16,1728,0.47,0.24,0.01,Po
Stock Yield Enhancement Program Securities Lent Interest Details,Data,USD,2025-04-25,DXJ,2025-04-25,-16,1744,0.47,0.24,0.01,Po
Stock Yield Enhancement Program Securities Lent Interest Details,Data,USD,2025-04-26,DXJ,2025-04-25,-16,1744,0.47,0.24,0.01,Po
Stock Yield Enhancement Program Securities Lent Interest Details,Data,USD,2025-04-27,DXJ,2025-04-25,-16,1744,0.47,0.24,0.01,Po
Stock Yield Enhancement Program Securities Lent Interest Details,Data,USD,2025-04-28,DXJ,2025-04-28,-18,1998,0.49,0.25,0.02,Po
Stock Yield Enhancement Program Securities Lent Interest Details,Data,USD,2025-04-29,DXJ,2025-04-29,-24,2664,0.43,0.22,0.02,Po
Stock Yield Enhancement Program Securities Lent Interest Details,Data,USD,2025-04-30,DXJ,2025-04-30,-24,2688,0.43,0.22,0.02,Po
Stock Yield Enhancement Program Securities Lent Interest Details,Data,USD,2025-05-01,DXJ,2025-05-01,-24,2664,0.44,0.22,0.02,Po
Stock Yield Enhancement Program Securities Lent Interest Details,Data,USD,2025-05-02,BLBD,2025-05-02,-24,888,0.1,0.05,0.01,Po
Stock Yield Enhancement Program Securities Lent Interest Details,Data,USD,2025-05-02,DXJ,2025-05-02,-24,2712,0.45,0.23,0.02,Po
Stock Yield Enhancement Program Securities Lent Interest Details,Data,USD,2025-05-03,BLBD,2025-05-02,-24,888,0.1,0.05,0.01,Po
Stock Yield Enhancement Program Securities Lent Interest Details,Data,USD,2025-05-03,DXJ,2025-05-02,-24,2712,0.45,0.23,0.02,Po
Stock Yield Enhancement Program Securities Lent Interest Details,Data,USD,2025-05-04,BLBD,2025-05-02,-24,888,0.1,0.05,0.01,Po
Stock Yield Enhancement Program Securities Lent Interest Details,Data,USD,2025-05-04,DXJ,2025-05-02,-24,2712,0.45,0.23,0.02,Po
Stock Yield Enhancement Program Securities Lent Interest Details,Data,USD,2025-05-05,DXJ,2025-05-05,-24,2712,0.44,0.22,0.02,Po
Stock Yield Enhancement Program Securities Lent Interest Details,Data,USD,2025-05-06,DXJ,2025-05-06,-23,2599,0.44,0.22,0.02,Po
Stock Yield Enhancement Program Securities Lent Interest Details,Data,USD,2025-05-07,DXJ,2025-05-07,-23,2576,0.44,0.22,0.02,Po
Stock Yield Enhancement Program Securities Lent Interest Details,Data,USD,2025-05-08,DXJ,2025-05-08,-18,2016,0.43,0.22,0.01,Po
Stock Yield Enhancement Program Securities Lent Interest Details,Data,USD,2025-05-09,DXJ,2025-05-09,-14,1582,0.57,0.29,0.02,Po
Stock Yield Enhancement Program Securities Lent Interest Details,Data,USD,2025-05-10,DXJ,2025-05-09,-14,1582,0.57,0.29,0.02,Po
Stock Yield Enhancement Program Securities Lent Interest Details,Data,USD,2025-05-11,DXJ,2025-05-09,-14,1582,0.57,0.29,0.02,Po
Stock Yield Enhancement Program Securities Lent Interest Details,Data,USD,2025-05-12,DXJ,2025-05-12,-21,2373,0.78,0.39,0.03,Po
Stock Yield Enhancement Program Securities Lent Interest Details,Data,USD,2025-05-13,DXJ,2025-05-13,-21,2457,0.78,0.39,0.03,Po
Stock Yield Enhancement Program Securities Lent Interest Details,Data,USD,2025-05-14,DXJ,2025-05-14,-24,2760,0.78,0.39,0.03,Po
Stock Yield Enhancement Program Securities Lent Interest Details,Data,USD,2025-05-15,BLBD,2025-05-15,-24,984,0.1,0.05,0.01,Po
Stock Yield Enhancement Program Securities Lent Interest Details,Data,USD,2025-05-15,DXJ,2025-05-15,-15,1695,0.78,0.39,0.02,Po
Stock Yield Enhancement Program Securities Lent Interest Details,Data,USD,2025-05-16,BLBD,2025-05-16,-24,1008,0.1,0.05,0.01,Po
Stock Yield Enhancement Program Securities Lent Interest Details,Data,USD,2025-05-16,DXJ,2025-05-16,-19,2166,0.85,0.43,0.03,Po
Stock Yield Enhancement Program Securities Lent Interest Details,Data,USD,2025-05-17,BLBD,2025-05-16,-24,1008,0.1,0.05,0.01,Po
Stock Yield Enhancement Program Securities Lent Interest Details,Data,USD,2025-05-17,DXJ,2025-05-16,-19,2166,0.85,0.43,0.03,Po
Stock Yield Enhancement Program Securities Lent Interest Details,Data,USD,2025-05-18,BLBD,2025-05-16,-24,1008,0.1,0.05,0.01,Po
Stock Yield Enhancement Program Securities Lent Interest Details,Data,USD,2025-05-18,DXJ,2025-05-16,-19,2166,0.85,0.43,0.03,Po
Stock Yield Enhancement Program Securities Lent Interest Details,Data,USD,2025-05-20,BLBD,2025-05-20,-24,1032,0.1,0.05,0.01,Po
Stock Yield Enhancement Program Securities Lent Interest Details,Data,USD,2025-05-21,BLBD,2025-05-21,-24,1008,0.1,0.05,0.01,Po
Stock Yield Enhancement Program Securities Lent Interest Details,Data,USD,2025-05-21,DXJ,2025-05-21,-23,2645,0.68,0.34,0.03,Po
Stock Yield Enhancement Program Securities Lent Interest Details,Data,USD,2025-05-22,DXJ,2025-05-22,-24,2712,0.68,0.34,0.03,Po
Stock Yield Enhancement Program Securities Lent Interest Details,Data,USD,2025-05-23,DXJ,2025-05-23,-12,1356,0.66,0.33,0.01,Po
Stock Yield Enhancement Program Securities Lent Interest Details,Data,USD,2025-05-23,EMXC,2025-05-23,-75,4575,0.2,0.1,0.02,Po
Stock Yield Enhancement Program Securities Lent Interest Details,Data,USD,2025-05-24,DXJ,2025-05-23,-12,1356,0.66,0.33,0.01,Po
Stock Yield Enhancement Program Securities Lent Interest Details,Data,USD,2025-05-24,EMXC,2025-05-23,-75,4575,0.2,0.1,0.02,Po
Stock Yield Enhancement Program Securities Lent Interest Details,Data,USD,2025-05-25,DXJ,2025-05-23,-12,1356,0.66,0.33,0.01,Po
Stock Yield Enhancement Program Securities Lent Interest Details,Data,USD,2025-05-25,EMXC,2025-05-23,-75,4575,0.2,0.1,0.02,Po
Stock Yield Enhancement Program Securities Lent Interest Details,Data,USD,2025-05-26,DXJ,2025-05-26,-11,1243,0.66,0.33,0.01,Po
Stock Yield Enhancement Program Securities Lent Interest Details,Data,USD,2025-05-26,EMXC,2025-05-26,-75,4575,0.2,0.1,0.02,Po
Stock Yield Enhancement Program Securities Lent Interest Details,Data,USD,2025-05-27,DXJ,2025-05-27,-24,2712,0.73,0.37,0.03,Po
Stock Yield Enhancement Program Securities Lent Interest Details,Data,USD,2025-05-28,BLBD,2025-05-28,-24,984,0.1,0.05,0.01,Po
Stock Yield Enhancement Program Securities Lent Interest Details,Data,USD,2025-05-29,DXJ,2025-05-29,-22,2552,0.68,0.34,0.03,Po
Stock Yield Enhancement Program Securities Lent Interest Details,Data,USD,2025-05-30,DXJ,2025-05-30,-21,2436,0.68,0.34,0.03,Po
Stock Yield Enhancement Program Securities Lent Interest Details,Data,USD,2025-05-31,DXJ,2025-05-30,-21,2436,0.68,0.34,0.03,Po
Stock Yield Enhancement Program Securities Lent Interest Details,Data,USD,2025-06-01,DXJ,2025-05-30,-21,2436,0.68,0.34,0.03,Po
Stock Yield Enhancement Program Securities Lent Interest Details,Data,USD,2025-06-02,DXJ,2025-06-02,-22,2552,0.69,0.35,0.03,Po
Stock Yield Enhancement Program Securities Lent Interest Details,Data,USD,2025-06-03,DXJ,2025-06-03,-20,2340,0.68,0.34,0.02,Po
Stock Yield Enhancement Program Securities Lent Interest Details,Data,USD,2025-06-04,DXJ,2025-06-04,-24,2808,0.7,0.35,0.03,Po
Stock Yield Enhancement Program Securities Lent Interest Details,Data,USD,2025-06-05,BLBD,2025-06-05,-24,960,0.1,0.05,0.01,Po
Stock Yield Enhancement Program Securities Lent Interest Details,Data,USD,2025-06-05,DXJ,2025-06-05,-16,1856,0.73,0.37,0.02,Po
Stock Yield Enhancement Program Securities Lent Interest Details,Data,USD,2025-06-05,EMXC,2025-06-05,-16,992,0.84,0.42,0.01,Po
Stock Yield Enhancement Program Securities Lent Interest Details,Data,USD,2025-06-06,DXJ,2025-06-06,-12,1380,0.74,0.37,0.02,Po
Stock Yield Enhancement Program Securities Lent Interest Details,Data,USD,2025-06-07,DXJ,2025-06-06,-12,1380,0.74,0.37,0.02,Po
Stock Yield Enhancement Program Securities Lent Interest Details,Data,USD,2025-06-08,DXJ,2025-06-06,-12,1380,0.74,0.37,0.02,Po
Stock Yield Enhancement Program Securities Lent Interest Details,Data,USD,2025-06-09,BLBD,2025-06-09,-24,1008,0.1,0.05,0.01,Po
Stock Yield Enhancement Program Securities Lent Interest Details,Data,USD,2025-06-10,BLBD,2025-06-10,-24,1008,0.1,0.05,0.01,Po
Stock Yield Enhancement Program Securities Lent Interest Details,Data,USD,2025-06-11,BLBD,2025-06-11,-24,1032,0.1,0.05,0.01,Po
Stock Yield Enhancement Program Securities Lent Interest Details,Data,USD,2025-06-12,BLBD,2025-06-12,-24,1008,0.1,0.05,0.01,Po
Stock Yield Enhancement Program Securities Lent Interest Details,Data,USD,2025-06-13,BLBD,2025-06-13,-24,1032,0.1,0.05,0.01,Po
Stock Yield Enhancement Program Securities Lent Interest Details,Data,USD,2025-06-14,BLBD,2025-06-13,-24,1032,0.1,0.05,0.01,Po
Stock Yield Enhancement Program Securities Lent Interest Details,Data,USD,2025-06-15,BLBD,2025-06-13,-24,1032,0.1,0.05,0.01,Po
Stock Yield Enhancement Program Securities Lent Interest Details,Data,USD,2025-06-16,BLBD,2025-06-16,-24,1008,0.1,0.05,0.01,Po
Stock Yield Enhancement Program Securities Lent Interest Details,Data,USD,2025-06-17,BLBD,2025-06-17,-24,1032,0.1,0.05,0.01,Po
Stock Yield Enhancement Program Securities Lent Interest Details,Data,USD,2025-06-18,BLBD,2025-06-18,-24,1032,0.1,0.05,0.01,Po
Stock Yield Enhancement Program Securities Lent Interest Details,Data,USD,2025-06-19,BLBD,2025-06-19,-24,1032,0.1,0.05,0.01,Po
Stock Yield Enhancement Program Securities Lent Interest Details,Data,USD,2025-06-20,BLBD,2025-06-20,-24,1032,0.1,0.05,0.01,Po
Stock Yield Enhancement Program Securities Lent Interest Details,Data,USD,2025-06-20,DXJ,2025-06-20,-24,2784,0.56,0.28,0.02,Po
Stock Yield Enhancement Program Securities Lent Interest Details,Data,USD,2025-06-21,BLBD,2025-06-20,-24,1032,0.1,0.05,0.01,Po
Stock Yield Enhancement Program Securities Lent Interest Details,Data,USD,2025-06-21,DXJ,2025-06-20,-24,2784,0.56,0.28,0.02,Po
Stock Yield Enhancement Program Securities Lent Interest Details,Data,USD,2025-06-22,BLBD,2025-06-20,-24,1032,0.1,0.05,0.01,Po
Stock Yield Enhancement Program Securities Lent Interest Details,Data,USD,2025-06-22,DXJ,2025-06-20,-24,2784,0.56,0.28,0.02,Po
Stock Yield Enhancement Program Securities Lent Interest Details,Data,USD,2025-06-23,BLBD,2025-06-23,-24,1032,0.1,0.05,0.01,Po
Stock Yield Enhancement Program Securities Lent Interest Details,Data,USD,2025-06-23,DXJ,2025-06-23,-22,2530,0.53,0.27,0.02,Po
Stock Yield Enhancement Program Securities Lent Interest Details,Data,USD,2025-06-26,DXJ,2025-06-26,-24,2736,0.66,0.33,0.03,Po
Stock Yield Enhancement Program Securities Lent Interest Details,Data,USD,2025-06-27,DXJ,2025-06-27,-19,2204,0.66,0.33,0.02,Po
Stock Yield Enhancement Program Securities Lent Interest Details,Data,USD,2025-06-28,DXJ,2025-06-27,-19,2204,0.66,0.33,0.02,Po
Stock Yield Enhancement Program Securities Lent Interest Details,Data,USD,2025-06-29,DXJ,2025-06-27,-19,2204,0.66,0.33,0.02,Po
Stock Yield Enhancement Program Securities Lent Interest Details,Data,USD,2025-06-30,BLBD,2025-06-30,-24,1056,0.1,0.05,0.01,Po
Stock Yield Enhancement Program Securities Lent Interest Details,Data,USD,2025-06-30,DXJ,2025-06-30,-21,2478,0.66,0.33,0.03,Po
Stock Yield Enhancement Program Securities Lent Interest Details,Data,USD,2025-07-02,BLBD,2025-07-02,-24,1104,0.1,0.05,0.01,Po
Stock Yield Enhancement Program Securities Lent Interest Details,Data,USD,2025-07-03,BLBD,2025-07-03,-24,1128,0.1,0.05,0.01,Po
Stock Yield Enhancement Program Securities Lent Interest Details,Data,USD,2025-07-16,DXJ,2025-07-16,-14,1638,0.77,0.39,0.02,Po
Stock Yield Enhancement Program Securities Lent Interest Details,Data,USD,2025-07-24,DXJ,2025-07-24,-24,2952,0.77,0.39,0.03,Po
Stock Yield Enhancement Program Securities Lent Interest Details,Data,USD,2025-07-25,DXJ,2025-07-25,-24,2976,0.76,0.38,0.03,Po
Stock Yield Enhancement Program Securities Lent Interest Details,Data,USD,2025-07-26,DXJ,2025-07-25,-24,2976,0.76,0.38,0.03,Po
Stock Yield Enhancement Program Securities Lent Interest Details,Data,USD,2025-07-27,DXJ,2025-07-25,-24,2976,0.76,0.38,0.03,Po
Stock Yield Enhancement Program Securities Lent Interest Details,Data,USD,2025-07-28,DXJ,2025-07-28,-22,2706,0.78,0.39,0.03,Po
Stock Yield Enhancement Program Securities Lent Interest Details,Data,USD,2025-07-29,DXJ,2025-07-29,-20,2440,0.79,0.4,0.03,Po
Stock Yield Enhancement Program Securities Lent Interest Details,Data,USD,2025-07-30,DXJ,2025-07-30,-22,2662,0.79,0.4,0.03,Po
Stock Yield Enhancement Program Securities Lent Interest Details,Data,USD,2025-07-31,DXJ,2025-07-31,-21,2562,0.79,0.4,0.03,Po
Stock Yield Enhancement Program Securities Lent Interest Details,Data,USD,2025-08-04,TIP,2025-08-04,-29,3277,0.28,0.14,0.02,Po
Stock Yield Enhancement Program Securities Lent Interest Details,Data,USD,2025-08-05,TIP,2025-08-05,-32,3616,0.28,0.14,0.02,Po
Stock Yield Enhancement Program Securities Lent Interest Details,Data,USD,2025-08-19,DXJ,2025-08-19,-20,2580,0.31,0.16,0.01,Po
Stock Yield Enhancement Program Securities Lent Interest Details,Data,USD,2025-08-20,DXJ,2025-08-20,-22,2838,0.31,0.16,0.01,Po
Stock Yield Enhancement Program Securities Lent Interest Details,Data,USD,2025-08-21,DXJ,2025-08-21,-21,2709,0.31,0.16,0.01,Po
Stock Yield Enhancement Program Securities Lent Interest Details,Data,USD,2025-08-22,DXJ,2025-08-22,-20,2580,0.31,0.16,0.01,Po
Stock Yield Enhancement Program Securities Lent Interest Details,Data,USD,2025-08-23,DXJ,2025-08-22,-20,2580,0.31,0.16,0.01,Po
Stock Yield Enhancement Program Securities Lent Interest Details,Data,USD,2025-08-24,DXJ,2025-08-22,-20,2580,0.31,0.16,0.01,Po
Stock Yield Enhancement Program Securities Lent Interest Details,Data,USD,2025-08-25,DXJ,2025-08-25,-20,2580,0.31,0.16,0.01,Po
Stock Yield Enhancement Program Securities Lent Interest Details,Data,USD,2025-08-25,TIP,2025-08-25,-29,3306,0.26,0.13,0.01,Po
Stock Yield Enhancement Program Securities Lent Interest Details,Data,USD,2025-08-26,DXJ,2025-08-26,-23,2967,0.32,0.16,0.02,Po
Stock Yield Enhancement Program Securities Lent Interest Details,Data,USD,2025-08-27,DXJ,2025-08-27,-23,2967,0.32,0.16,0.02,Po
Stock Yield Enhancement Program Securities Lent Interest Details,Data,USD,2025-08-28,DXJ,2025-08-28,-19,2432,0.31,0.16,0.01,Po
Stock Yield Enhancement Program Securities Lent Interest Details,Data,USD,2025-08-29,DXJ,2025-08-29,-20,2580,0.31,0.16,0.01,Po
Stock Yield Enhancement Program Securities Lent Interest Details,Data,USD,2025-08-30,DXJ,2025-08-29,-20,2580,0.31,0.16,0.01,Po
Stock Yield Enhancement Program Securities Lent Interest Details,Data,USD,2025-08-31,DXJ,2025-08-29,-20,2580,0.31,0.16,0.01,Po
Stock Yield Enhancement Program Securities Lent Interest Details,Data,USD,2025-09-01,DXJ,2025-09-01,-20,2540,0.31,0.16,0.01,Po
Stock Yield Enhancement Program Securities Lent Interest Details,Data,USD,2025-09-02,DXJ,2025-09-02,-21,2667,0.32,0.16,0.01,Po
Stock Yield Enhancement Program Securities Lent Interest Details,Data,USD,2025-09-03,DXJ,2025-09-03,-20,2580,0.31,0.16,0.01,Po
Stock Yield Enhancement Program Securities Lent Interest Details,Data,USD,2025-09-04,DXJ,2025-09-04,-21,2688,0.32,0.16,0.01,Po
Stock Yield Enhancement Program Securities Lent Interest Details,Data,USD,2025-09-05,DXJ,2025-09-05,-20,2600,0.3,0.15,0.01,Po
Stock Yield Enhancement Program Securities Lent Interest Details,Data,USD,2025-09-06,DXJ,2025-09-05,-20,2600,0.3,0.15,0.01,Po
Stock Yield Enhancement Program Securities Lent Interest Details,Data,USD,2025-09-07,DXJ,2025-09-05,-20,2600,0.3,0.15,0.01,Po
Stock Yield Enhancement Program Securities Lent Interest Details,Data,USD,2025-09-08,DXJ,2025-09-08,-24,3120,0.31,0.16,0.02,Po
Stock Yield Enhancement Program Securities Lent Interest Details,Data,USD,2025-09-08,TIP,2025-09-08,-33,3762,0.29,0.15,0.02,Po
Stock Yield Enhancement Program Securities Lent Interest Details,Data,USD,2025-09-09,DXJ,2025-09-09,-24,3192,0.31,0.16,0.02,Po
Stock Yield Enhancement Program Securities Lent Interest Details,Data,USD,2025-09-10,DXJ,2025-09-10,-24,3168,0.3,0.15,0.02,Po
Stock Yield Enhancement Program Securities Lent Interest Details,Data,USD,2025-09-11,DXJ,2025-09-11,-24,3144,0.31,0.16,0.02,Po
Stock Yield Enhancement Program Securities Lent Interest Details,Data,USD,2025-09-12,DXJ,2025-09-12,-24,3168,0.32,0.16,0.02,Po
Stock Yield Enhancement Program Securities Lent Interest Details,Data,USD,2025-09-13,DXJ,2025-09-12,-24,3168,0.32,0.16,0.02,Po
Stock Yield Enhancement Program Securities Lent Interest Details,Data,USD,2025-09-14,DXJ,2025-09-12,-24,3168,0.32,0.16,0.02,Po
Stock Yield Enhancement Program Securities Lent Interest Details,Data,USD,2025-09-15,DXJ,2025-09-15,-24,3168,0.32,0.16,0.02,Po
Stock Yield Enhancement Program Securities Lent Interest Details,Data,USD,2025-09-16,DXJ,2025-09-16,-17,2261,0.34,0.17,0.01,Po
Stock Yield Enhancement Program Securities Lent Interest Details,Data,USD,2025-09-17,DXJ,2025-09-17,-24,3168,0.57,0.29,0.03,Po
Stock Yield Enhancement Program Securities Lent Interest Details,Data,USD,2025-09-18,DXJ,2025-09-18,-19,2508,0.43,0.22,0.02,Po
Stock Yield Enhancement Program Securities Lent Interest Details,Data,USD,2025-09-19,DXJ,2025-09-19,-24,3192,0.53,0.27,0.03,Po
Stock Yield Enhancement Program Securities Lent Interest Details,Data,USD,2025-09-20,DXJ,2025-09-19,-24,3192,0.53,0.27,0.03,Po
Stock Yield Enhancement Program Securities Lent Interest Details,Data,USD,2025-09-21,DXJ,2025-09-19,-24,3192,0.53,0.27,0.03,Po
Stock Yield Enhancement Program Securities Lent Interest Details,Data,USD,2025-09-22,DXJ,2025-09-22,-23,3036,0.54,0.27,0.03,Po
Stock Yield Enhancement Program Securities Lent Interest Details,Data,USD,2025-09-23,DXJ,2025-09-23,-24,3192,0.6,0.3,0.03,Po
Stock Yield Enhancement Program Securities Lent Interest Details,Data,USD,2025-09-24,DXJ,2025-09-24,-14,1862,0.77,0.39,0.02,Po
Stock Yield Enhancement Program Securities Lent Interest Details,Data,USD,2025-09-25,DXJ,2025-09-25,-24,3192,1.56,0.78,0.07,Po
Stock Yield Enhancement Program Securities Lent Interest Details,Data,USD,2025-09-26,DXJ,2025-09-26,-23,3059,1.46,0.73,0.06,Po
Stock Yield Enhancement Program Securities Lent Interest Details,Data,USD,2025-09-27,DXJ,2025-09-26,-23,3059,1.46,0.73,0.06,Po
Stock Yield Enhancement Program Securities Lent Interest Details,Data,USD,2025-09-28,DXJ,2025-09-26,-23,3059,1.46,0.73,0.06,Po
Stock Yield Enhancement Program Securities Lent Interest Details,Data,USD,2025-09-29,DXJ,2025-09-29,-23,3059,1.5,0.75,0.07,Po
Stock Yield Enhancement Program Securities Lent Interest Details,Data,USD,2025-09-30,DXJ,2025-09-30,-22,2904,1.49,0.75,0.06,Po
Stock Yield Enhancement Program Securities Lent Interest Details,Data,USD,2025-10-08,DXJ,2025-10-08,-12,1632,1.73,0.87,0.04,Po
Stock Yield Enhancement Program Securities Lent Interest Details,Data,USD,2025-10-09,DXJ,2025-10-09,-19,2584,1.76,0.88,0.07,Po
Stock Yield Enhancement Program Securities Lent Interest Details,Data,USD,2025-10-10,DXJ,2025-10-10,-18,2448,1.8,0.9,0.06,Po
Stock Yield Enhancement Program Securities Lent Interest Details,Data,USD,2025-10-11,DXJ,2025-10-10,-18,2448,1.8,0.9,0.06,Po
Stock Yield Enhancement Program Securities Lent Interest Details,Data,USD,2025-10-12,DXJ,2025-10-10,-18,2448,1.8,0.9,0.06,Po
Stock Yield Enhancement Program Securities Lent Interest Details,Data,USD,2025-10-13,DXJ,2025-10-13,-18,2340,1.8,0.9,0.06,Po
Stock Yield Enhancement Program Securities Lent Interest Details,Data,USD,2025-10-14,DXJ,2025-10-14,-24,3168,1.83,0.92,0.08,Po
Stock Yield Enhancement Program Securities Lent Interest Details,Data,USD,2025-10-15,DXJ,2025-10-15,-24,3192,1.88,0.94,0.09,Po
Stock Yield Enhancement Program Securities Lent Interest Details,Data,USD,2025-10-16,DXJ,2025-10-16,-11,1474,1.75,0.88,0.04,Po
Stock Yield Enhancement Program Securities Lent Interest Details,Data,USD,2025-10-17,DXJ,2025-10-17,-8,1064,1.76,0.88,0.03,Po
Stock Yield Enhancement Program Securities Lent Interest Details,Data,USD,2025-10-18,DXJ,2025-10-17,-8,1064,1.76,0.88,0.03,Po
Stock Yield Enhancement Program Securities Lent Interest Details,Data,USD,2025-10-19,DXJ,2025-10-17,-8,1064,1.76,0.88,0.03,Po
Stock Yield Enhancement Program Securities Lent Interest Details,Data,USD,2025-10-20,DXJ,2025-10-20,-9,1206,1.76,0.88,0.03,Po
Stock Yield Enhancement Program Securities Lent Interest Details,Data,USD,2025-10-21,DXJ,2025-10-21,-9,1224,1.77,0.89,0.03,Po
Stock Yield Enhancement Program Securities Lent Interest Details,Data,USD,2025-10-22,DXJ,2025-10-22,-8,1088,1.76,0.88,0.03,Po
Stock Yield Enhancement Program Securities Lent Interest Details,Data,USD,2025-10-23,DXJ,2025-10-23,-9,1224,1.76,0.88,0.03,Po
Stock Yield Enhancement Program Securities Lent Interest Details,Data,USD,2025-10-24,DXJ,2025-10-24,-10,1370,1.76,0.88,0.04,Po
Stock Yield Enhancement Program Securities Lent Interest Details,Data,USD,2025-10-25,DXJ,2025-10-24,-10,1370,1.76,0.88,0.04,Po
Stock Yield Enhancement Program Securities Lent Interest Details,Data,USD,2025-10-26,DXJ,2025-10-24,-10,1370,1.76,0.88,0.04,Po
Stock Yield Enhancement Program Securities Lent Interest Details,Data,USD,2025-10-27,DXJ,2025-10-27,-9,1233,1.76,0.88,0.03,Po
Stock Yield Enhancement Program Securities Lent Interest Details,Data,USD,2025-10-28,DXJ,2025-10-28,-11,1529,1.82,0.91,0.04,Po
Stock Yield Enhancement Program Securities Lent Interest Details,Data,USD,2025-10-29,DXJ,2025-10-29,-9,1242,1.78,0.89,0.03,Po
Stock Yield Enhancement Program Securities Lent Interest Details,Data,USD,2025-10-30,DXJ,2025-10-30,-24,3288,2.23,1.12,0.1,Po
Stock Yield Enhancement Program Securities Lent Interest Details,Data,USD,2025-10-31,DXJ,2025-10-31,-24,3336,2.23,1.12,0.11,Po
Stock Yield Enhancement Program Securities Lent Interest Details,Data,USD,2025-11-01,DXJ,2025-10-31,-24,3336,2.23,1.12,0.11,Po
Stock Yield Enhancement Program Securities Lent Interest Details,Data,USD,2025-11-02,DXJ,2025-10-31,-24,3336,2.23,1.12,0.11,Po
Stock Yield Enhancement Program Securities Lent Interest Details,Data,USD,2025-11-03,DXJ,2025-11-03,-24,3336,2.23,1.12,0.11,Po
Stock Yield Enhancement Program Securities Lent Interest Details,Data,USD,2025-11-03,TIP,2025-11-03,-36,4104,0.21,0.11,0.01,Po
Stock Yield Enhancement Program Securities Lent Interest Details,Data,USD,2025-11-06,DXJ,2025-11-06,-19,2641,2.32,1.16,0.09,Po
Stock Yield Enhancement Program Securities Lent Interest Details,Data,USD,2025-11-10,DXJ,2025-11-10,-24,3336,1.82,0.91,0.09,Po
Stock Yield Enhancement Program Securities Lent Interest Details,Data,USD,2025-11-11,DXJ,2025-11-11,-24,3360,1.82,0.91,0.09,Po
Stock Yield Enhancement Program Securities Lent Interest Details,Data,USD,2025-11-12,DXJ,2025-11-12,-23,3220,1.82,0.91,0.08,Po
Stock Yield Enhancement Program Securities Lent Interest Details,Data,USD,2025-11-13,DXJ,2025-11-13,-21,2982,1.82,0.91,0.08,Po
Stock Yield Enhancement Program Securities Lent Interest Details,Data,USD,2025-11-14,DXJ,2025-11-14,-22,3102,1.82,0.91,0.08,Po
Stock Yield Enhancement Program Securities Lent Interest Details,Data,USD,2025-11-15,DXJ,2025-11-14,-22,3102,1.82,0.91,0.08,Po
Stock Yield Enhancement Program Securities Lent Interest Details,Data,USD,2025-11-16,DXJ,2025-11-14,-22,3102,1.82,0.91,0.08,Po
Stock Yield Enhancement Program Securities Lent Interest Details,Data,USD,2025-11-17,DXJ,2025-11-17,-23,3266,1.87,0.94,0.09,Po
Stock Yield Enhancement Program Securities Lent Interest Details,Data,USD,2025-11-18,DXJ,2025-11-18,-15,2115,1.84,0.92,0.06,Po
Stock Yield Enhancement Program Securities Lent Interest Details,Data,USD,2025-11-19,DXJ,2025-11-19,-11,1518,1.84,0.92,0.04,Po
Stock Yield Enhancement Program Securities Lent Interest Details,Data,USD,2025-11-21,DXJ,2025-11-21,-18,2484,1.72,0.86,0.06,Po
Stock Yield Enhancement Program Securities Lent Interest Details,Data,USD,2025-11-22,DXJ,2025-11-21,-18,2484,1.72,0.86,0.06,Po
Stock Yield Enhancement Program Securities Lent Interest Details,Data,USD,2025-11-23,DXJ,2025-11-21,-18,2484,1.72,0.86,0.06,Po
Stock Yield Enhancement Program Securities Lent Interest Details,Data,Total,,,,,,,,5.92,
Stock Yield Enhancement Program Securities Lent Fee Earned Details,Header,Currency,Value Date,Symbol,Start Date,Quantity,Collateral Amount,Market-based Rate (%),SYEP Rate on Customer Collateral (%),SYEP Fee Earned by Customer,Code
Stock Yield Enhancement Program Securities Lent Fee Earned Details,Data,EUR,2025-12-19,CNUA,2025-12-19,-8,1139.208,4.03,2.02,0.07,Po
Stock Yield Enhancement Program Securities Lent Fee Earned Details,Data,EUR,2025-12-20,CNUA,2025-12-19,-8,1139.208,4.03,2.02,0.07,Po
Stock Yield Enhancement Program Securities Lent Fee Earned Details,Data,EUR,2025-12-21,CNUA,2025-12-19,-8,1139.208,4.03,2.02,0.07,Po
Stock Yield Enhancement Program Securities Lent Fee Earned Details,Data,EUR,2025-12-22,CNUA,2025-12-22,-8,1144.92,3.82,1.91,0.06,Po
Stock Yield Enhancement Program Securities Lent Fee Earned Details,Data,EUR,2025-12-29,CNUA,2025-12-29,-4,577.248,2.33,1.17,0.02,Po
Stock Yield Enhancement Program Securities Lent Fee Earned Details,Data,Total,,,,,,,,0.29,
Stock Yield Enhancement Program Securities Lent Fee Earned Details,Data,Total in USD,,,,,,,,0.33988,
Stock Yield Enhancement Program Securities Lent Fee Earned Details,Data,HKD,2025-12-15,3069,2025-12-15,-416,6744.191996,5.33,2.67,0.5,Po
Stock Yield Enhancement Program Securities Lent Fee Earned Details,Data,HKD,2025-12-15,3069,2025-12-15,-38,616.056002,5.33,2.67,0.05,Po
Stock Yield Enhancement Program Securities Lent Fee Earned Details,Data,HKD,2025-12-16,3069,2025-12-16,-499,7759.699501,5.32,2.66,0.58,Po
Stock Yield Enhancement Program Securities Lent Fee Earned Details,Data,HKD,2025-12-17,3069,2025-12-17,-522,8035.145995,5.35,2.68,0.6,Po
Stock Yield Enhancement Program Securities Lent Fee Earned Details,Data,HKD,2025-12-18,3069,2025-12-18,-534,8264.717997,5.61,2.81,0.65,Po
Stock Yield Enhancement Program Securities Lent Fee Earned Details,Data,HKD,2025-12-19,3069,2025-12-19,-501,7785.54,5.67,2.84,0.62,Po
Stock Yield Enhancement Program Securities Lent Fee Earned Details,Data,HKD,2025-12-20,3069,2025-12-19,-501,7785.54,5.67,2.84,0.62,Po
Stock Yield Enhancement Program Securities Lent Fee Earned Details,Data,HKD,2025-12-21,3069,2025-12-19,-501,7785.54,5.67,2.84,0.62,Po
Stock Yield Enhancement Program Securities Lent Fee Earned Details,Data,HKD,2025-12-22,3069,2025-12-22,-432,6831.216007,5.32,2.66,0.51,Po
Stock Yield Enhancement Program Securities Lent Fee Earned Details,Data,HKD,2025-12-23,3069,2025-12-23,-336,5292,4.79,2.4,0.35,Po
Stock Yield Enhancement Program Securities Lent Fee Earned Details,Data,HKD,2025-12-24,3069,2025-12-24,-316,4927.230004,5.53,2.77,0.38,Po
Stock Yield Enhancement Program Securities Lent Fee Earned Details,Data,HKD,2025-12-25,3069,2025-12-25,-337,5254.672503,5.53,2.77,0.41,Po
Stock Yield Enhancement Program Securities Lent Fee Earned Details,Data,HKD,2025-12-26,3069,2025-12-26,-337,5254.672497,5.53,2.77,0.41,Po
Stock Yield Enhancement Program Securities Lent Fee Earned Details,Data,HKD,2025-12-27,3069,2025-12-26,-337,5254.672497,5.53,2.77,0.41,Po
Stock Yield Enhancement Program Securities Lent Fee Earned Details,Data,HKD,2025-12-28,3069,2025-12-26,-337,5254.672497,5.53,2.77,0.41,Po
Stock Yield Enhancement Program Securities Lent Fee Earned Details,Data,HKD,2025-12-29,3069,2025-12-29,-348,5393.303995,5.45,2.73,0.41,Po
Stock Yield Enhancement Program Securities Lent Fee Earned Details,Data,HKD,2025-12-30,3069,2025-12-30,-383,5847.261005,2.35,1.18,0.19,Po
Stock Yield Enhancement Program Securities Lent Fee Earned Details,Data,HKD,2025-12-31,3069,2025-12-31,-390,5933.654999,2.82,1.41,0.23,Po
Stock Yield Enhancement Program Securities Lent Fee Earned Details,Data,HKD,2026-01-01,3069,2026-01-01,-382,5811.939004,5.51,2.76,0.45,Po
Stock Yield Enhancement Program Securities Lent Fee Earned Details,Data,HKD,2026-01-02,3069,2026-01-02,-121,1823.1675,5.66,2.83,0.15,Po
Stock Yield Enhancement Program Securities Lent Fee Earned Details,Data,HKD,2026-01-02,3069,2026-01-02,-383,5770.852507,5.66,2.83,0.46,Po
Stock Yield Enhancement Program Securities Lent Fee Earned Details,Data,HKD,2026-01-03,3069,2026-01-02,-121,1823.1675,5.66,2.83,0.15,Po
Stock Yield Enhancement Program Securities Lent Fee Earned Details,Data,HKD,2026-01-03,3069,2026-01-02,-383,5770.852507,5.66,2.83,0.46,Po
Stock Yield Enhancement Program Securities Lent Fee Earned Details,Data,HKD,2026-01-04,3069,2026-01-02,-121,1823.1675,5.66,2.83,0.15,Po
Stock Yield Enhancement Program Securities Lent Fee Earned Details,Data,HKD,2026-01-04,3069,2026-01-02,-383,5770.852507,5.66,2.83,0.46,Po
Stock Yield Enhancement Program Securities Lent Fee Earned Details,Data,HKD,2026-01-05,3069,2026-01-05,-491,7521.874499,5.63,2.82,0.59,Po
Stock Yield Enhancement Program Securities Lent Fee Earned Details,Data,HKD,2026-01-06,3069,2026-01-06,-473,7539.146994,5.39,2.7,0.57,Po
Stock Yield Enhancement Program Securities Lent Fee Earned Details,Data,HKD,2026-01-07,3069,2026-01-07,-497,8026.052997,5.81,2.91,0.65,Po
Stock Yield Enhancement Program Securities Lent Fee Earned Details,Data,HKD,2026-01-08,3069,2026-01-08,-483,8129.614503,5.57,2.79,0.63,Po
Stock Yield Enhancement Program Securities Lent Fee Earned Details,Data,HKD,2026-01-09,3069,2026-01-09,-433,7283.493,5.63,2.82,0.57,Po
Stock Yield Enhancement Program Securities Lent Fee Earned Details,Data,HKD,2026-01-10,3069,2026-01-09,-433,7283.493,5.63,2.82,0.57,Po
Stock Yield Enhancement Program Securities Lent Fee Earned Details,Data,HKD,2026-01-11,3069,2026-01-09,-433,7283.493,5.63,2.82,0.57,Po
Stock Yield Enhancement Program Securities Lent Fee Earned Details,Data,HKD,2026-01-12,3069,2026-01-12,-546,9281.726998,5.63,2.82,0.73,Po
Stock Yield Enhancement Program Securities Lent Fee Earned Details,Data,HKD,2026-01-13,3069,2026-01-13,-504,8647.128,5.68,2.84,0.68,Po
Stock Yield Enhancement Program Securities Lent Fee Earned Details,Data,HKD,2026-01-14,3069,2026-01-14,-508,8881.110004,4.74,2.37,0.59,Po
Stock Yield Enhancement Program Securities Lent Fee Earned Details,Data,HKD,2026-01-15,3069,2026-01-15,-475,8473.762498,4.83,2.42,0.57,Po
Stock Yield Enhancement Program Securities Lent Fee Earned Details,Data,HKD,2026-01-16,3069,2026-01-16,-592,10349.640004,4.7,2.35,0.68,Po
Stock Yield Enhancement Program Securities Lent Fee Earned Details,Data,HKD,2026-01-17,3069,2026-01-16,-592,10349.640004,4.7,2.35,0.68,Po
Stock Yield Enhancement Program Securities Lent Fee Earned Details,Data,HKD,2026-01-18,3069,2026-01-16,-592,10349.640004,4.7,2.35,0.68,Po
Stock Yield Enhancement Program Securities Lent Fee Earned Details,Data,HKD,2026-01-19,3069,2026-01-19,-523,9060.974992,5.48,2.74,0.69,Po
Stock Yield Enhancement Program Securities Lent Fee Earned Details,Data,HKD,2026-01-20,3069,2026-01-20,-505,8499.907494,5.6,2.8,0.66,Po
Stock Yield Enhancement Program Securities Lent Fee Earned Details,Data,HKD,2026-01-21,3069,2026-01-21,-501,8369.455496,5.28,2.64,0.62,Po
Stock Yield Enhancement Program Securities Lent Fee Earned Details,Data,HKD,2026-01-22,3069,2026-01-22,-549,9257.786995,5.36,2.68,0.69,Po
Stock Yield Enhancement Program Securities Lent Fee Earned Details,Data,HKD,2026-01-23,3069,2026-01-23,-387,6444.711004,5.67,2.84,0.51,Po
Stock Yield Enhancement Program Securities Lent Fee Earned Details,Data,HKD,2026-01-24,3069,2026-01-23,-387,6444.711004,5.67,2.84,0.51,Po
Stock Yield Enhancement Program Securities Lent Fee Earned Details,Data,HKD,2026-01-25,3069,2026-01-23,-387,6444.711004,5.67,2.84,0.51,Po
Stock Yield Enhancement Program Securities Lent Fee Earned Details,Data,HKD,2026-01-26,3069,2026-01-26,-333,5622.372003,5.45,2.73,0.43,Po
Stock Yield Enhancement Program Securities Lent Fee Earned Details,Data,HKD,2026-01-27,3069,2026-01-27,-306,5063.687995,5.62,2.81,0.4,Po
Stock Yield Enhancement Program Securities Lent Fee Earned Details,Data,HKD,2026-01-28,3069,2026-01-28,-315,5232.464997,5.68,2.84,0.42,Po
Stock Yield Enhancement Program Securities Lent Fee Earned Details,Data,HKD,2026-01-29,3069,2026-01-29,-320,5396.160004,5.01,2.51,0.38,Po
Stock Yield Enhancement Program Securities Lent Fee Earned Details,Data,HKD,2026-01-30,3069,2026-01-30,-262,4396.098005,5.44,2.72,0.33,Po
Stock Yield Enhancement Program Securities Lent Fee Earned Details,Data,HKD,2026-01-31,3069,2026-01-30,-262,4396.098005,5.44,2.72,0.33,Po
Stock Yield Enhancement Program Securities Lent Fee Earned Details,Data,HKD,2026-02-01,3069,2026-01-30,-262,4396.098005,5.44,2.72,0.33,Po
Stock Yield Enhancement Program Securities Lent Fee Earned Details,Data,HKD,2026-02-02,3069,2026-02-02,-234,3820.634996,5.38,2.69,0.29,Po
Stock Yield Enhancement Program Securities Lent Fee Earned Details,Data,HKD,2026-02-02,3069,2026-02-02,-27,440.842497,5.38,2.69,0.04,Po
Stock Yield Enhancement Program Securities Lent Fee Earned Details,Data,HKD,2026-02-03,3069,2026-02-03,-266,4175.535,5.71,2.86,0.33,Po
Stock Yield Enhancement Program Securities Lent Fee Earned Details,Data,HKD,2026-02-04,3069,2026-02-04,-255,4077.832495,5.63,2.82,0.32,Po
Stock Yield Enhancement Program Securities Lent Fee Earned Details,Data,HKD,2026-02-05,3069,2026-02-05,-255,4099.252501,5.49,2.75,0.32,Po
Stock Yield Enhancement Program Securities Lent Fee Earned Details,Data,HKD,2026-02-06,3069,2026-02-06,-254,4093.845,5.56,2.78,0.32,Po
Stock Yield Enhancement Program Securities Lent Fee Earned Details,Data,HKD,2026-02-06,3069,2026-02-06,-3,48.352492,5.56,2.78,0.01,Po
Stock Yield Enhancement Program Securities Lent Fee Earned Details,Data,HKD,2026-02-07,3069,2026-02-06,-254,4093.845,5.56,2.78,0.32,Po
Stock Yield Enhancement Program Securities Lent Fee Earned Details,Data,HKD,2026-02-07,3069,2026-02-06,-3,48.352492,5.56,2.78,0.01,Po
Stock Yield Enhancement Program Securities Lent Fee Earned Details,Data,HKD,2026-02-08,3069,2026-02-06,-254,4093.845,5.56,2.78,0.32,Po
Stock Yield Enhancement Program Securities Lent Fee Earned Details,Data,HKD,2026-02-08,3069,2026-02-06,-3,48.352492,5.56,2.78,0.01,Po
Stock Yield Enhancement Program Securities Lent Fee Earned Details,Data,HKD,2026-02-09,3069,2026-02-09,-303,4880.421004,5.72,2.86,0.39,Po
Stock Yield Enhancement Program Securities Lent Fee Earned Details,Data,HKD,2026-02-10,3069,2026-02-10,-322,5294.646006,5.76,2.88,0.43,Po
Stock Yield Enhancement Program Securities Lent Fee Earned Details,Data,HKD,2026-02-11,3069,2026-02-11,-282,4767.210007,5.63,2.82,0.38,Po
Stock Yield Enhancement Program Securities Lent Fee Earned Details,Data,HKD,2026-02-12,3069,2026-02-12,-290,4926.810001,5.18,2.59,0.36,Po
Stock Yield Enhancement Program Securities Lent Fee Earned Details,Data,HKD,2026-02-13,3069,2026-02-13,-206,3454.311003,5.09,2.55,0.25,Po
Stock Yield Enhancement Program Securities Lent Fee Earned Details,Data,HKD,2026-02-14,3069,2026-02-13,-206,3454.311003,5.09,2.55,0.25,Po
Stock Yield Enhancement Program Securities Lent Fee Earned Details,Data,HKD,2026-02-15,3069,2026-02-13,-206,3454.311003,5.09,2.55,0.25,Po
Stock Yield Enhancement Program Securities Lent Fee Earned Details,Data,HKD,2026-02-16,3069,2026-02-16,-193,3228.214501,5.6,2.8,0.25,Po
Stock Yield Enhancement Program Securities Lent Fee Earned Details,Data,HKD,2026-02-17,3069,2026-02-17,-193,3228.214501,5.6,2.8,0.25,Po
Stock Yield Enhancement Program Securities Lent Fee Earned Details,Data,HKD,2026-02-18,3069,2026-02-18,-192,3211.488,5.6,2.8,0.25,Po
Stock Yield Enhancement Program Securities Lent Fee Earned Details,Data,HKD,2026-02-19,3069,2026-02-19,-195,3261.667504,5.6,2.8,0.26,Po
Stock Yield Enhancement Program Securities Lent Fee Earned Details,Data,HKD,2026-02-20,3069,2026-02-20,-196,3278.394006,5.67,2.84,0.26,Po
Stock Yield Enhancement Program Securities Lent Fee Earned Details,Data,HKD,2026-02-20,3069,2026-02-20,-22,367.983006,5.67,2.84,0.03,Po
Stock Yield Enhancement Program Securities Lent Fee Earned Details,Data,HKD,2026-02-20,3069,2026-02-20,-2,33.453007,5.67,2.84,0.01,Po
Stock Yield Enhancement Program Securities Lent Fee Earned Details,Data,HKD,2026-02-21,3069,2026-02-20,-196,3278.394006,5.67,2.84,0.26,Po
Stock Yield Enhancement Program Securities Lent Fee Earned Details,Data,HKD,2026-02-21,3069,2026-02-20,-22,367.983006,5.67,2.84,0.03,Po
Stock Yield Enhancement Program Securities Lent Fee Earned Details,Data,HKD,2026-02-21,3069,2026-02-20,-2,33.453007,5.67,2.84,0.01,Po
Stock Yield Enhancement Program Securities Lent Fee Earned Details,Data,HKD,2026-02-22,3069,2026-02-20,-196,3278.394006,5.67,2.84,0.26,Po
Stock Yield Enhancement Program Securities Lent Fee Earned Details,Data,HKD,2026-02-22,3069,2026-02-20,-22,367.983006,5.67,2.84,0.03,Po
Stock Yield Enhancement Program Securities Lent Fee Earned Details,Data,HKD,2026-02-22,3069,2026-02-20,-2,33.453007,5.67,2.84,0.01,Po
Stock Yield Enhancement Program Securities Lent Fee Earned Details,Data,HKD,2026-02-23,3069,2026-02-23,-197,3332.353496,5.68,2.84,0.27,Po
Stock Yield Enhancement Program Securities Lent Fee Earned Details,Data,HKD,2026-02-23,3069,2026-02-23,-19,321.394494,5.68,2.84,0.03,Po
Stock Yield Enhancement Program Securities Lent Fee Earned Details,Data,HKD,2026-02-24,3069,2026-02-24,-216,3705.912004,5.38,2.69,0.28,Po
Stock Yield Enhancement Program Securities Lent Fee Earned Details,Data,HKD,2026-02-25,3069,2026-02-25,-201,3355.695007,5.55,2.78,0.26,Po
Stock Yield Enhancement Program Securities Lent Fee Earned Details,Data,HKD,2026-02-26,3069,2026-02-26,-201,3334.59,5.08,2.54,0.24,Po
Stock Yield Enhancement Program Securities Lent Fee Earned Details,Data,HKD,2026-02-27,3069,2026-02-27,-205,3222.292506,5.69,2.85,0.26,Po
Stock Yield Enhancement Program Securities Lent Fee Earned Details,Data,HKD,2026-02-28,3069,2026-02-27,-205,3222.292506,5.69,2.85,0.26,Po
Stock Yield Enhancement Program Securities Lent Fee Earned Details,Data,HKD,2026-03-01,3069,2026-02-27,-205,3222.292506,5.69,2.85,0.26,Po
Stock Yield Enhancement Program Securities Lent Fee Earned Details,Data,HKD,2026-03-02,3069,2026-03-02,-297,4740.12,5.44,2.72,0.36,Po
Stock Yield Enhancement Program Securities Lent Fee Earned Details,Data,HKD,2026-03-03,3069,2026-03-03,-306,4742.387994,5.39,2.7,0.36,Po
Stock Yield Enhancement Program Securities Lent Fee Earned Details,Data,HKD,2026-03-04,3069,2026-03-04,-299,4458.09,5.45,2.73,0.34,Po
Stock Yield Enhancement Program Securities Lent Fee Earned Details,Data,HKD,2026-03-05,3069,2026-03-05,-291,4219.645503,5.76,2.88,0.34,Po
Stock Yield Enhancement Program Securities Lent Fee Earned Details,Data,HKD,2026-03-06,3069,2026-03-06,-172,2564.52,5.77,2.89,0.21,Po
Stock Yield Enhancement Program Securities Lent Fee Earned Details,Data,HKD,2026-03-07,3069,2026-03-06,-172,2564.52,5.77,2.89,0.21,Po
Stock Yield Enhancement Program Securities Lent Fee Earned Details,Data,HKD,2026-03-08,3069,2026-03-06,-172,2564.52,5.77,2.89,0.21,Po
Stock Yield Enhancement Program Securities Lent Fee Earned Details,Data,HKD,2026-03-09,3069,2026-03-09,-94,1442.994001,5.36,2.68,0.11,Po
Stock Yield Enhancement Program Securities Lent Fee Earned Details,Data,HKD,2026-03-10,3069,2026-03-10,-86,1291.290007,5.86,2.93,0.11,Po
Stock Yield Enhancement Program Securities Lent Fee Earned Details,Data,HKD,2026-03-11,3069,2026-03-11,-85,1334.287503,5.5,2.75,0.1,Po
Stock Yield Enhancement Program Securities Lent Fee Earned Details,Data,HKD,2026-03-12,3069,2026-03-12,-84,1293.893997,5.49,2.75,0.1,Po
Stock Yield Enhancement Program Securities Lent Fee Earned Details,Data,HKD,2026-03-13,3069,2026-03-13,-139,2098.761007,5.48,2.74,0.16,Po
Stock Yield Enhancement Program Securities Lent Fee Earned Details,Data,HKD,2026-03-13,3069,2026-03-13,-3,45.296996,5.48,2.74,0.01,Po
Stock Yield Enhancement Program Securities Lent Fee Earned Details,Data,HKD,2026-03-14,3069,2026-03-13,-139,2098.761007,5.48,2.74,0.16,Po
Stock Yield Enhancement Program Securities Lent Fee Earned Details,Data,HKD,2026-03-14,3069,2026-03-13,-3,45.296996,5.48,2.74,0.01,Po
Stock Yield Enhancement Program Securities Lent Fee Earned Details,Data,HKD,2026-03-15,3069,2026-03-13,-139,2098.761007,5.48,2.74,0.16,Po
Stock Yield Enhancement Program Securities Lent Fee Earned Details,Data,HKD,2026-03-15,3069,2026-03-13,-3,45.296996,5.48,2.74,0.01,Po
Stock Yield Enhancement Program Securities Lent Fee Earned Details,Data,HKD,2026-03-16,3069,2026-03-16,-154,2273.501994,5.76,2.88,0.18,Po
Stock Yield Enhancement Program Securities Lent Fee Earned Details,Data,HKD,2026-03-17,3069,2026-03-17,-163,2474.829007,5.62,2.81,0.2,Po
Stock Yield Enhancement Program Securities Lent Fee Earned Details,Data,HKD,2026-03-18,3069,2026-03-18,-170,2591.82,5.7,2.85,0.21,Po
Stock Yield Enhancement Program Securities Lent Fee Earned Details,Data,HKD,2026-03-19,3069,2026-03-19,-197,3057.243005,5.42,2.71,0.23,Po
Stock Yield Enhancement Program Securities Lent Fee Earned Details,Data,HKD,2026-03-20,3069,2026-03-20,-173,2597.595,5.52,2.76,0.2,Po
Stock Yield Enhancement Program Securities Lent Fee Earned Details,Data,HKD,2026-03-21,3069,2026-03-20,-173,2597.595,5.52,2.76,0.2,Po
Stock Yield Enhancement Program Securities Lent Fee Earned Details,Data,HKD,2026-03-22,3069,2026-03-20,-173,2597.595,5.52,2.76,0.2,Po
Stock Yield Enhancement Program Securities Lent Fee Earned Details,Data,HKD,2026-03-23,3069,2026-03-23,-435,6435.607504,5.37,2.69,0.48,Po
Stock Yield Enhancement Program Securities Lent Fee Earned Details,Data,HKD,2026-03-24,3069,2026-03-24,-468,6643.727996,5.85,2.93,0.54,Po
Stock Yield Enhancement Program Securities Lent Fee Earned Details,Data,HKD,2026-03-25,3069,2026-03-25,-490,7264.740004,5.6,2.8,0.57,Po
Stock Yield Enhancement Program Securities Lent Fee Earned Details,Data,HKD,2026-03-26,3069,2026-03-26,-476,7057.175996,5.4,2.7,0.53,Po
Stock Yield Enhancement Program Securities Lent Fee Earned Details,Data,HKD,2026-03-27,3069,2026-03-27,-475,6917.662496,5.92,2.96,0.57,Po
Stock Yield Enhancement Program Securities Lent Fee Earned Details,Data,HKD,2026-03-28,3069,2026-03-27,-475,6917.662496,5.92,2.96,0.57,Po
Stock Yield Enhancement Program Securities Lent Fee Earned Details,Data,HKD,2026-03-29,3069,2026-03-27,-475,6917.662496,5.92,2.96,0.57,Po
Stock Yield Enhancement Program Securities Lent Fee Earned Details,Data,Total,,,,,,,,42.38,
Stock Yield Enhancement Program Securities Lent Fee Earned Details,Data,Total in USD,,,,,,,,5.4264373,
Stock Yield Enhancement Program Securities Lent Fee Earned Details,Data,JPY,2025-12-19,4568.T,2025-12-19,-51,178910.55,1.48,0.74,4,Po
Stock Yield Enhancement Program Securities Lent Fee Earned Details,Data,JPY,2025-12-20,4568.T,2025-12-19,-51,178910.55,1.48,0.74,4,Po
Stock Yield Enhancement Program Securities Lent Fee Earned Details,Data,JPY,2025-12-21,4568.T,2025-12-19,-51,178910.55,1.48,0.74,4,Po
Stock Yield Enhancement Program Securities Lent Fee Earned Details,Data,Total,,,,,,,,12,
Stock Yield Enhancement Program Securities Lent Fee Earned Details,Data,Total in USD,,,,,,,,0.0765072,
Stock Yield Enhancement Program Securities Lent Fee Earned Details,Data,USD,2025-12-10,DXJ,2025-12-10,-8,1160,1.59,0.8,0.03,Po
Stock Yield Enhancement Program Securities Lent Fee Earned Details,Data,USD,2025-12-11,DXJ,2025-12-11,-4,584,1.55,0.78,0.02,Po
Stock Yield Enhancement Program Securities Lent Fee Earned Details,Data,USD,2025-12-16,DXJ,2025-12-16,-10,1480,1.6,0.8,0.04,Po
Stock Yield Enhancement Program Securities Lent Fee Earned Details,Data,USD,2025-12-17,DXJ,2025-12-17,-21,3066,1.66,0.83,0.07,Po
Stock Yield Enhancement Program Securities Lent Fee Earned Details,Data,USD,2025-12-18,DXJ,2025-12-18,-11,1595,1.59,0.8,0.04,Po
Stock Yield Enhancement Program Securities Lent Fee Earned Details,Data,USD,2025-12-19,DXJ,2025-12-19,-4,580,1.57,0.79,0.02,Po
Stock Yield Enhancement Program Securities Lent Fee Earned Details,Data,USD,2025-12-20,DXJ,2025-12-19,-4,580,1.57,0.79,0.02,Po
Stock Yield Enhancement Program Securities Lent Fee Earned Details,Data,USD,2025-12-21,DXJ,2025-12-19,-4,580,1.57,0.79,0.02,Po
Stock Yield Enhancement Program Securities Lent Fee Earned Details,Data,USD,2025-12-22,DXJ,2025-12-22,-15,2220,1.62,0.81,0.05,Po
Stock Yield Enhancement Program Securities Lent Fee Earned Details,Data,USD,2025-12-23,DXJ,2025-12-23,-24,3528,1.62,0.81,0.08,Po
Stock Yield Enhancement Program Securities Lent Fee Earned Details,Data,USD,2025-12-24,DXJ,2025-12-24,-12,1776,1.64,0.82,0.04,Po
Stock Yield Enhancement Program Securities Lent Fee Earned Details,Data,USD,2025-12-25,DXJ,2025-12-25,-13,1911,1.64,0.82,0.05,Po
Stock Yield Enhancement Program Securities Lent Fee Earned Details,Data,USD,2025-12-26,DXJ,2025-12-26,-14,2058,1.65,0.83,0.05,Po
Stock Yield Enhancement Program Securities Lent Fee Earned Details,Data,USD,2025-12-27,DXJ,2025-12-26,-14,2058,1.65,0.83,0.05,Po
Stock Yield Enhancement Program Securities Lent Fee Earned Details,Data,USD,2025-12-28,DXJ,2025-12-26,-14,2058,1.65,0.83,0.05,Po
Stock Yield Enhancement Program Securities Lent Fee Earned Details,Data,USD,2025-12-29,DXJ,2025-12-29,-5,735,1.62,0.81,0.02,Po
Stock Yield Enhancement Program Securities Lent Fee Earned Details,Data,USD,2026-01-02,EMXC,2026-01-02,-75,5625,0.1,0.05,0.01,Po
Stock Yield Enhancement Program Securities Lent Fee Earned Details,Data,USD,2026-01-03,EMXC,2026-01-02,-75,5625,0.1,0.05,0.01,Po
Stock Yield Enhancement Program Securities Lent Fee Earned Details,Data,USD,2026-01-04,EMXC,2026-01-02,-75,5625,0.1,0.05,0.01,Po
Stock Yield Enhancement Program Securities Lent Fee Earned Details,Data,USD,2026-01-05,TIP,2026-01-05,-35,3955,0.29,0.15,0.02,Po
Stock Yield Enhancement Program Securities Lent Fee Earned Details,Data,USD,2026-01-06,TIP,2026-01-06,-36,4068,0.28,0.14,0.02,Po
Stock Yield Enhancement Program Securities Lent Fee Earned Details,Data,USD,2026-01-07,DXJ,2026-01-07,-24,3624,1.58,0.79,0.08,Po
Stock Yield Enhancement Program Securities Lent Fee Earned Details,Data,USD,2026-01-08,DXJ,2026-01-08,-24,3624,1.58,0.79,0.08,Po
Stock Yield Enhancement Program Securities Lent Fee Earned Details,Data,USD,2026-01-09,DXJ,2026-01-09,-24,3648,1.58,0.79,0.08,Po
Stock Yield Enhancement Program Securities Lent Fee Earned Details,Data,USD,2026-01-10,DXJ,2026-01-09,-24,3648,1.58,0.79,0.08,Po
Stock Yield Enhancement Program Securities Lent Fee Earned Details,Data,USD,2026-01-11,DXJ,2026-01-09,-24,3648,1.58,0.79,0.08,Po
Stock Yield Enhancement Program Securities Lent Fee Earned Details,Data,USD,2026-01-15,DXJ,2026-01-15,-23,3634,1.36,0.68,0.07,Po
Stock Yield Enhancement Program Securities Lent Fee Earned Details,Data,USD,2026-01-21,DXJ,2026-01-21,-12,1872,1.35,0.68,0.04,Po
Stock Yield Enhancement Program Securities Lent Fee Earned Details,Data,USD,2026-01-26,TIP,2026-01-26,-39,4407,0.18,0.09,0.01,Po
Stock Yield Enhancement Program Securities Lent Fee Earned Details,Data,USD,2026-02-05,DXJ,2026-02-05,-11,1804,1.4,0.7,0.04,Po
Stock Yield Enhancement Program Securities Lent Fee Earned Details,Data,USD,2026-02-06,DXJ,2026-02-06,-23,3726,1.47,0.74,0.08,Po
Stock Yield Enhancement Program Securities Lent Fee Earned Details,Data,USD,2026-02-07,DXJ,2026-02-06,-23,3726,1.47,0.74,0.08,Po
Stock Yield Enhancement Program Securities Lent Fee Earned Details,Data,USD,2026-02-08,DXJ,2026-02-06,-23,3726,1.47,0.74,0.08,Po
Stock Yield Enhancement Program Securities Lent Fee Earned Details,Data,USD,2026-02-09,DXJ,2026-02-09,-20,3340,1.48,0.74,0.07,Po
Stock Yield Enhancement Program Securities Lent Fee Earned Details,Data,USD,2026-02-10,DXJ,2026-02-10,-4,676,1.41,0.71,0.02,Po
Stock Yield Enhancement Program Securities Lent Fee Earned Details,Data,USD,2026-02-18,EMXC,2026-02-18,-39,3354,0.22,0.11,0.01,Po
Stock Yield Enhancement Program Securities Lent Fee Earned Details,Data,USD,2026-02-23,TIP,2026-02-23,-39,4446,0.19,0.1,0.01,Po
Stock Yield Enhancement Program Securities Lent Fee Earned Details,Data,USD,2026-02-25,EMXC,2026-02-25,-73,6497,0.21,0.11,0.02,Po
Stock Yield Enhancement Program Securities Lent Fee Earned Details,Data,Total,,,,,,,,1.65,
Financial Instrument Information,Header,Asset Category,Symbol,Description,Conid,Security ID,Underlying,Listing Exch,Multiplier,Type,Code
Financial Instrument Information,Data,Stocks,1810,XIAOMI CORP-CLASS B,323608988,KYG9830T1067,1810,SEHK,1,COMMON,
Financial Instrument Information,Data,Stocks,2914.T,JAPAN TOBACCO INC,13905344,JP3726800000,2914,TSEJ,1,COMMON,
Financial Instrument Information,Data,Stocks,3069,CHINAAMC HS BIOTECH,476977359,HK0000711199,3069,SEHK,1,ETF,
Financial Instrument Information,Data,Stocks,3110,GLOBAL X HS HIGH DIV YIE,129227990,HK0000151933,3110,SEHK,1,ETF,
Financial Instrument Information,Data,Stocks,3416,GLOBAL X HSCEI COVERED C,687069442,HK0000978954,3416,SEHK,1,ETF,
Financial Instrument Information,Data,Stocks,4568.T,DAIICHI SANKYO CO LTD,35928149,JP3475350009,4568,TSEJ,1,COMMON,
Financial Instrument Information,Data,Stocks,7203.T,TOYOTA MOTOR CORP,13905804,JP3633400001,7203,TSEJ,1,COMMON,
Financial Instrument Information,Data,Stocks,AEP,AMERICAN ELECTRIC POWER,4211,US0255371017,AEP,NASDAQ,1,COMMON,
Financial Instrument Information,Data,Stocks,ASML,ASML HOLDING NV-NY REG SHS,117902840,USN070592100,ASML,NASDAQ,1,NY REG SHRS,
Financial Instrument Information,Data,Stocks,AVGO,BROADCOM INC,313130367,US11135F1012,AVGO,NASDAQ,1,COMMON,
Financial Instrument Information,Data,Stocks,AXP,AMERICAN EXPRESS CO,4721,US0258161092,AXP,NYSE,1,COMMON,
Financial Instrument Information,Data,Stocks,BAC,BANK OF AMERICA CORP,10098,US0605051046,BAC,NYSE,1,COMMON,
Financial Instrument Information,Data,Stocks,BLBD,BLUE BIRD CORP,185200225,US0953061068,BLBD,NASDAQ,1,COMMON,
Financial Instrument Information,Data,Stocks,BNO,UNITED STATES BRENT OIL FUND,75961365,US91167Q1004,BNO,ARCA,1,ETF,
Financial Instrument Information,Data,Stocks,BX,BLACKSTONE INC,372834689,US09260D1072,BX,NYSE,1,COMMON,
Financial Instrument Information,Data,Stocks,CAT,CATERPILLAR INC,5437,US1491231015,CAT,NYSE,1,COMMON,
Financial Instrument Information,Data,Stocks,CNUA,UBS ETF MSCI CHINA A USD ACC,404791387,IE00BKFB6K94,CNUA,IBIS,1,ETF,
Financial Instrument Information,Data,Stocks,CSCO,CISCO SYSTEMS INC,268084,US17275R1023,CSCO,NASDAQ,1,COMMON,
Financial Instrument Information,Data,Stocks,DXJ,WISDOMTREE JAPAN HEDGED EQ,39832875,US97717W8516,DXJ,ARCA,1,ETF,
Financial Instrument Information,Data,Stocks,EMXC,ISHARES MSCI EMR MRK EX CHNA,282856694,US46434G7640,EMXC,NASDAQ,1,ETF,
Financial Instrument Information,Data,Stocks,GE,GENERAL ELECTRIC,498843743,US3696043013,GE,NYSE,1,COMMON,
Financial Instrument Information,Data,Stocks,GLD,SPDR GOLD SHARES,51529211,US78463V1070,GLD,ARCA,1,ETF,
Financial Instrument Information,Data,Stocks,IBM,INTL BUSINESS MACHINES CORP,8314,US4592001014,IBM,NYSE,1,COMMON,
Financial Instrument Information,Data,Stocks,LLY,ELI LILLY & CO,9160,US5324571083,LLY,NYSE,1,COMMON,
Financial Instrument Information,Data,Stocks,LRCX,LAM RESEARCH CORP,732440574,US5128073062,LRCX,NASDAQ,1,COMMON,
Financial Instrument Information,Data,Stocks,MSFT,MICROSOFT CORP,272093,US5949181045,MSFT,NASDAQ,1,COMMON,
Financial Instrument Information,Data,Stocks,NFLX,NETFLIX INC,15124833,US64110L1061,NFLX,NASDAQ,1,COMMON,
Financial Instrument Information,Data,Stocks,NOVd,NOVO NORDISK A/S-B,652806388,DK0062498333,NOV,IBIS,1,COMMON,
Financial Instrument Information,Data,Stocks,ORCL,ORACLE CORP,272800,US68389X1054,ORCL,NYSE,1,COMMON,
Financial Instrument Information,Data,Stocks,"SHELL, R6C0d",SHELL PLC,541411967,GB00BP6MXD84,SHELL,AEB,1,COMMON,
Financial Instrument Information,Data,Stocks,SHELL.DDR,SHELL PLC - DIVIDEND RIGHTS,855707034,NL0015073VB0,SHELL.DDR,CORPACT,1,RIGHT,
Financial Instrument Information,Data,Stocks,SHELL.DRS,SHELL PLC - DIVIDEND RIGHTS,806536925,NL0015002L33,SHELL.DRS,CORPACT,1,RIGHT,
Financial Instrument Information,Data,Stocks,SHELL.DVD,SHELL PLC - DIVIDEND RIGHTS,784210270,NL0015002HW4,SHELL.DVD,CORPACT,1,RIGHT,
Financial Instrument Information,Data,Stocks,SHELL1.DI,SHELL PLC - DIVIDEND RIGHTS,830625049,NL0015002SG4,SHELL1.DI,CORPACT,1,RIGHT,
Financial Instrument Information,Data,Stocks,SHOP,SHOPIFY INC - CLASS A,195014116,CA82509L1076,SHOP,NASDAQ,1,COMMON,
Financial Instrument Information,Data,Stocks,SIE,SIEMENS AG-REG,14217,DE0007236101,SIE,IBIS,1,COMMON,
Financial Instrument Information,Data,Stocks,TGT,TARGET CORP,6437,US87612E1064,TGT,NYSE,1,COMMON,
Financial Instrument Information,Data,Stocks,TIP,ISHARES TIPS BOND ETF,26787475,US4642871762,TIP,ARCA,1,ETF,
Financial Instrument Information,Data,Stocks,TSM,TAIWAN SEMICONDUCTOR-SP ADR,6223250,US8740391003,TSM,NYSE,1,ADR,
Financial Instrument Information,Data,Stocks,URA,GLOBAL X URANIUM ETF,211651685,US37954Y8710,URA,ARCA,1,ETF,
Financial Instrument Information,Header,Asset Category,Symbol,Description,Conid,Security ID,Underlying,Listing Exch,Multiplier,Code
Financial Instrument Information,Data,Mutual Funds,009957456,"FIDELITY FUNDS FIDELITY GLOBAL TECHNOLOGY ""A"" INC",717082393,LU0099574567,009957456,,1,
Financial Instrument Information,Data,Mutual Funds,010683190,"BLACKROCK LUX (LU) BGF WORLD FINANCIALS ""A2"" ACC",404131928,LU0106831901,010683190,,1,
Codes,Header,Code,Meaning,Code (Cont.),Meaning (Cont.)
Codes,Data,A,Assignment
Codes,Data,ADR,ADR Fee Accrual
Codes,Data,AEx,Automatic exercise for dividend-related recommendation.
Codes,Data,AFx,AutoFX conversion resulting from trading
Codes,Data,Adj,Adjustment
Codes,Data,Al,Allocation
Codes,Data,Aw,Away Trade
Codes,Data,B,Automatic Buy-in
Codes,Data,Bo,Direct Borrow
Codes,Data,C,Closing Trade
Codes,Data,CD,Cash Delivery
Codes,Data,CP,Complex Position
Codes,Data,Ca,Cancelled
Codes,Data,Co,Corrected Trade
Codes,Data,Cx,Part or all of this transaction was a Crossing executed as dual agent by Broker for two Broker customers
Codes,Data,DT,Discounted Trade
Codes,Data,De,Delivery or Conversion Action
Codes,Data,ETF,ETF Creation/Redemption
Codes,Data,Ep,Resulted from an Expired Position
Codes,Data,Ex,Exercise
Codes,Data,FP,"Broker acted as agent for the fractional share portion of this trade, which was executed by a Broker affiliate as principal."
Codes,Data,FPA,Broker acted as agent for both the fractional share portion and the whole share portion of this trade; the fractional share portion was executed by a Broker Affiliate as principal.
Codes,Data,G,Trade in Guaranteed Account Segment
Codes,Data,GEA,Exercise or Assignment resulting from offsetting positions
Codes,Data,HC,Highest Cost tax basis election
Codes,Data,HFI,Investment Transferred to Hedge Fund
Codes,Data,HFR,Redemption from Hedge Fund
Codes,Data,I,Internal Transfer
Codes,Data,IA,This transaction was executed against a Broker affiliate
Codes,Data,IM,A portion of the order was executed against a Broker affiliate; A broker acted as agent on a portion.
Codes,Data,INV,Investment Transfer from Investor
Codes,Data,IPO,This transaction was executed as part of an IPO in which Broker was a member of the selling group and is classified as a Principal trade.
Codes,Data,L,Ordered by Broker (Margin Violation)
Codes,Data,LD,Adjusted by Loss Disallowed from Wash Sale
Codes,Data,LF,Liquidation of fractional position by IB
Codes,Data,LI,"Last In, First Out (LIFO) tax basis election"
Codes,Data,LT,Long Term P/L
Codes,Data,Lo,Direct Loan
Codes,Data,M,Entered manually by Broker
Codes,Data,MEx,Manual exercise for dividend-related recommendation.
Codes,Data,ML,Maximize Losses tax basis election
Codes,Data,MLG,Maximize Long Term Gain tax basis election
Codes,Data,MLL,Maximize Long Term Loss tax basis election
Codes,Data,MSG,Maximize Short Term Gain tax basis election
Codes,Data,MSL,Maximize Short Term Loss tax basis election
Codes,Data,O,Opening Trade
Codes,Data,Off,Yes and No contracts offset to $1.00 cash settlement
Codes,Data,P,Partial Execution
Codes,Data,PE,Perpetual Investment
Codes,Data,PI,Price Improvement
Codes,Data,PTA,Post Trade Allocation
Codes,Data,Po,Interest or Dividend Accrual Posting
Codes,Data,Pr,Part or all of this transaction was executed by the Exchange as a Crossing by Broker against a Broker affiliate and is therefore classified as a Principal and not an agency trade
Codes,Data,R,Dividend Reinvestment
Codes,Data,RED,Redemption to Investor
Codes,Data,RI,Recurring Investment
Codes,Data,RP,"Broker acted as agent for the fractional share portion of this trade, which was executed by a Broker affiliate as riskless principal."
Codes,Data,RPA,Broker acted as agent for both the fractional share portion and the whole share portion of this trade; the fractional share portion was executed by a Broker Affiliate as riskless principal.
Codes,Data,Rb,Rebill
Codes,Data,Re,Interest or Dividend Accrual Reversal
Codes,Data,Ri,Reimbursement
Codes,Data,S0,Contract settled to zero value
Codes,Data,S1,Contract settled to $1.00
Codes,Data,SF,Trade is subject to IBKR Lite Surcharge Fee if volume of such trades exceeds 10% of the total monthly Lite trade volume
Codes,Data,SI,This order was solicited by Broker
Codes,Data,SL,Specific Lot tax basis election
Codes,Data,SO,This order was marked as solicited by your Introducing Broker
Codes,Data,SS,Customer designated this trade for shortened settlement and so is subject to execution at prices above the prevailing market
Codes,Data,ST,Short Term P/L
Codes,Data,Sw,Money Market Fund Sweep
Codes,Data,T,Transfer
Codes,Data,TO,This cryptocurrency is not supported in your account. You will not be able to sell it from your account but may transfer it out at any time.
Codes,Data,Un,Unvested shares from stock grant
Codes,Data,XCH,Mutual Fund Exchange Transaction
Notes/Legal Notes,Header,Type,Note
Notes/Legal Notes,Data,Notes,"Stock exchange transactions generally settle on the trade date plus one business day (T+1). Options, futures and US open-end mutual fund transactions also settle on trade date plus one business day. Some exchanges and other transaction types may have longer or shorter settlement periods. Ending settled cash reflects the cash that has actually settled."
Notes/Legal Notes,Data,Notes,Initial and maintenance margin requirements are available within the Account Window of the Trader Workstation.
Notes/Legal Notes,Data,Notes,"Interactive Brokers LLC receives compensation from fund companies in connection with the purchase and holding of fund shares by customers of Interactive Brokers LLC. Such compensation includes, but is not limited to, Rule 12b-1 fees that are paid out of the funds assets. The source and amount of any remuneration received by Interactive Brokers LLC in connection with a transaction will be furnished upon written request of the customer.  IB may share a portion of the compensation received from fund companies with your independent advisor or introducing broker."
Notes/Legal Notes,Data,Notes,"Quantities preceded by a ""-"" sign indicate sell transactions. Other transactions are purchases. "
Notes/Legal Notes,Data,Notes,"IB acts as agent in executing the fractional share portion of your order. In certain circumstances, IB routes the fractional portion of your order to an affiliate, which may execute the fractional portion of the order as principal. In such circumstances, this is indicated by the codes associated with the trade. If an IB affiliate acts as principal in executing any fractional share portion of your order, the order will be executed at the price displayed for the opposite side of the NBBO from your order (the offer if you are buying and the bid if you are selling) at the time of execution. If an IB affiliate is acting as riskless principal in connection with filling the fractional share portion of your order, the affiliate will execute the fractional share portion of your order at the price it receives for the execution of the whole share."
Notes/Legal Notes,Data,Notes,"In case of partial executions, commissions are charged on the total quantity executed on the original order. The commission is displayed on the first partial execution only."
Notes/Legal Notes,Data,Notes,Trade execution times are displayed in Eastern Time.
Notes/Legal Notes,Data,Notes,Applicable regulatory fees for your transactions are available on the IB website at www.interactivebrokers.com/en/accounts/fees/exchangeAndRegulatoryFees.php.
Notes/Legal Notes,Data,Notes,"Borrow Fee Rate represents the cost to borrow stock expressed in percent per annum. It is applied to the collateral value on the stock borrow contract and is separate from any interest earned on credit cash balances. Similarly, Loan Fee Rate represents the benefit to lend stock. A positive rate indicates a cost to the borrower/benefit to the lender and a negative rate indicates a benefit to the borrower/cost to the lender. In general, the fee rates for hard-to-borrow stocks are higher than for normal availability stocks."
Notes/Legal Notes,Data,Notes,Interest Rate on Customer Collateral represents the interest paid on the collateral posted to the customer's account and received from lending stock.  A positive rate indicates a benefit to the lender.
Notes/Legal Notes,Data,Notes,"The closing prices on this Activity Statement are indicative and may come from third-party sources. Interactive Brokers does not warrant the accuracy of the prices provided by third-party sources. Due to time zone differences, certain non-US mutual funds may deliver closing prices after the Activity Statement has been produced and the closing prices for such funds will reflect the previous day's price."
Notes/Legal Notes,Data,Notes,All Market Data and Research services are provided through Global Financial Information Services (GmbH).
Notes/Legal Notes,Data,Notes,"Market data is provided by Global Financial Information Services (GmbH). Your local broker collects amounts owed for fees and tax for such data on behalf of Global Financial Information Services (GmbH). Note, you are responsible for any applicable taxes relating to the provision of these services."
Notes/Legal Notes,Data,Notes,"For clients whose accounts are being managed by an advisor, trades shown may be part of a larger trade that was allocated across multiple client accounts, based on an allocation algorithm specified by the advisor prior to execution of the trade.  Times shown are times that trades were allocated to your account.  Execution time on the relevant market center is available upon your request."
Notes/Legal Notes,Data,Notes,"If you specified that your advisor is to receive a per-trade advisory fee, please note that the figures in the ""Commiss"" column in the transaction listings are gross amounts that include both IB's brokerage commission for the trade as well as the advisor's per-trade fee.  IB receives its standard published brokerage commissions on your trades ( see www.interactivebrokers.com ). To determine the advisor's per-trade fee for any trade, subtract IB's standard commission from the amount shown."
Notes/Legal Notes,Data,Notes,"FX rates used to display amounts in base currency for IBKR Managed Securities Lent (Stock Yield Enhancement Program), IBKR Managed Securities Collateral Held at IBSS (Stock Yield Enhancement Program) and IBKR Managed Securities Lent Activity (Stock Yield Enhancement Program) are as of the previous business day of the activity's report date.  There may be slight differences in converted amounts between sections due to rounding."
Notes/Legal Notes,Data,Notes,The stated commission rate on the Interactive Brokers website is for direct clients of Interactive Brokers. Clients managed by an advisor may pay additional commissions set by their advisor. Clients should contact their advisor about the rates that will apply to their account.
Notes/Legal Notes,Data,Notes,RUS denotes Ruble balances that have been restricted by Russian authorities.
Notes/Legal Notes,Data,Mutual Fund Notes,"All purchase and sales of mutual funds are calculated against the published NAV (Net Asset Value) of the underlying fund and is displayed on this confirmation as the ""C. Price"" (Closing Price). Due to any fees charged by a fund and/or any share rounding, the net price you pay may vary from the published NAV and is shown on this confirmation as the ""T. Price"" (Trade Price)."
Notes/Legal Notes,Data,Fixed Income Notes,"Call features for bonds or preferred stocks may affect the yield. For zero coupon, compound interest and multiplier securities, there are no periodic payments and securities may be callable below maturity value without notice to holder unless registered. For asset-backed securities, the actual yield may vary depending on the speed at which the underlying note is pre-paid. For additional information regarding bond yield, please contact the IB Help Desk at: ibkr.com/help. If this debt security is unrated by a nationally recognized statistical rating organization, it may pose a high risk of default. You should consult an independent advisor to determine whether unrated bonds are appropriate for your portfolio in light of your goals and your financial circumstances. Fees charged by bond trading centers are included in the cost of bond transactions."
Notes/Legal Notes,Data,Legal Notes,"Please promptly report any inaccuracy or discrepancy in this statement, or in your account. Contact the IB Customer Service Department in writing using the form available on the IB website. You may also contact IB by phone, but if you report an error by phone, you should re-confirm such oral communication in writing in order to protect your rights, including rights under the Securities Investor Protection Act (SIPA).Interactive Brokers:Interactive Brokers LLC, www.interactivebrokers.com, 877-442-2757 (U.S.)Interactive Brokers (UK) (Ltd), www.interactivebrokers.co.uk, 00800-42-276537 (Intl)Interactive Brokers Canada Inc., www.interactivebrokers.ca, 877-745-4222 (Can.)"
Notes/Legal Notes,Data,Legal Notes,"Unless otherwise noted, Interactive Brokers acted as agent in the execution of the above transactions. For those exchanges where IB is not a direct clearing member or custodian, IB may use one of the following clearing agents or sub-custodians: Interactive Brokers Australia Pty Limited; Interactive Brokers Canada Inc.; Interactive Brokers Hong Kong Limited; Interactive Brokers Ireland, Limited; Interactive Brokers Securities Japan, Inc.; Interactive Brokers (U.K.) Limited; IBKR Financial Services AG; ABN Amro Clearing Singapore Pte. Ltd.; Allfunds Bank, S.A.U.; Banco B3 S.A.; BBVA Bancomer, S.A.; BNP Securities Services, Milan Branch; BMO Bank N.A.; Citibank Europe plc; Skandinaviska Enskilda Banken AB (including select branches)."
Notes/Legal Notes,Data,Legal Notes,"IB acts as agent or riskless principal in foreign currency exchange transactions and as riskless principal in spot precious metals transactions.  Such transactions are executed against an IB affiliate or a third party, which acts as principal in such transactions and may have a long or short position and may have profited or lost in connection with the transaction.  Foreign currency exchange and spot precious metals transactions executed by Customer through IB are not regulated or overseen by the SEC or the CFTC."
Notes/Legal Notes,Data,Legal Notes,"IB accepts liquidity rebates or other order flow payments from Alternative Trading Systems, market makers and exchanges for certain orders in stocks. IB receives payment for some option orders pursuant to exchange-mandated marketing fee programs or other arrangements. The source and nature of any compensation received by IB in connection with any transaction is available upon written request of the customer. For further information, check the IB website and the Order Routing and Payment for Order Flow Disclosure provided when you opened your account and annually or visit ibkr.com/help.  "
Notes/Legal Notes,Data,Legal Notes,"For security futures trades, if not already indicated on this statement, information about the time of any transaction, the identity of the counterparty to the transaction, and whether IB is acting as agent or principal, as agent for the counterparty, as agent for both parties to the contract, or as principal, and if acting as principal, whether the transaction was a block transaction or an exchange for physicals transaction, will be available upon written request of the customer."
Notes/Legal Notes,Data,Legal Notes,Customer is requested to promptly advise Interactive Brokers of any material change in Customers investment objectives.
Notes/Legal Notes,Data,Legal Notes,"Interactive Brokers LLC, member Securities Investor Protection Corporation (SIPC), provides execution, clearing and carrying services for your account pursuant to an agreement with MATCAP WEALTH ADVISORS PRIVATE LIMITED. As with all securities firms, SIPC coverage provides protection against failure of a broker-dealer, not against loss of market value of securities.  Futures and options on futures are not covered by SIPC."
Notes/Legal Notes,Data,Legal Notes,"A financial statement of Interactive Brokers LLC is available for your personal inspection at www.interactivebrokers.com or at its offices, or a copy of it will be mailed upon your written request."
Notes/Legal Notes,Data,Legal Notes,"For trades executed on the ASX market, the ASX 24 market and the Cboe Australia market, this confirmation is issued subject to: (i) the Applicable Laws, the directions, decisions and requirements of the relevant market operator, the operating rules of the relevant market, the clearing rules and where relevant, the relevant settlement rules, (ii) the customs and usages of the relevant financial market, and (iii) the correction of errors and omissions. Trades in Cash Market Products (as that term is defined in the relevant ASIC market integrity rules) on ASX market and Cboe Australia are cleared by BNP Paribas, ARBN 149 440 291, AFSL 402467, who is a participant of ASX Clear Pty Ltd and ASX Settlement Pty Ltd. Trades in Derivative Products on ASX and all products on ASX 24 are cleared by Interactive Brokers Australia (“IBA”) as a participant of ASX Clear Pty Ltd and ASX Clear (Futures) Pty Ltd. If your transaction was a crossing transaction, IBA may have either acted on behalf of (i) both the buyer and seller of this transaction, or (ii) on behalf of the buyer or seller on one side of the transaction and acted as Principal on the other side. Under the Corporations Act 2001, where IBA enters into an exchange traded derivative on a customer's behalf, IBA is regarded as having issued the derivative to the customer."
Notes/Legal Notes,Data,Legal Notes,"For All Options Trades Executed on the Stock Exchange of Hong Kong (""SEHK""): (a) Options can involve a high degree of risk and may not be suitable for every investor. Investors should ensure they understand those risks before participating in the options market. (b) All options contracts executed on the SEHK were executed by Interactive Brokers Hong Kong Limited on behalf of Interactive Brokers LLC. (c) In the event of a default committed by Interactive Brokers LLC resulting in the client suffering any pecuniary loss, the client shall have a right to claim under the Investor Compensation Fund established under the Hong Kong Securities and Futures Ordinance, subject to the terms of the Investor Compensation Fund from time to time. (d) All Exchange Traded Options Business made for or on behalf of a client shall be subject to the relevant provisions of the constitution, Rules of The Stock Exchange of Hong Kong Limited (""SEHK Rules""), regulations, the Articles, customs and usages of SEHK, the Options Trading Rules, the Clearing Rules of SEOCH, the CCASS Rules and the laws of Hong Kong, which shall be binding on both Interactive Brokers LLC and the client."
Notes/Legal Notes,Data,Legal Notes,"Interactive Brokers LLC is a SIPC member. Deposits held away from Interactive Brokers LLC may not qualify under SIPC protection. Also, futures and options on futures are not covered by SIPC."
Notes/Legal Notes,Data,,Interactive Brokers LLC is a SIPC Member
